order_id,order_datetime,day_of_week,store_location,order_channel,delivery_platform,payment_method,customer_id,item_name,category,unit_price,quantity,line_total,order_total,order_item_count
ORD-002544,2025-01-01 07:16:48,Wednesday,Downtown,In Store,,Credit Card,CUST-2699,Iced Tea,Beverage,2.92,2,5.84,9.6,2
ORD-002544,2025-01-01 07:16:48,Wednesday,Downtown,In Store,,Credit Card,CUST-2699,Bagel w/ Cream Cheese,Pastry,3.76,1,3.76,9.6,2
ORD-002253,2025-01-01 09:11:47,Wednesday,Riverside,In Store,,Mobile Wallet,,Matcha Latte,Beverage,4.75,1,4.75,20.86,3
ORD-002253,2025-01-01 09:11:47,Wednesday,Riverside,In Store,,Mobile Wallet,,Breakfast Burrito,Food,7.7,1,7.7,20.86,3
ORD-002253,2025-01-01 09:11:47,Wednesday,Riverside,In Store,,Mobile Wallet,,Avocado Toast,Food,8.41,1,8.41,20.86,3
ORD-000600,2025-01-01 09:37:34,Wednesday,Campus,In Store,,Mobile Wallet,CUST-2495,Protein Box,Snack,7.14,1,7.14,16.18,3
ORD-000600,2025-01-01 09:37:34,Wednesday,Campus,In Store,,Mobile Wallet,CUST-2495,Espresso Shot,Beverage,2.26,1,2.26,16.18,3
ORD-000600,2025-01-01 09:37:34,Wednesday,Campus,In Store,,Mobile Wallet,CUST-2495,Scone,Pastry,3.39,2,6.78,16.18,3
ORD-002894,2025-01-01 12:11:31,Wednesday,Campus,In Store,,Credit Card,,Drip Coffee,Beverage,2.51,1,2.51,9.47,2
ORD-002894,2025-01-01 12:11:31,Wednesday,Campus,In Store,,Credit Card,,Protein Box,Snack,6.96,1,6.96,9.47,2
ORD-000010,2025-01-01 12:31:01,Wednesday,Riverside,In Store,,Debit Card,CUST-1986,Bag of Chips,Snack,2.4,1,2.4,15.68,4
ORD-000010,2025-01-01 12:31:01,Wednesday,Riverside,In Store,,Debit Card,CUST-1986,Bagel w/ Cream Cheese,Pastry,3.91,1,3.91,15.68,4
ORD-000010,2025-01-01 12:31:01,Wednesday,Riverside,In Store,,Debit Card,CUST-1986,Granola & Yogurt Cup,Snack,4.8,1,4.8,15.68,4
ORD-000010,2025-01-01 12:31:01,Wednesday,Riverside,In Store,,Debit Card,CUST-1986,Cappuccino,Beverage,4.57,1,4.57,15.68,4
ORD-000442,2025-01-02 08:19:40,Thursday,Campus,Mobile,,Credit Card,CUST-3678,Hot Chocolate,Beverage,4.02,1,4.02,11.61,3
ORD-000442,2025-01-02 08:19:40,Thursday,Campus,Mobile,,Credit Card,CUST-3678,Chocolate Chip Cookie,Pastry,2.34,1,2.34,11.61,3
ORD-000442,2025-01-02 08:19:40,Thursday,Campus,Mobile,,Credit Card,CUST-3678,Cold Brew,Beverage,5.25,1,5.25,11.61,3
ORD-001652,2025-01-02 08:27:52,Thursday,Uptown,In Store,,Credit Card,,Cold Brew,Beverage,4.64,1,4.64,12.83,3
ORD-001652,2025-01-02 08:27:52,Thursday,Uptown,In Store,,Credit Card,,Matcha Latte,Beverage,4.79,1,4.79,12.83,3
ORD-001652,2025-01-02 08:27:52,Thursday,Uptown,In Store,,Credit Card,,Croissant,Pastry,3.4,1,3.4,12.83,3
ORD-001121,2025-01-02 10:09:05,Thursday,Uptown,Mobile,,Credit Card,CUST-1917,Iced Tea,Beverage,3.49,1,3.49,11.98,2
ORD-001121,2025-01-02 10:09:05,Thursday,Uptown,Mobile,,Credit Card,CUST-1917,Caesar Salad,Food,8.49,1,8.49,11.98,2
ORD-001619,2025-01-02 10:11:53,Thursday,Downtown,In Store,,Debit Card,CUST-4325,Fruit Cup,Snack,4.28,1,4.28,11.39,2
ORD-001619,2025-01-02 10:11:53,Thursday,Downtown,In Store,,Debit Card,CUST-4325,Protein Box,Snack,7.11,1,7.11,11.39,2
ORD-000919,2025-01-02 12:52:24,Thursday,Downtown,Mobile,,Credit Card,CUST-4121,Turkey & Swiss Sandwich,Food,8.95,2,17.9,26.09,2
ORD-000919,2025-01-02 12:52:24,Thursday,Downtown,Mobile,,Credit Card,CUST-4121,Avocado Toast,Food,8.19,1,8.19,26.09,2
ORD-000546,2025-01-02 13:44:14,Thursday,Uptown,In Store,,Credit Card,,Protein Box,Snack,6.76,1,6.76,12.15,3
ORD-000546,2025-01-02 13:44:14,Thursday,Uptown,In Store,,Credit Card,,Iced Tea,Beverage,3.49,1,3.49,12.15,3
ORD-000546,2025-01-02 13:44:14,Thursday,Uptown,In Store,,Credit Card,,Bag of Chips,Snack,1.9,1,1.9,12.15,3
ORD-001374,2025-01-02 14:25:08,Thursday,Downtown,Mobile,,Credit Card,CUST-4806,Bagel w/ Cream Cheese,Pastry,3.97,1,3.97,12.44,3
ORD-001374,2025-01-02 14:25:08,Thursday,Downtown,Mobile,,Credit Card,CUST-4806,Chai Latte,Beverage,4.37,1,4.37,12.44,3
ORD-001374,2025-01-02 14:25:08,Thursday,Downtown,Mobile,,Credit Card,CUST-4806,Fruit Cup,Snack,4.1,1,4.1,12.44,3
ORD-001231,2025-01-02 16:09:08,Thursday,Riverside,Mobile,,Debit Card,CUST-4401,Avocado Toast,Food,8.25,1,8.25,8.25,1
ORD-001604,2025-01-02 16:54:58,Thursday,Uptown,In Store,,Mobile Wallet,,Turkey & Swiss Sandwich,Food,8.91,1,8.91,8.91,1
ORD-001607,2025-01-03 06:24:33,Friday,Campus,In Store,,Credit Card,CUST-1235,Blueberry Muffin,Pastry,3.67,1,3.67,6.16,2
ORD-001607,2025-01-03 06:24:33,Friday,Campus,In Store,,Credit Card,CUST-1235,Chocolate Chip Cookie,Pastry,2.49,1,2.49,6.16,2
ORD-002652,2025-01-03 07:46:17,Friday,Campus,In Store,,Debit Card,,Fruit Cup,Snack,3.79,2,7.58,7.58,1
ORD-001047,2025-01-03 08:30:02,Friday,Riverside,In Store,,Mobile Wallet,,Avocado Toast,Food,8.37,2,16.74,16.74,1
ORD-001722,2025-01-03 08:50:12,Friday,Campus,In Store,,Mobile Wallet,,Caesar Salad,Food,8.43,1,8.43,27.43,4
ORD-001722,2025-01-03 08:50:12,Friday,Campus,In Store,,Mobile Wallet,,Grilled Cheese,Food,6.51,1,6.51,27.43,4
ORD-001722,2025-01-03 08:50:12,Friday,Campus,In Store,,Mobile Wallet,,Drip Coffee,Beverage,2.89,1,2.89,27.43,4
ORD-001722,2025-01-03 08:50:12,Friday,Campus,In Store,,Mobile Wallet,,Granola & Yogurt Cup,Snack,4.8,2,9.6,27.43,4
ORD-000306,2025-01-03 09:26:32,Friday,Downtown,In Store,,Debit Card,CUST-1479,Bag of Chips,Snack,1.93,1,1.93,15.4,3
ORD-000306,2025-01-03 09:26:32,Friday,Downtown,In Store,,Debit Card,CUST-1479,Turkey & Swiss Sandwich,Food,8.53,1,8.53,15.4,3
ORD-000306,2025-01-03 09:26:32,Friday,Downtown,In Store,,Debit Card,CUST-1479,Matcha Latte,Beverage,4.94,1,4.94,15.4,3
ORD-002485,2025-01-03 13:36:40,Friday,Campus,In Store,,Credit Card,,Scone,Pastry,3.51,1,3.51,11.61,3
ORD-002485,2025-01-03 13:36:40,Friday,Campus,In Store,,Credit Card,,Drip Coffee,Beverage,2.97,1,2.97,11.61,3
ORD-002485,2025-01-03 13:36:40,Friday,Campus,In Store,,Credit Card,,Granola & Yogurt Cup,Snack,5.13,1,5.13,11.61,3
ORD-000694,2025-01-03 17:18:08,Friday,Campus,Mobile,,Credit Card,CUST-4669,Latte,Beverage,4.87,1,4.87,8.03,2
ORD-000694,2025-01-03 17:18:08,Friday,Campus,Mobile,,Credit Card,CUST-4669,Scone,Pastry,3.16,1,3.16,8.03,2
ORD-002787,2025-01-04 07:05:44,Saturday,Riverside,In Store,,Debit Card,,Fruit Cup,Snack,4.37,1,4.37,11.89,3
ORD-002787,2025-01-04 07:05:44,Saturday,Riverside,In Store,,Debit Card,,Iced Tea,Beverage,2.77,1,2.77,11.89,3
ORD-002787,2025-01-04 07:05:44,Saturday,Riverside,In Store,,Debit Card,,Latte,Beverage,4.75,1,4.75,11.89,3
ORD-002508,2025-01-04 07:57:10,Saturday,Campus,In Store,,Mobile Wallet,CUST-3969,Cold Brew,Beverage,4.59,1,4.59,4.59,1
ORD-002257,2025-01-04 08:43:21,Saturday,Downtown,In Store,,Mobile Wallet,,Protein Box,Snack,7.33,1,7.33,7.33,1
ORD-001739,2025-01-04 12:36:59,Saturday,Downtown,In Store,,Mobile Wallet,,Grilled Cheese,Food,6.96,2,13.92,13.92,1
ORD-000623,2025-01-04 14:44:34,Saturday,Uptown,Mobile,,Mobile Wallet,CUST-3708,Breakfast Burrito,Food,7.63,1,7.63,27.04,5
ORD-000623,2025-01-04 14:44:34,Saturday,Uptown,Mobile,,Mobile Wallet,CUST-3708,Caesar Salad,Food,8.17,1,8.17,27.04,5
ORD-000623,2025-01-04 14:44:34,Saturday,Uptown,Mobile,,Mobile Wallet,CUST-3708,Bag of Chips,Snack,2.47,1,2.47,27.04,5
ORD-000623,2025-01-04 14:44:34,Saturday,Uptown,Mobile,,Mobile Wallet,CUST-3708,Latte,Beverage,4.96,1,4.96,27.04,5
ORD-000623,2025-01-04 14:44:34,Saturday,Uptown,Mobile,,Mobile Wallet,CUST-3708,Scone,Pastry,3.81,1,3.81,27.04,5
ORD-002391,2025-01-05 08:03:47,Sunday,Downtown,In Store,,Debit Card,CUST-3289,Latte,Beverage,4.79,1,4.79,22.84,3
ORD-002391,2025-01-05 08:03:47,Sunday,Downtown,In Store,,Debit Card,CUST-3289,Caesar Salad,Food,8.51,1,8.51,22.84,3
ORD-002391,2025-01-05 08:03:47,Sunday,Downtown,In Store,,Debit Card,CUST-3289,Cold Brew,Beverage,4.77,2,9.54,22.84,3
ORD-000275,2025-01-05 08:22:28,Sunday,Uptown,In Store,,Cash,,Protein Box,Snack,6.99,2,13.98,13.98,1
ORD-001538,2025-01-05 08:58:17,Sunday,Campus,In Store,,Cash,CUST-2543,Drip Coffee,Beverage,2.74,1,2.74,7.06,2
ORD-001538,2025-01-05 08:58:17,Sunday,Campus,In Store,,Cash,CUST-2543,Cinnamon Roll,Pastry,4.32,1,4.32,7.06,2
ORD-001801,2025-01-05 09:36:43,Sunday,Downtown,Mobile,,Mobile Wallet,CUST-4843,Blueberry Muffin,Pastry,3.32,1,3.32,13.15,3
ORD-001801,2025-01-05 09:36:43,Sunday,Downtown,Mobile,,Mobile Wallet,CUST-4843,Granola & Yogurt Cup,Snack,5.23,1,5.23,13.15,3
ORD-001801,2025-01-05 09:36:43,Sunday,Downtown,Mobile,,Mobile Wallet,CUST-4843,Chai Latte,Beverage,4.6,1,4.6,13.15,3
ORD-002046,2025-01-05 09:54:00,Sunday,Riverside,In Store,,Debit Card,CUST-1077,Blueberry Muffin,Pastry,3.41,1,3.41,6.01,2
ORD-002046,2025-01-05 09:54:00,Sunday,Riverside,In Store,,Debit Card,CUST-1077,Chocolate Chip Cookie,Pastry,2.6,1,2.6,6.01,2
ORD-001420,2025-01-05 12:17:19,Sunday,Downtown,In Store,,Credit Card,,Americano,Beverage,3.23,1,3.23,15.73,3
ORD-001420,2025-01-05 12:17:19,Sunday,Downtown,In Store,,Credit Card,,Cappuccino,Beverage,4.37,1,4.37,15.73,3
ORD-001420,2025-01-05 12:17:19,Sunday,Downtown,In Store,,Credit Card,,Avocado Toast,Food,8.13,1,8.13,15.73,3
ORD-002788,2025-01-06 06:53:48,Monday,Campus,Mobile,,Debit Card,CUST-4268,Veggie Wrap,Food,8.25,2,16.5,24.85,3
ORD-002788,2025-01-06 06:53:48,Monday,Campus,Mobile,,Debit Card,CUST-4268,Croissant,Pastry,3.53,1,3.53,24.85,3
ORD-002788,2025-01-06 06:53:48,Monday,Campus,Mobile,,Debit Card,CUST-4268,Cold Brew,Beverage,4.82,1,4.82,24.85,3
ORD-001546,2025-01-06 07:57:04,Monday,Downtown,In Store,,Mobile Wallet,,Breakfast Burrito,Food,7.71,1,7.71,7.71,1
ORD-001459,2025-01-06 09:06:47,Monday,Downtown,In Store,,Cash,CUST-1936,Americano,Beverage,3.05,1,3.05,3.05,1
ORD-001364,2025-01-06 09:10:07,Monday,Downtown,Mobile,,Credit Card,CUST-2632,Cinnamon Roll,Pastry,4.05,1,4.05,4.05,1
ORD-002185,2025-01-06 09:12:14,Monday,Uptown,Delivery,DoorDash,Mobile Wallet,,Scone,Pastry,3.72,1,3.72,10.63,2
ORD-002185,2025-01-06 09:12:14,Monday,Uptown,Delivery,DoorDash,Mobile Wallet,,Protein Box,Snack,6.91,1,6.91,10.63,2
ORD-000139,2025-01-06 09:23:44,Monday,Downtown,In Store,,Mobile Wallet,CUST-2660,Grilled Cheese,Food,6.73,1,6.73,18.91,3
ORD-000139,2025-01-06 09:23:44,Monday,Downtown,In Store,,Mobile Wallet,CUST-2660,Fruit Cup,Snack,3.98,2,7.96,18.91,3
ORD-000139,2025-01-06 09:23:44,Monday,Downtown,In Store,,Mobile Wallet,CUST-2660,Hot Chocolate,Beverage,4.22,1,4.22,18.91,3
ORD-001412,2025-01-06 10:30:38,Monday,Downtown,In Store,,Cash,,Protein Box,Snack,6.71,1,6.71,6.71,1
ORD-000674,2025-01-06 12:57:38,Monday,Uptown,In Store,,Debit Card,,Iced Tea,Beverage,3.34,1,3.34,12.95,3
ORD-000674,2025-01-06 12:57:38,Monday,Uptown,In Store,,Debit Card,,Bag of Chips,Snack,2.12,2,4.24,12.95,3
ORD-000674,2025-01-06 12:57:38,Monday,Uptown,In Store,,Debit Card,,Granola & Yogurt Cup,Snack,5.37,1,5.37,12.95,3
ORD-000570,2025-01-06 13:09:28,Monday,Uptown,In Store,,Cash,,Cinnamon Roll,Pastry,4.23,1,4.23,10.98,2
ORD-000570,2025-01-06 13:09:28,Monday,Uptown,In Store,,Cash,,Grilled Cheese,Food,6.75,1,6.75,10.98,2
ORD-000683,2025-01-06 13:37:09,Monday,Downtown,In Store,,Mobile Wallet,CUST-4007,Cinnamon Roll,Pastry,4.33,1,4.33,4.33,1
ORD-002211,2025-01-06 13:39:09,Monday,Uptown,In Store,,Credit Card,,Protein Box,Snack,7.42,1,7.42,26.92,4
ORD-002211,2025-01-06 13:39:09,Monday,Uptown,In Store,,Credit Card,,Turkey & Swiss Sandwich,Food,8.94,1,8.94,26.92,4
ORD-002211,2025-01-06 13:39:09,Monday,Uptown,In Store,,Credit Card,,Grilled Cheese,Food,6.7,1,6.7,26.92,4
ORD-002211,2025-01-06 13:39:09,Monday,Uptown,In Store,,Credit Card,,Croissant,Pastry,3.86,1,3.86,26.92,4
ORD-001827,2025-01-06 14:11:19,Monday,Uptown,In Store,,Credit Card,,Americano,Beverage,3.63,2,7.26,25.13,4
ORD-001827,2025-01-06 14:11:19,Monday,Uptown,In Store,,Credit Card,,Grilled Cheese,Food,6.86,1,6.86,25.13,4
ORD-001827,2025-01-06 14:11:19,Monday,Uptown,In Store,,Credit Card,,Breakfast Burrito,Food,7.68,1,7.68,25.13,4
ORD-001827,2025-01-06 14:11:19,Monday,Uptown,In Store,,Credit Card,,Scone,Pastry,3.33,1,3.33,25.13,4
ORD-001519,2025-01-06 15:19:21,Monday,Campus,In Store,,Mobile Wallet,CUST-4998,Chocolate Chip Cookie,Pastry,2.57,1,2.57,2.57,1
ORD-001480,2025-01-06 18:18:37,Monday,Uptown,In Store,,Mobile Wallet,,Matcha Latte,Beverage,4.92,1,4.92,4.92,1
ORD-001213,2025-01-07 07:58:55,Tuesday,Downtown,Mobile,,Mobile Wallet,CUST-1283,Blueberry Muffin,Pastry,3.39,1,3.39,18.59,3
ORD-001213,2025-01-07 07:58:55,Tuesday,Downtown,Mobile,,Mobile Wallet,CUST-1283,Bagel w/ Cream Cheese,Pastry,3.71,3,11.13,18.59,3
ORD-001213,2025-01-07 07:58:55,Tuesday,Downtown,Mobile,,Mobile Wallet,CUST-1283,Cinnamon Roll,Pastry,4.07,1,4.07,18.59,3
ORD-000963,2025-01-07 08:11:55,Tuesday,Campus,In Store,,Mobile Wallet,,Breakfast Burrito,Food,7.45,1,7.45,11.14,2
ORD-000963,2025-01-07 08:11:55,Tuesday,Campus,In Store,,Mobile Wallet,,Blueberry Muffin,Pastry,3.69,1,3.69,11.14,2
ORD-001731,2025-01-07 08:25:33,Tuesday,Campus,Delivery,Uber Eats,Debit Card,CUST-4443,Latte,Beverage,4.74,1,4.74,19.11,3
ORD-001731,2025-01-07 08:25:33,Tuesday,Campus,Delivery,Uber Eats,Debit Card,CUST-4443,Matcha Latte,Beverage,5.42,1,5.42,19.11,3
ORD-001731,2025-01-07 08:25:33,Tuesday,Campus,Delivery,Uber Eats,Debit Card,CUST-4443,Turkey & Swiss Sandwich,Food,8.95,1,8.95,19.11,3
ORD-001545,2025-01-07 09:15:16,Tuesday,Downtown,In Store,,Debit Card,,Mocha,Beverage,4.79,1,4.79,17.95,3
ORD-001545,2025-01-07 09:15:16,Tuesday,Downtown,In Store,,Debit Card,,Americano,Beverage,3.56,1,3.56,17.95,3
ORD-001545,2025-01-07 09:15:16,Tuesday,Downtown,In Store,,Debit Card,,Iced Tea,Beverage,3.2,3,9.6,17.95,3
ORD-000577,2025-01-07 09:39:48,Tuesday,Riverside,Delivery,Grubhub,Credit Card,,Cappuccino,Beverage,4.28,1,4.28,4.28,1
ORD-002219,2025-01-07 09:47:50,Tuesday,Downtown,Mobile,,Mobile Wallet,CUST-3873,Breakfast Burrito,Food,7.08,1,7.08,7.08,1
ORD-000542,2025-01-07 12:04:37,Tuesday,Uptown,Mobile,,Mobile Wallet,CUST-1516,Croissant,Pastry,3.43,1,3.43,8.72,2
ORD-000542,2025-01-07 12:04:37,Tuesday,Uptown,Mobile,,Mobile Wallet,CUST-1516,Matcha Latte,Beverage,5.29,1,5.29,8.72,2
ORD-002252,2025-01-07 13:31:54,Tuesday,Riverside,In Store,,Cash,CUST-1307,Breakfast Burrito,Food,7.23,1,7.23,7.23,1
ORD-002881,2025-01-08 07:53:55,Wednesday,Downtown,In Store,,Cash,CUST-2838,Scone,Pastry,3.18,1,3.18,21.73,4
ORD-002881,2025-01-08 07:53:55,Wednesday,Downtown,In Store,,Cash,CUST-2838,Matcha Latte,Beverage,4.83,1,4.83,21.73,4
ORD-002881,2025-01-08 07:53:55,Wednesday,Downtown,In Store,,Cash,CUST-2838,Turkey & Swiss Sandwich,Food,8.53,1,8.53,21.73,4
ORD-002881,2025-01-08 07:53:55,Wednesday,Downtown,In Store,,Cash,CUST-2838,Cold Brew,Beverage,5.19,1,5.19,21.73,4
ORD-001702,2025-01-08 08:10:23,Wednesday,Uptown,In Store,,Credit Card,CUST-1591,Caesar Salad,Food,8.64,2,17.28,20.3,2
ORD-001702,2025-01-08 08:10:23,Wednesday,Uptown,In Store,,Credit Card,CUST-1591,Iced Tea,Beverage,3.02,1,3.02,20.3,2
ORD-002175,2025-01-08 08:47:30,Wednesday,Downtown,In Store,,Mobile Wallet,CUST-2007,Fruit Cup,Snack,4.08,1,4.08,9.02,2
ORD-002175,2025-01-08 08:47:30,Wednesday,Downtown,In Store,,Mobile Wallet,CUST-2007,Latte,Beverage,4.94,1,4.94,9.02,2
ORD-002002,2025-01-08 08:51:16,Wednesday,Uptown,Mobile,,Debit Card,CUST-3198,Blueberry Muffin,Pastry,3.18,1,3.18,8.23,2
ORD-002002,2025-01-08 08:51:16,Wednesday,Uptown,Mobile,,Debit Card,CUST-3198,Mocha,Beverage,5.05,1,5.05,8.23,2
ORD-002990,2025-01-08 09:11:31,Wednesday,Campus,In Store,,Cash,,Veggie Wrap,Food,7.51,1,7.51,7.51,1
ORD-002554,2025-01-08 10:18:45,Wednesday,Downtown,In Store,,Debit Card,CUST-3076,Cold Brew,Beverage,5.18,2,10.36,13.57,2
ORD-002554,2025-01-08 10:18:45,Wednesday,Downtown,In Store,,Debit Card,CUST-3076,Americano,Beverage,3.21,1,3.21,13.57,2
ORD-001272,2025-01-08 12:23:25,Wednesday,Riverside,In Store,,Mobile Wallet,,Fruit Cup,Snack,4.13,1,4.13,20.66,4
ORD-001272,2025-01-08 12:23:25,Wednesday,Riverside,In Store,,Mobile Wallet,,Latte,Beverage,4.52,2,9.04,20.66,4
ORD-001272,2025-01-08 12:23:25,Wednesday,Riverside,In Store,,Mobile Wallet,,Blueberry Muffin,Pastry,3.44,1,3.44,20.66,4
ORD-001272,2025-01-08 12:23:25,Wednesday,Riverside,In Store,,Mobile Wallet,,Cinnamon Roll,Pastry,4.05,1,4.05,20.66,4
ORD-000837,2025-01-08 13:04:21,Wednesday,Uptown,In Store,,Credit Card,CUST-3492,Americano,Beverage,3.48,1,3.48,18.61,3
ORD-000837,2025-01-08 13:04:21,Wednesday,Uptown,In Store,,Credit Card,CUST-3492,Veggie Wrap,Food,8.06,1,8.06,18.61,3
ORD-000837,2025-01-08 13:04:21,Wednesday,Uptown,In Store,,Credit Card,CUST-3492,Protein Box,Snack,7.07,1,7.07,18.61,3
ORD-001122,2025-01-08 15:34:28,Wednesday,Riverside,Delivery,Grubhub,Debit Card,CUST-1298,Fruit Cup,Snack,4.13,1,4.13,8.93,2
ORD-001122,2025-01-08 15:34:28,Wednesday,Riverside,Delivery,Grubhub,Debit Card,CUST-1298,Cold Brew,Beverage,4.8,1,4.8,8.93,2
ORD-000737,2025-01-08 16:15:52,Wednesday,Downtown,In Store,,Credit Card,,Iced Tea,Beverage,3.24,1,3.24,3.24,1
ORD-001744,2025-01-09 06:45:23,Thursday,Riverside,In Store,,Credit Card,,Croissant,Pastry,3.77,1,3.77,10.36,2
ORD-001744,2025-01-09 06:45:23,Thursday,Riverside,In Store,,Credit Card,,Grilled Cheese,Food,6.59,1,6.59,10.36,2
ORD-002587,2025-01-09 08:28:14,Thursday,Riverside,In Store,,Credit Card,,Chocolate Chip Cookie,Pastry,2.73,1,2.73,6.75,2
ORD-002587,2025-01-09 08:28:14,Thursday,Riverside,In Store,,Credit Card,,Bagel w/ Cream Cheese,Pastry,4.02,1,4.02,6.75,2
ORD-001571,2025-01-09 08:31:52,Thursday,Campus,In Store,,Cash,CUST-2590,Iced Tea,Beverage,3.05,1,3.05,11.63,2
ORD-001571,2025-01-09 08:31:52,Thursday,Campus,In Store,,Cash,CUST-2590,Latte,Beverage,4.29,2,8.58,11.63,2
ORD-000107,2025-01-09 10:04:22,Thursday,Downtown,In Store,,Debit Card,CUST-2443,Veggie Wrap,Food,8.02,1,8.02,10.35,2
ORD-000107,2025-01-09 10:04:22,Thursday,Downtown,In Store,,Debit Card,CUST-2443,Bag of Chips,Snack,2.33,1,2.33,10.35,2
ORD-000749,2025-01-09 13:54:54,Thursday,Downtown,In Store,,Credit Card,CUST-1317,Americano,Beverage,3.15,1,3.15,6.92,2
ORD-000749,2025-01-09 13:54:54,Thursday,Downtown,In Store,,Credit Card,CUST-1317,Scone,Pastry,3.77,1,3.77,6.92,2
ORD-002035,2025-01-09 14:17:24,Thursday,Campus,Delivery,DoorDash,Credit Card,,Blueberry Muffin,Pastry,3.24,1,3.24,16.47,4
ORD-002035,2025-01-09 14:17:24,Thursday,Campus,Delivery,DoorDash,Credit Card,,Granola & Yogurt Cup,Snack,5.1,1,5.1,16.47,4
ORD-002035,2025-01-09 14:17:24,Thursday,Campus,Delivery,DoorDash,Credit Card,,Drip Coffee,Beverage,2.97,1,2.97,16.47,4
ORD-002035,2025-01-09 14:17:24,Thursday,Campus,Delivery,DoorDash,Credit Card,,Mocha,Beverage,5.16,1,5.16,16.47,4
ORD-001767,2025-01-09 15:37:12,Thursday,Downtown,In Store,,Credit Card,CUST-1054,Scone,Pastry,3.62,1,3.62,3.62,1
ORD-001056,2025-01-09 15:41:31,Thursday,Uptown,In Store,,Cash,CUST-2518,Americano,Beverage,3.56,1,3.56,10.3,2
ORD-001056,2025-01-09 15:41:31,Thursday,Uptown,In Store,,Cash,CUST-2518,Grilled Cheese,Food,6.74,1,6.74,10.3,2
ORD-002396,2025-01-09 19:32:29,Thursday,Downtown,In Store,,Credit Card,CUST-2336,Grilled Cheese,Food,6.27,1,6.27,10.74,2
ORD-002396,2025-01-09 19:32:29,Thursday,Downtown,In Store,,Credit Card,CUST-2336,Latte,Beverage,4.47,1,4.47,10.74,2
ORD-000352,2025-01-10 10:22:22,Friday,Uptown,Mobile,,Mobile Wallet,CUST-2129,Veggie Wrap,Food,8.11,2,16.22,24.5,3
ORD-000352,2025-01-10 10:22:22,Friday,Uptown,Mobile,,Mobile Wallet,CUST-2129,Matcha Latte,Beverage,5.17,1,5.17,24.5,3
ORD-000352,2025-01-10 10:22:22,Friday,Uptown,Mobile,,Mobile Wallet,CUST-2129,Blueberry Muffin,Pastry,3.11,1,3.11,24.5,3
ORD-000294,2025-01-10 17:46:42,Friday,Downtown,Mobile,,Credit Card,CUST-2839,Bagel w/ Cream Cheese,Pastry,3.81,1,3.81,8.75,2
ORD-000294,2025-01-10 17:46:42,Friday,Downtown,Mobile,,Credit Card,CUST-2839,Cold Brew,Beverage,4.94,1,4.94,8.75,2
ORD-001561,2025-01-10 20:15:38,Friday,Uptown,Delivery,DoorDash,Credit Card,,Mocha,Beverage,5.0,1,5.0,5.0,1
ORD-001057,2025-01-11 07:56:06,Saturday,Riverside,In Store,,Debit Card,,Turkey & Swiss Sandwich,Food,8.72,2,17.44,47.13,3
ORD-001057,2025-01-11 07:56:06,Saturday,Riverside,In Store,,Debit Card,,Caesar Salad,Food,8.69,1,8.69,47.13,3
ORD-001057,2025-01-11 07:56:06,Saturday,Riverside,In Store,,Debit Card,,Breakfast Burrito,Food,7.0,3,21.0,47.13,3
ORD-000503,2025-01-11 08:46:12,Saturday,Campus,In Store,,Credit Card,,Caesar Salad,Food,8.64,2,17.28,20.38,2
ORD-000503,2025-01-11 08:46:12,Saturday,Campus,In Store,,Credit Card,,Iced Tea,Beverage,3.1,1,3.1,20.38,2
ORD-001058,2025-01-11 09:44:49,Saturday,Riverside,In Store,,Cash,,Granola & Yogurt Cup,Snack,5.27,1,5.27,5.27,1
ORD-001980,2025-01-11 10:47:14,Saturday,Riverside,Mobile,,Mobile Wallet,CUST-4936,Fruit Cup,Snack,4.16,3,12.48,12.48,1
ORD-000332,2025-01-11 13:22:46,Saturday,Downtown,In Store,,Mobile Wallet,,Grilled Cheese,Food,6.49,1,6.49,15.17,2
ORD-000332,2025-01-11 13:22:46,Saturday,Downtown,In Store,,Mobile Wallet,,Turkey & Swiss Sandwich,Food,8.68,1,8.68,15.17,2
ORD-001403,2025-01-11 13:27:51,Saturday,Downtown,In Store,,Cash,,Fruit Cup,Snack,4.27,1,4.27,12.1,3
ORD-001403,2025-01-11 13:27:51,Saturday,Downtown,In Store,,Cash,,Bag of Chips,Snack,2.37,1,2.37,12.1,3
ORD-001403,2025-01-11 13:27:51,Saturday,Downtown,In Store,,Cash,,Matcha Latte,Beverage,5.46,1,5.46,12.1,3
ORD-001392,2025-01-11 14:07:07,Saturday,Downtown,In Store,,Cash,CUST-4512,Avocado Toast,Food,8.18,1,8.18,11.77,2
ORD-001392,2025-01-11 14:07:07,Saturday,Downtown,In Store,,Cash,CUST-4512,Bagel w/ Cream Cheese,Pastry,3.59,1,3.59,11.77,2
ORD-001350,2025-01-11 14:47:10,Saturday,Downtown,Mobile,,Credit Card,CUST-2424,Granola & Yogurt Cup,Snack,5.0,1,5.0,25.42,4
ORD-001350,2025-01-11 14:47:10,Saturday,Downtown,Mobile,,Credit Card,CUST-2424,Cold Brew,Beverage,4.5,2,9.0,25.42,4
ORD-001350,2025-01-11 14:47:10,Saturday,Downtown,Mobile,,Credit Card,CUST-2424,Turkey & Swiss Sandwich,Food,8.49,1,8.49,25.42,4
ORD-001350,2025-01-11 14:47:10,Saturday,Downtown,Mobile,,Credit Card,CUST-2424,Iced Tea,Beverage,2.93,1,2.93,25.42,4
ORD-001507,2025-01-11 18:09:29,Saturday,Downtown,In Store,,Debit Card,,Caesar Salad,Food,8.63,1,8.63,13.66,2
ORD-001507,2025-01-11 18:09:29,Saturday,Downtown,In Store,,Debit Card,,Granola & Yogurt Cup,Snack,5.03,1,5.03,13.66,2
ORD-001486,2025-01-12 08:34:00,Sunday,Downtown,Mobile,,Mobile Wallet,CUST-4931,Cold Brew,Beverage,5.08,1,5.08,30.06,3
ORD-001486,2025-01-12 08:34:00,Sunday,Downtown,Mobile,,Mobile Wallet,CUST-4931,Breakfast Burrito,Food,7.58,2,15.16,30.06,3
ORD-001486,2025-01-12 08:34:00,Sunday,Downtown,Mobile,,Mobile Wallet,CUST-4931,Latte,Beverage,4.91,2,9.82,30.06,3
ORD-002399,2025-01-12 09:33:07,Sunday,Uptown,In Store,,Cash,CUST-2744,Chai Latte,Beverage,4.77,2,9.54,18.29,3
ORD-002399,2025-01-12 09:33:07,Sunday,Uptown,In Store,,Cash,CUST-2744,Hot Chocolate,Beverage,4.11,1,4.11,18.29,3
ORD-002399,2025-01-12 09:33:07,Sunday,Uptown,In Store,,Cash,CUST-2744,Espresso Shot,Beverage,2.32,2,4.64,18.29,3
ORD-002505,2025-01-12 09:43:00,Sunday,Uptown,In Store,,Cash,,Cappuccino,Beverage,4.26,1,4.26,4.26,1
ORD-002929,2025-01-12 11:11:09,Sunday,Campus,Delivery,DoorDash,Debit Card,CUST-3356,Caesar Salad,Food,8.51,1,8.51,12.32,2
ORD-002929,2025-01-12 11:11:09,Sunday,Campus,Delivery,DoorDash,Debit Card,CUST-3356,Fruit Cup,Snack,3.81,1,3.81,12.32,2
ORD-002270,2025-01-12 11:16:16,Sunday,Riverside,In Store,,Mobile Wallet,,Grilled Cheese,Food,6.41,1,6.41,10.62,2
ORD-002270,2025-01-12 11:16:16,Sunday,Riverside,In Store,,Mobile Wallet,,Bagel w/ Cream Cheese,Pastry,4.21,1,4.21,10.62,2
ORD-001425,2025-01-12 12:54:54,Sunday,Uptown,In Store,,Credit Card,CUST-3025,Cinnamon Roll,Pastry,4.19,1,4.19,4.19,1
ORD-002144,2025-01-12 15:15:17,Sunday,Riverside,Delivery,Uber Eats,Mobile Wallet,,Fruit Cup,Snack,3.76,1,3.76,20.15,5
ORD-002144,2025-01-12 15:15:17,Sunday,Riverside,Delivery,Uber Eats,Mobile Wallet,,Bagel w/ Cream Cheese,Pastry,3.99,1,3.99,20.15,5
ORD-002144,2025-01-12 15:15:17,Sunday,Riverside,Delivery,Uber Eats,Mobile Wallet,,Matcha Latte,Beverage,5.09,1,5.09,20.15,5
ORD-002144,2025-01-12 15:15:17,Sunday,Riverside,Delivery,Uber Eats,Mobile Wallet,,Scone,Pastry,3.27,1,3.27,20.15,5
ORD-002144,2025-01-12 15:15:17,Sunday,Riverside,Delivery,Uber Eats,Mobile Wallet,,Cappuccino,Beverage,4.04,1,4.04,20.15,5
ORD-002156,2025-01-12 15:21:21,Sunday,Riverside,Mobile,,Debit Card,CUST-4978,Matcha Latte,Beverage,5.13,1,5.13,10.01,2
ORD-002156,2025-01-12 15:21:21,Sunday,Riverside,Mobile,,Debit Card,CUST-4978,Cold Brew,Beverage,4.88,1,4.88,10.01,2
ORD-001903,2025-01-12 16:53:21,Sunday,Downtown,In Store,,Cash,,Cappuccino,Beverage,4.52,1,4.52,7.37,2
ORD-001903,2025-01-12 16:53:21,Sunday,Downtown,In Store,,Cash,,Espresso Shot,Beverage,2.85,1,2.85,7.37,2
ORD-001841,2025-01-12 16:55:54,Sunday,Downtown,In Store,,Cash,,Cappuccino,Beverage,4.16,3,12.48,15.58,2
ORD-001841,2025-01-12 16:55:54,Sunday,Downtown,In Store,,Cash,,Drip Coffee,Beverage,3.1,1,3.1,15.58,2
ORD-000933,2025-01-13 11:57:10,Monday,Uptown,In Store,,Debit Card,CUST-2773,Matcha Latte,Beverage,5.32,1,5.32,5.32,1
ORD-002659,2025-01-13 13:13:32,Monday,Downtown,In Store,,Mobile Wallet,,Espresso Shot,Beverage,2.28,2,4.56,10.82,2
ORD-002659,2025-01-13 13:13:32,Monday,Downtown,In Store,,Mobile Wallet,,Blueberry Muffin,Pastry,3.13,2,6.26,10.82,2
ORD-001000,2025-01-13 13:36:15,Monday,Downtown,Mobile,,Debit Card,CUST-3920,Avocado Toast,Food,8.03,1,8.03,14.63,3
ORD-001000,2025-01-13 13:36:15,Monday,Downtown,Mobile,,Debit Card,CUST-3920,Croissant,Pastry,3.58,1,3.58,14.63,3
ORD-001000,2025-01-13 13:36:15,Monday,Downtown,Mobile,,Debit Card,CUST-3920,Blueberry Muffin,Pastry,3.02,1,3.02,14.63,3
ORD-001692,2025-01-13 17:06:39,Monday,Riverside,In Store,,Credit Card,CUST-3511,Fruit Cup,Snack,4.27,1,4.27,4.27,1
ORD-002151,2025-01-13 19:58:19,Monday,Uptown,In Store,,Credit Card,,Turkey & Swiss Sandwich,Food,8.88,2,17.76,22.61,2
ORD-002151,2025-01-13 19:58:19,Monday,Uptown,In Store,,Credit Card,,Mocha,Beverage,4.85,1,4.85,22.61,2
ORD-002591,2025-01-14 07:37:42,Tuesday,Downtown,In Store,,Mobile Wallet,CUST-3074,Matcha Latte,Beverage,5.22,1,5.22,21.18,4
ORD-002591,2025-01-14 07:37:42,Tuesday,Downtown,In Store,,Mobile Wallet,CUST-3074,Blueberry Muffin,Pastry,3.21,1,3.21,21.18,4
ORD-002591,2025-01-14 07:37:42,Tuesday,Downtown,In Store,,Mobile Wallet,CUST-3074,Cinnamon Roll,Pastry,4.31,2,8.62,21.18,4
ORD-002591,2025-01-14 07:37:42,Tuesday,Downtown,In Store,,Mobile Wallet,CUST-3074,Fruit Cup,Snack,4.13,1,4.13,21.18,4
ORD-002208,2025-01-14 08:21:50,Tuesday,Uptown,Mobile,,Mobile Wallet,CUST-1047,Drip Coffee,Beverage,3.14,1,3.14,3.14,1
ORD-001141,2025-01-14 08:54:00,Tuesday,Downtown,Delivery,Uber Eats,Credit Card,,Veggie Wrap,Food,7.55,2,15.1,15.1,1
ORD-000215,2025-01-14 09:14:01,Tuesday,Riverside,Delivery,Uber Eats,Credit Card,,Cold Brew,Beverage,5.09,1,5.09,13.09,3
ORD-000215,2025-01-14 09:14:01,Tuesday,Riverside,Delivery,Uber Eats,Credit Card,,Chai Latte,Beverage,4.43,1,4.43,13.09,3
ORD-000215,2025-01-14 09:14:01,Tuesday,Riverside,Delivery,Uber Eats,Credit Card,,Americano,Beverage,3.57,1,3.57,13.09,3
ORD-000102,2025-01-14 11:25:32,Tuesday,Campus,In Store,,Cash,,Americano,Beverage,3.49,2,6.98,6.98,1
ORD-001586,2025-01-14 12:27:31,Tuesday,Uptown,In Store,,Credit Card,,Bagel w/ Cream Cheese,Pastry,3.6,1,3.6,8.95,2
ORD-001586,2025-01-14 12:27:31,Tuesday,Uptown,In Store,,Credit Card,,Mocha,Beverage,5.35,1,5.35,8.95,2
ORD-002736,2025-01-14 13:01:59,Tuesday,Uptown,In Store,,Credit Card,,Croissant,Pastry,3.64,1,3.64,3.64,1
ORD-000170,2025-01-14 18:29:45,Tuesday,Riverside,In Store,,Cash,,Chocolate Chip Cookie,Pastry,2.48,1,2.48,14.38,3
ORD-000170,2025-01-14 18:29:45,Tuesday,Riverside,In Store,,Cash,,Caesar Salad,Food,8.12,1,8.12,14.38,3
ORD-000170,2025-01-14 18:29:45,Tuesday,Riverside,In Store,,Cash,,Bagel w/ Cream Cheese,Pastry,3.78,1,3.78,14.38,3
ORD-002493,2025-01-15 07:13:06,Wednesday,Riverside,In Store,,Credit Card,CUST-3568,Avocado Toast,Food,7.81,1,7.81,7.81,1
ORD-001204,2025-01-15 08:11:17,Wednesday,Downtown,Mobile,,Credit Card,CUST-2525,Turkey & Swiss Sandwich,Food,8.69,1,8.69,27.87,4
ORD-001204,2025-01-15 08:11:17,Wednesday,Downtown,Mobile,,Credit Card,CUST-2525,Matcha Latte,Beverage,5.15,2,10.3,27.87,4
ORD-001204,2025-01-15 08:11:17,Wednesday,Downtown,Mobile,,Credit Card,CUST-2525,Bag of Chips,Snack,1.75,3,5.25,27.87,4
ORD-001204,2025-01-15 08:11:17,Wednesday,Downtown,Mobile,,Credit Card,CUST-2525,Scone,Pastry,3.63,1,3.63,27.87,4
ORD-000978,2025-01-15 18:28:04,Wednesday,Campus,In Store,,Debit Card,,Turkey & Swiss Sandwich,Food,8.44,1,8.44,16.33,2
ORD-000978,2025-01-15 18:28:04,Wednesday,Campus,In Store,,Debit Card,,Veggie Wrap,Food,7.89,1,7.89,16.33,2
ORD-001854,2025-01-15 19:50:15,Wednesday,Campus,In Store,,Mobile Wallet,,Matcha Latte,Beverage,4.77,2,9.54,9.54,1
ORD-002698,2025-01-16 07:16:11,Thursday,Campus,In Store,,Mobile Wallet,,Iced Tea,Beverage,2.99,1,2.99,7.18,2
ORD-002698,2025-01-16 07:16:11,Thursday,Campus,In Store,,Mobile Wallet,,Cappuccino,Beverage,4.19,1,4.19,7.18,2
ORD-000687,2025-01-16 09:14:05,Thursday,Uptown,Mobile,,Debit Card,CUST-2120,Croissant,Pastry,3.86,1,3.86,8.35,2
ORD-000687,2025-01-16 09:14:05,Thursday,Uptown,Mobile,,Debit Card,CUST-2120,Cappuccino,Beverage,4.49,1,4.49,8.35,2
ORD-000547,2025-01-16 12:09:18,Thursday,Riverside,In Store,,Cash,,Hot Chocolate,Beverage,4.16,1,4.16,4.16,1
ORD-000121,2025-01-16 12:40:34,Thursday,Riverside,In Store,,Mobile Wallet,CUST-4306,Cinnamon Roll,Pastry,4.1,1,4.1,11.83,3
ORD-000121,2025-01-16 12:40:34,Thursday,Riverside,In Store,,Mobile Wallet,CUST-4306,Cappuccino,Beverage,4.11,1,4.11,11.83,3
ORD-000121,2025-01-16 12:40:34,Thursday,Riverside,In Store,,Mobile Wallet,CUST-4306,Hot Chocolate,Beverage,3.62,1,3.62,11.83,3
ORD-002872,2025-01-16 20:02:19,Thursday,Downtown,In Store,,Debit Card,,Grilled Cheese,Food,6.93,1,6.93,29.13,4
ORD-002872,2025-01-16 20:02:19,Thursday,Downtown,In Store,,Debit Card,,Americano,Beverage,3.61,3,10.83,29.13,4
ORD-002872,2025-01-16 20:02:19,Thursday,Downtown,In Store,,Debit Card,,Avocado Toast,Food,8.32,1,8.32,29.13,4
ORD-002872,2025-01-16 20:02:19,Thursday,Downtown,In Store,,Debit Card,,Iced Tea,Beverage,3.05,1,3.05,29.13,4
ORD-002770,2025-01-17 08:25:07,Friday,Uptown,Delivery,Uber Eats,Credit Card,,Chai Latte,Beverage,4.94,1,4.94,4.94,1
ORD-003000,2025-01-17 08:54:36,Friday,Downtown,Mobile,,Mobile Wallet,CUST-2276,Fruit Cup,Snack,4.16,1,4.16,4.16,1
ORD-001166,2025-01-17 09:07:01,Friday,Campus,Mobile,,Debit Card,CUST-3311,Croissant,Pastry,4.0,1,4.0,26.11,4
ORD-001166,2025-01-17 09:07:01,Friday,Campus,Mobile,,Debit Card,CUST-3311,Veggie Wrap,Food,7.73,2,15.46,26.11,4
ORD-001166,2025-01-17 09:07:01,Friday,Campus,Mobile,,Debit Card,CUST-3311,Cinnamon Roll,Pastry,4.08,1,4.08,26.11,4
ORD-001166,2025-01-17 09:07:01,Friday,Campus,Mobile,,Debit Card,CUST-3311,Chocolate Chip Cookie,Pastry,2.57,1,2.57,26.11,4
ORD-002592,2025-01-17 12:17:06,Friday,Riverside,In Store,,Mobile Wallet,,Espresso Shot,Beverage,2.26,1,2.26,5.96,2
ORD-002592,2025-01-17 12:17:06,Friday,Riverside,In Store,,Mobile Wallet,,Americano,Beverage,3.7,1,3.7,5.96,2
ORD-002264,2025-01-17 15:30:33,Friday,Uptown,In Store,,Credit Card,CUST-3185,Blueberry Muffin,Pastry,3.54,1,3.54,11.55,2
ORD-002264,2025-01-17 15:30:33,Friday,Uptown,In Store,,Credit Card,CUST-3185,Avocado Toast,Food,8.01,1,8.01,11.55,2
ORD-002246,2025-01-17 17:34:22,Friday,Downtown,Delivery,DoorDash,Credit Card,CUST-4744,Iced Tea,Beverage,3.3,1,3.3,3.3,1
ORD-000401,2025-01-18 06:05:03,Saturday,Uptown,Delivery,Grubhub,Mobile Wallet,CUST-4923,Breakfast Burrito,Food,7.49,1,7.49,7.49,1
ORD-000476,2025-01-18 09:05:52,Saturday,Campus,Mobile,,Debit Card,CUST-4018,Iced Tea,Beverage,3.37,2,6.74,9.15,2
ORD-000476,2025-01-18 09:05:52,Saturday,Campus,Mobile,,Debit Card,CUST-4018,Bag of Chips,Snack,2.41,1,2.41,9.15,2
ORD-000801,2025-01-18 09:06:40,Saturday,Downtown,In Store,,Credit Card,,Veggie Wrap,Food,7.64,2,15.28,15.28,1
ORD-000774,2025-01-18 09:07:52,Saturday,Campus,Mobile,,Credit Card,CUST-4351,Cappuccino,Beverage,4.01,1,4.01,16.53,3
ORD-000774,2025-01-18 09:07:52,Saturday,Campus,Mobile,,Credit Card,CUST-4351,Matcha Latte,Beverage,5.32,1,5.32,16.53,3
ORD-000774,2025-01-18 09:07:52,Saturday,Campus,Mobile,,Credit Card,CUST-4351,Scone,Pastry,3.6,2,7.2,16.53,3
ORD-002601,2025-01-18 10:39:48,Saturday,Uptown,Delivery,DoorDash,Mobile Wallet,CUST-1053,Bagel w/ Cream Cheese,Pastry,3.95,1,3.95,7.3,2
ORD-002601,2025-01-18 10:39:48,Saturday,Uptown,Delivery,DoorDash,Mobile Wallet,CUST-1053,Scone,Pastry,3.35,1,3.35,7.3,2
ORD-001279,2025-01-18 15:15:04,Saturday,Riverside,In Store,,Mobile Wallet,,Granola & Yogurt Cup,Snack,5.05,1,5.05,10.49,2
ORD-001279,2025-01-18 15:15:04,Saturday,Riverside,In Store,,Mobile Wallet,,Matcha Latte,Beverage,5.44,1,5.44,10.49,2
ORD-002462,2025-01-19 07:21:27,Sunday,Uptown,In Store,,Credit Card,,Espresso Shot,Beverage,2.49,1,2.49,6.19,2
ORD-002462,2025-01-19 07:21:27,Sunday,Uptown,In Store,,Credit Card,,Scone,Pastry,3.7,1,3.7,6.19,2
ORD-002184,2025-01-19 09:14:45,Sunday,Downtown,In Store,,Cash,,Veggie Wrap,Food,8.06,1,8.06,11.01,2
ORD-002184,2025-01-19 09:14:45,Sunday,Downtown,In Store,,Cash,,Espresso Shot,Beverage,2.95,1,2.95,11.01,2
ORD-002191,2025-01-19 10:29:14,Sunday,Campus,Delivery,Uber Eats,Debit Card,CUST-2219,Turkey & Swiss Sandwich,Food,8.8,1,8.8,25.15,3
ORD-002191,2025-01-19 10:29:14,Sunday,Campus,Delivery,Uber Eats,Debit Card,CUST-2219,Caesar Salad,Food,8.54,1,8.54,25.15,3
ORD-002191,2025-01-19 10:29:14,Sunday,Campus,Delivery,Uber Eats,Debit Card,CUST-2219,Avocado Toast,Food,7.81,1,7.81,25.15,3
ORD-002712,2025-01-19 11:11:44,Sunday,Campus,In Store,,Cash,CUST-3882,Bag of Chips,Snack,2.24,1,2.24,5.9,2
ORD-002712,2025-01-19 11:11:44,Sunday,Campus,In Store,,Cash,CUST-3882,Bagel w/ Cream Cheese,Pastry,3.66,1,3.66,5.9,2
ORD-001094,2025-01-19 13:54:46,Sunday,Campus,In Store,,Cash,,Fruit Cup,Snack,4.07,1,4.07,11.1,2
ORD-001094,2025-01-19 13:54:46,Sunday,Campus,In Store,,Cash,,Protein Box,Snack,7.03,1,7.03,11.1,2
ORD-000799,2025-01-19 18:37:24,Sunday,Uptown,In Store,,Mobile Wallet,CUST-4321,Hot Chocolate,Beverage,3.88,1,3.88,17.81,3
ORD-000799,2025-01-19 18:37:24,Sunday,Uptown,In Store,,Mobile Wallet,CUST-4321,Mocha,Beverage,5.3,2,10.6,17.81,3
ORD-000799,2025-01-19 18:37:24,Sunday,Uptown,In Store,,Mobile Wallet,CUST-4321,Iced Tea,Beverage,3.33,1,3.33,17.81,3
ORD-000625,2025-01-19 18:57:39,Sunday,Downtown,Mobile,,Debit Card,CUST-1024,Iced Tea,Beverage,2.75,1,2.75,10.03,2
ORD-000625,2025-01-19 18:57:39,Sunday,Downtown,Mobile,,Debit Card,CUST-1024,Hot Chocolate,Beverage,3.64,2,7.28,10.03,2
ORD-001168,2025-01-20 08:51:58,Monday,Campus,Mobile,,Mobile Wallet,CUST-1941,Blueberry Muffin,Pastry,3.71,1,3.71,3.71,1
ORD-000792,2025-01-20 10:39:57,Monday,Uptown,Mobile,,Credit Card,CUST-1339,Latte,Beverage,4.89,1,4.89,8.42,2
ORD-000792,2025-01-20 10:39:57,Monday,Uptown,Mobile,,Credit Card,CUST-1339,Americano,Beverage,3.53,1,3.53,8.42,2
ORD-000463,2025-01-20 11:55:27,Monday,Campus,In Store,,Debit Card,CUST-2923,Blueberry Muffin,Pastry,3.37,1,3.37,6.36,2
ORD-000463,2025-01-20 11:55:27,Monday,Campus,In Store,,Debit Card,CUST-2923,Iced Tea,Beverage,2.99,1,2.99,6.36,2
ORD-002220,2025-01-20 15:35:53,Monday,Campus,In Store,,Debit Card,CUST-3318,Drip Coffee,Beverage,3.14,1,3.14,17.29,4
ORD-002220,2025-01-20 15:35:53,Monday,Campus,In Store,,Debit Card,CUST-3318,Bag of Chips,Snack,2.43,1,2.43,17.29,4
ORD-002220,2025-01-20 15:35:53,Monday,Campus,In Store,,Debit Card,CUST-3318,Blueberry Muffin,Pastry,3.31,1,3.31,17.29,4
ORD-002220,2025-01-20 15:35:53,Monday,Campus,In Store,,Debit Card,CUST-3318,Avocado Toast,Food,8.41,1,8.41,17.29,4
ORD-002350,2025-01-20 16:19:29,Monday,Downtown,In Store,,Cash,,Caesar Salad,Food,8.31,1,8.31,15.95,3
ORD-002350,2025-01-20 16:19:29,Monday,Downtown,In Store,,Cash,,Bag of Chips,Snack,2.0,2,4.0,15.95,3
ORD-002350,2025-01-20 16:19:29,Monday,Downtown,In Store,,Cash,,Hot Chocolate,Beverage,3.64,1,3.64,15.95,3
ORD-001124,2025-01-20 16:51:02,Monday,Uptown,Delivery,Grubhub,Mobile Wallet,,Matcha Latte,Beverage,5.2,1,5.2,32.64,3
ORD-001124,2025-01-20 16:51:02,Monday,Uptown,Delivery,Grubhub,Mobile Wallet,,Scone,Pastry,3.61,2,7.22,32.64,3
ORD-001124,2025-01-20 16:51:02,Monday,Uptown,Delivery,Grubhub,Mobile Wallet,,Grilled Cheese,Food,6.74,3,20.22,32.64,3
ORD-002774,2025-01-20 18:26:58,Monday,Uptown,Delivery,Uber Eats,Credit Card,,Breakfast Burrito,Food,7.08,3,21.24,29.44,2
ORD-002774,2025-01-20 18:26:58,Monday,Uptown,Delivery,Uber Eats,Credit Card,,Veggie Wrap,Food,8.2,1,8.2,29.44,2
ORD-001098,2025-01-21 08:19:57,Tuesday,Campus,In Store,,Credit Card,CUST-1972,Turkey & Swiss Sandwich,Food,8.41,1,8.41,16.81,2
ORD-001098,2025-01-21 08:19:57,Tuesday,Campus,In Store,,Credit Card,CUST-1972,Caesar Salad,Food,8.4,1,8.4,16.81,2
ORD-002369,2025-01-21 09:41:56,Tuesday,Campus,In Store,,Credit Card,CUST-3515,Chai Latte,Beverage,4.68,1,4.68,12.44,2
ORD-002369,2025-01-21 09:41:56,Tuesday,Campus,In Store,,Credit Card,CUST-3515,Avocado Toast,Food,7.76,1,7.76,12.44,2
ORD-001454,2025-01-21 11:26:35,Tuesday,Downtown,Mobile,,Credit Card,CUST-4269,Drip Coffee,Beverage,3.04,1,3.04,3.04,1
ORD-001276,2025-01-21 12:31:38,Tuesday,Downtown,Delivery,Grubhub,Mobile Wallet,,Chai Latte,Beverage,4.93,1,4.93,4.93,1
ORD-002730,2025-01-21 13:01:58,Tuesday,Downtown,In Store,,Debit Card,CUST-4028,Chai Latte,Beverage,4.66,1,4.66,4.66,1
ORD-001331,2025-01-21 15:37:50,Tuesday,Campus,Mobile,,Debit Card,CUST-4105,Grilled Cheese,Food,6.79,2,13.58,18.52,2
ORD-001331,2025-01-21 15:37:50,Tuesday,Campus,Mobile,,Debit Card,CUST-4105,Matcha Latte,Beverage,4.94,1,4.94,18.52,2
ORD-002313,2025-01-21 17:47:51,Tuesday,Downtown,In Store,,Mobile Wallet,CUST-2489,Breakfast Burrito,Food,7.2,1,7.2,7.2,1
ORD-000761,2025-01-21 18:34:34,Tuesday,Downtown,Mobile,,Debit Card,CUST-4409,Mocha,Beverage,5.09,1,5.09,19.89,3
ORD-000761,2025-01-21 18:34:34,Tuesday,Downtown,Mobile,,Debit Card,CUST-4409,Croissant,Pastry,3.68,2,7.36,19.89,3
ORD-000761,2025-01-21 18:34:34,Tuesday,Downtown,Mobile,,Debit Card,CUST-4409,Hot Chocolate,Beverage,3.72,2,7.44,19.89,3
ORD-001575,2025-01-22 07:45:34,Wednesday,Uptown,In Store,,Mobile Wallet,CUST-4337,Hot Chocolate,Beverage,4.24,2,8.48,34.77,4
ORD-001575,2025-01-22 07:45:34,Wednesday,Uptown,In Store,,Mobile Wallet,CUST-4337,Matcha Latte,Beverage,4.96,3,14.88,34.77,4
ORD-001575,2025-01-22 07:45:34,Wednesday,Uptown,In Store,,Mobile Wallet,CUST-4337,Iced Tea,Beverage,3.31,1,3.31,34.77,4
ORD-001575,2025-01-22 07:45:34,Wednesday,Uptown,In Store,,Mobile Wallet,CUST-4337,Caesar Salad,Food,8.1,1,8.1,34.77,4
ORD-001159,2025-01-22 08:46:02,Wednesday,Riverside,In Store,,Mobile Wallet,,Breakfast Burrito,Food,7.16,1,7.16,7.16,1
ORD-001212,2025-01-22 09:45:40,Wednesday,Campus,In Store,,Credit Card,CUST-3233,Espresso Shot,Beverage,2.42,1,2.42,13.24,2
ORD-001212,2025-01-22 09:45:40,Wednesday,Campus,In Store,,Credit Card,CUST-3233,Matcha Latte,Beverage,5.41,2,10.82,13.24,2
ORD-001366,2025-01-22 10:19:42,Wednesday,Uptown,Mobile,,Mobile Wallet,CUST-3437,Granola & Yogurt Cup,Snack,5.39,1,5.39,23.27,3
ORD-001366,2025-01-22 10:19:42,Wednesday,Uptown,Mobile,,Mobile Wallet,CUST-3437,Bag of Chips,Snack,2.4,1,2.4,23.27,3
ORD-001366,2025-01-22 10:19:42,Wednesday,Uptown,Mobile,,Mobile Wallet,CUST-3437,Matcha Latte,Beverage,5.16,3,15.48,23.27,3
ORD-001914,2025-01-22 12:13:31,Wednesday,Riverside,Delivery,Uber Eats,Mobile Wallet,CUST-2890,Breakfast Burrito,Food,7.08,2,14.16,14.16,1
ORD-002278,2025-01-22 12:42:36,Wednesday,Uptown,Delivery,DoorDash,Credit Card,,Veggie Wrap,Food,7.54,1,7.54,25.24,5
ORD-002278,2025-01-22 12:42:36,Wednesday,Uptown,Delivery,DoorDash,Credit Card,,Chocolate Chip Cookie,Pastry,2.74,2,5.48,25.24,5
ORD-002278,2025-01-22 12:42:36,Wednesday,Uptown,Delivery,DoorDash,Credit Card,,Cinnamon Roll,Pastry,4.07,1,4.07,25.24,5
ORD-002278,2025-01-22 12:42:36,Wednesday,Uptown,Delivery,DoorDash,Credit Card,,Croissant,Pastry,3.37,1,3.37,25.24,5
ORD-002278,2025-01-22 12:42:36,Wednesday,Uptown,Delivery,DoorDash,Credit Card,,Latte,Beverage,4.78,1,4.78,25.24,5
ORD-000330,2025-01-22 12:44:30,Wednesday,Uptown,Mobile,,Debit Card,CUST-4157,Cold Brew,Beverage,5.01,1,5.01,5.01,1
ORD-000944,2025-01-22 13:26:29,Wednesday,Riverside,Mobile,,Debit Card,CUST-2899,Cinnamon Roll,Pastry,4.46,1,4.46,19.46,4
ORD-000944,2025-01-22 13:26:29,Wednesday,Riverside,Mobile,,Debit Card,CUST-2899,Fruit Cup,Snack,3.97,1,3.97,19.46,4
ORD-000944,2025-01-22 13:26:29,Wednesday,Riverside,Mobile,,Debit Card,CUST-2899,Espresso Shot,Beverage,2.84,2,5.68,19.46,4
ORD-000944,2025-01-22 13:26:29,Wednesday,Riverside,Mobile,,Debit Card,CUST-2899,Granola & Yogurt Cup,Snack,5.35,1,5.35,19.46,4
ORD-001397,2025-01-22 13:53:32,Wednesday,Campus,Delivery,DoorDash,Debit Card,,Chocolate Chip Cookie,Pastry,2.31,1,2.31,25.84,4
ORD-001397,2025-01-22 13:53:32,Wednesday,Campus,Delivery,DoorDash,Debit Card,,Fruit Cup,Snack,3.89,2,7.78,25.84,4
ORD-001397,2025-01-22 13:53:32,Wednesday,Campus,Delivery,DoorDash,Debit Card,,Turkey & Swiss Sandwich,Food,8.56,1,8.56,25.84,4
ORD-001397,2025-01-22 13:53:32,Wednesday,Campus,Delivery,DoorDash,Debit Card,,Breakfast Burrito,Food,7.19,1,7.19,25.84,4
ORD-001609,2025-01-22 14:28:01,Wednesday,Campus,Delivery,DoorDash,Credit Card,,Matcha Latte,Beverage,4.91,1,4.91,4.91,1
ORD-002207,2025-01-22 15:19:07,Wednesday,Uptown,In Store,,Credit Card,CUST-1536,Grilled Cheese,Food,6.49,1,6.49,17.39,3
ORD-002207,2025-01-22 15:19:07,Wednesday,Uptown,In Store,,Credit Card,CUST-1536,Chocolate Chip Cookie,Pastry,2.33,1,2.33,17.39,3
ORD-002207,2025-01-22 15:19:07,Wednesday,Uptown,In Store,,Credit Card,CUST-1536,Caesar Salad,Food,8.57,1,8.57,17.39,3
ORD-000994,2025-01-22 16:17:06,Wednesday,Riverside,In Store,,Credit Card,,Latte,Beverage,4.42,1,4.42,28.67,4
ORD-000994,2025-01-22 16:17:06,Wednesday,Riverside,In Store,,Credit Card,,Caesar Salad,Food,8.42,2,16.84,28.67,4
ORD-000994,2025-01-22 16:17:06,Wednesday,Riverside,In Store,,Credit Card,,Mocha,Beverage,4.91,1,4.91,28.67,4
ORD-000994,2025-01-22 16:17:06,Wednesday,Riverside,In Store,,Credit Card,,Chocolate Chip Cookie,Pastry,2.5,1,2.5,28.67,4
ORD-000310,2025-01-22 16:23:39,Wednesday,Riverside,In Store,,Mobile Wallet,CUST-4130,Matcha Latte,Beverage,4.79,1,4.79,16.99,4
ORD-000310,2025-01-22 16:23:39,Wednesday,Riverside,In Store,,Mobile Wallet,CUST-4130,Blueberry Muffin,Pastry,3.36,1,3.36,16.99,4
ORD-000310,2025-01-22 16:23:39,Wednesday,Riverside,In Store,,Mobile Wallet,CUST-4130,Fruit Cup,Snack,4.21,1,4.21,16.99,4
ORD-000310,2025-01-22 16:23:39,Wednesday,Riverside,In Store,,Mobile Wallet,CUST-4130,Chai Latte,Beverage,4.63,1,4.63,16.99,4
ORD-000543,2025-01-23 07:19:37,Thursday,Riverside,In Store,,Debit Card,,Espresso Shot,Beverage,2.51,1,2.51,6.02,2
ORD-000543,2025-01-23 07:19:37,Thursday,Riverside,In Store,,Debit Card,,Bagel w/ Cream Cheese,Pastry,3.51,1,3.51,6.02,2
ORD-001698,2025-01-23 07:20:09,Thursday,Downtown,In Store,,Credit Card,,Hot Chocolate,Beverage,3.54,2,7.08,15.26,2
ORD-001698,2025-01-23 07:20:09,Thursday,Downtown,In Store,,Credit Card,,Avocado Toast,Food,8.18,1,8.18,15.26,2
ORD-000417,2025-01-23 08:03:59,Thursday,Uptown,In Store,,Cash,,Chai Latte,Beverage,4.69,1,4.69,4.69,1
ORD-002318,2025-01-23 08:12:25,Thursday,Campus,In Store,,Debit Card,CUST-1090,Espresso Shot,Beverage,2.5,1,2.5,7.59,2
ORD-002318,2025-01-23 08:12:25,Thursday,Campus,In Store,,Debit Card,CUST-1090,Matcha Latte,Beverage,5.09,1,5.09,7.59,2
ORD-002818,2025-01-23 08:16:25,Thursday,Riverside,Delivery,Uber Eats,Mobile Wallet,,Cold Brew,Beverage,4.64,1,4.64,20.23,4
ORD-002818,2025-01-23 08:16:25,Thursday,Riverside,Delivery,Uber Eats,Mobile Wallet,,Mocha,Beverage,5.38,2,10.76,20.23,4
ORD-002818,2025-01-23 08:16:25,Thursday,Riverside,Delivery,Uber Eats,Mobile Wallet,,Bag of Chips,Snack,1.99,1,1.99,20.23,4
ORD-002818,2025-01-23 08:16:25,Thursday,Riverside,Delivery,Uber Eats,Mobile Wallet,,Espresso Shot,Beverage,2.84,1,2.84,20.23,4
ORD-000697,2025-01-23 08:19:04,Thursday,Campus,In Store,,Debit Card,,Espresso Shot,Beverage,2.64,1,2.64,21.8,4
ORD-000697,2025-01-23 08:19:04,Thursday,Campus,In Store,,Debit Card,,Americano,Beverage,3.48,2,6.96,21.8,4
ORD-000697,2025-01-23 08:19:04,Thursday,Campus,In Store,,Debit Card,,Avocado Toast,Food,7.81,1,7.81,21.8,4
ORD-000697,2025-01-23 08:19:04,Thursday,Campus,In Store,,Debit Card,,Cinnamon Roll,Pastry,4.39,1,4.39,21.8,4
ORD-001880,2025-01-23 10:32:56,Thursday,Downtown,Delivery,DoorDash,Mobile Wallet,,Latte,Beverage,4.48,1,4.48,17.63,4
ORD-001880,2025-01-23 10:32:56,Thursday,Downtown,Delivery,DoorDash,Mobile Wallet,,Drip Coffee,Beverage,3.12,1,3.12,17.63,4
ORD-001880,2025-01-23 10:32:56,Thursday,Downtown,Delivery,DoorDash,Mobile Wallet,,Protein Box,Snack,7.01,1,7.01,17.63,4
ORD-001880,2025-01-23 10:32:56,Thursday,Downtown,Delivery,DoorDash,Mobile Wallet,,Blueberry Muffin,Pastry,3.02,1,3.02,17.63,4
ORD-001401,2025-01-23 11:25:16,Thursday,Downtown,Mobile,,Mobile Wallet,CUST-1711,Turkey & Swiss Sandwich,Food,8.46,1,8.46,8.46,1
ORD-002560,2025-01-23 14:39:43,Thursday,Campus,Mobile,,Debit Card,CUST-1586,Granola & Yogurt Cup,Snack,4.76,1,4.76,12.74,3
ORD-002560,2025-01-23 14:39:43,Thursday,Campus,Mobile,,Debit Card,CUST-1586,Latte,Beverage,4.85,1,4.85,12.74,3
ORD-002560,2025-01-23 14:39:43,Thursday,Campus,Mobile,,Debit Card,CUST-1586,Iced Tea,Beverage,3.13,1,3.13,12.74,3
ORD-001219,2025-01-23 15:00:11,Thursday,Downtown,In Store,,Cash,CUST-3138,Chocolate Chip Cookie,Pastry,2.93,1,2.93,6.4,2
ORD-001219,2025-01-23 15:00:11,Thursday,Downtown,In Store,,Cash,CUST-3138,Blueberry Muffin,Pastry,3.47,1,3.47,6.4,2
ORD-000484,2025-01-24 06:32:39,Friday,Campus,In Store,,Debit Card,CUST-4654,Avocado Toast,Food,8.08,1,8.08,18.4,2
ORD-000484,2025-01-24 06:32:39,Friday,Campus,In Store,,Debit Card,CUST-4654,Cold Brew,Beverage,5.16,2,10.32,18.4,2
ORD-002903,2025-01-24 08:00:17,Friday,Uptown,In Store,,Credit Card,,Veggie Wrap,Food,8.08,1,8.08,15.89,3
ORD-002903,2025-01-24 08:00:17,Friday,Uptown,In Store,,Credit Card,,Scone,Pastry,3.65,1,3.65,15.89,3
ORD-002903,2025-01-24 08:00:17,Friday,Uptown,In Store,,Credit Card,,Fruit Cup,Snack,4.16,1,4.16,15.89,3
ORD-001532,2025-01-24 08:03:59,Friday,Uptown,In Store,,Mobile Wallet,,Latte,Beverage,4.63,1,4.63,4.63,1
ORD-001328,2025-01-24 08:18:29,Friday,Downtown,In Store,,Cash,,Cold Brew,Beverage,4.6,1,4.6,4.6,1
ORD-001554,2025-01-24 08:21:53,Friday,Downtown,Mobile,,Mobile Wallet,CUST-1812,Cinnamon Roll,Pastry,3.97,1,3.97,8.89,2
ORD-001554,2025-01-24 08:21:53,Friday,Downtown,Mobile,,Mobile Wallet,CUST-1812,Mocha,Beverage,4.92,1,4.92,8.89,2
ORD-000771,2025-01-24 09:26:14,Friday,Uptown,In Store,,Credit Card,,Breakfast Burrito,Food,7.1,1,7.1,7.1,1
ORD-002877,2025-01-24 09:46:18,Friday,Riverside,In Store,,Debit Card,,Matcha Latte,Beverage,5.05,1,5.05,8.76,2
ORD-002877,2025-01-24 09:46:18,Friday,Riverside,In Store,,Debit Card,,Fruit Cup,Snack,3.71,1,3.71,8.76,2
ORD-001252,2025-01-24 10:04:02,Friday,Campus,In Store,,Cash,,Bag of Chips,Snack,2.08,1,2.08,4.39,2
ORD-001252,2025-01-24 10:04:02,Friday,Campus,In Store,,Cash,,Chocolate Chip Cookie,Pastry,2.31,1,2.31,4.39,2
ORD-000371,2025-01-24 10:35:51,Friday,Downtown,Mobile,,Mobile Wallet,CUST-1824,Protein Box,Snack,6.7,1,6.7,16.09,3
ORD-000371,2025-01-24 10:35:51,Friday,Downtown,Mobile,,Mobile Wallet,CUST-1824,Matcha Latte,Beverage,5.13,1,5.13,16.09,3
ORD-000371,2025-01-24 10:35:51,Friday,Downtown,Mobile,,Mobile Wallet,CUST-1824,Cappuccino,Beverage,4.26,1,4.26,16.09,3
ORD-001095,2025-01-24 12:06:07,Friday,Campus,Mobile,,Credit Card,CUST-4845,Mocha,Beverage,4.74,2,9.48,9.48,1
ORD-000818,2025-01-24 12:58:11,Friday,Riverside,Mobile,,Credit Card,CUST-2667,Protein Box,Snack,6.8,1,6.8,6.8,1
ORD-001928,2025-01-24 14:00:26,Friday,Campus,Mobile,,Debit Card,CUST-1444,Chai Latte,Beverage,4.53,1,4.53,18.52,5
ORD-001928,2025-01-24 14:00:26,Friday,Campus,Mobile,,Debit Card,CUST-1444,Fruit Cup,Snack,4.19,1,4.19,18.52,5
ORD-001928,2025-01-24 14:00:26,Friday,Campus,Mobile,,Debit Card,CUST-1444,Cinnamon Roll,Pastry,3.8,1,3.8,18.52,5
ORD-001928,2025-01-24 14:00:26,Friday,Campus,Mobile,,Debit Card,CUST-1444,Blueberry Muffin,Pastry,3.72,1,3.72,18.52,5
ORD-001928,2025-01-24 14:00:26,Friday,Campus,Mobile,,Debit Card,CUST-1444,Espresso Shot,Beverage,2.28,1,2.28,18.52,5
ORD-001777,2025-01-24 14:28:14,Friday,Campus,Delivery,Grubhub,Credit Card,CUST-3600,Caesar Salad,Food,8.02,1,8.02,25.52,3
ORD-001777,2025-01-24 14:28:14,Friday,Campus,Delivery,Grubhub,Credit Card,CUST-3600,Croissant,Pastry,3.25,3,9.75,25.52,3
ORD-001777,2025-01-24 14:28:14,Friday,Campus,Delivery,Grubhub,Credit Card,CUST-3600,Veggie Wrap,Food,7.75,1,7.75,25.52,3
ORD-002098,2025-01-24 15:33:19,Friday,Campus,Mobile,,Mobile Wallet,CUST-3085,Matcha Latte,Beverage,4.78,1,4.78,4.78,1
ORD-002889,2025-01-24 15:58:01,Friday,Riverside,In Store,,Cash,,Cinnamon Roll,Pastry,4.47,1,4.47,6.64,2
ORD-002889,2025-01-24 15:58:01,Friday,Riverside,In Store,,Cash,,Bag of Chips,Snack,2.17,1,2.17,6.64,2
ORD-000637,2025-01-24 18:03:50,Friday,Uptown,Delivery,Uber Eats,Mobile Wallet,,Cappuccino,Beverage,4.58,1,4.58,8.29,2
ORD-000637,2025-01-24 18:03:50,Friday,Uptown,Delivery,Uber Eats,Mobile Wallet,,Scone,Pastry,3.71,1,3.71,8.29,2
ORD-000594,2025-01-24 19:47:20,Friday,Uptown,Mobile,,Mobile Wallet,CUST-2984,Protein Box,Snack,7.4,2,14.8,22.12,2
ORD-000594,2025-01-24 19:47:20,Friday,Uptown,Mobile,,Mobile Wallet,CUST-2984,Breakfast Burrito,Food,7.32,1,7.32,22.12,2
ORD-000250,2025-01-25 13:26:28,Saturday,Riverside,In Store,,Mobile Wallet,,Caesar Salad,Food,8.23,1,8.23,8.23,1
ORD-001171,2025-01-25 15:18:23,Saturday,Riverside,Delivery,Uber Eats,Debit Card,CUST-2640,Grilled Cheese,Food,6.26,1,6.26,6.26,1
ORD-000505,2025-01-25 20:22:56,Saturday,Uptown,In Store,,Credit Card,,Iced Tea,Beverage,2.79,1,2.79,18.63,4
ORD-000505,2025-01-25 20:22:56,Saturday,Uptown,In Store,,Credit Card,,Cappuccino,Beverage,4.26,1,4.26,18.63,4
ORD-000505,2025-01-25 20:22:56,Saturday,Uptown,In Store,,Credit Card,,Protein Box,Snack,6.87,1,6.87,18.63,4
ORD-000505,2025-01-25 20:22:56,Saturday,Uptown,In Store,,Credit Card,,Latte,Beverage,4.71,1,4.71,18.63,4
ORD-002705,2025-01-26 08:22:48,Sunday,Riverside,In Store,,Credit Card,,Cinnamon Roll,Pastry,4.42,1,4.42,4.42,1
ORD-000748,2025-01-26 09:41:02,Sunday,Campus,In Store,,Debit Card,CUST-3938,Grilled Cheese,Food,6.98,3,20.94,20.94,1
ORD-001421,2025-01-26 10:47:46,Sunday,Uptown,Mobile,,Debit Card,CUST-3490,Espresso Shot,Beverage,2.63,1,2.63,25.0,5
ORD-001421,2025-01-26 10:47:46,Sunday,Uptown,Mobile,,Debit Card,CUST-3490,Veggie Wrap,Food,7.67,1,7.67,25.0,5
ORD-001421,2025-01-26 10:47:46,Sunday,Uptown,Mobile,,Debit Card,CUST-3490,Protein Box,Snack,7.42,1,7.42,25.0,5
ORD-001421,2025-01-26 10:47:46,Sunday,Uptown,Mobile,,Debit Card,CUST-3490,Mocha,Beverage,4.82,1,4.82,25.0,5
ORD-001421,2025-01-26 10:47:46,Sunday,Uptown,Mobile,,Debit Card,CUST-3490,Bag of Chips,Snack,2.46,1,2.46,25.0,5
ORD-001071,2025-01-26 12:38:34,Sunday,Uptown,Delivery,Grubhub,Mobile Wallet,CUST-3150,Matcha Latte,Beverage,5.37,1,5.37,8.49,2
ORD-001071,2025-01-26 12:38:34,Sunday,Uptown,Delivery,Grubhub,Mobile Wallet,CUST-3150,Iced Tea,Beverage,3.12,1,3.12,8.49,2
ORD-000938,2025-01-26 14:24:20,Sunday,Uptown,Mobile,,Debit Card,CUST-4348,Bagel w/ Cream Cheese,Pastry,3.64,1,3.64,3.64,1
ORD-001264,2025-01-26 14:49:21,Sunday,Campus,Delivery,Grubhub,Mobile Wallet,,Turkey & Swiss Sandwich,Food,8.71,3,26.13,26.13,1
ORD-000607,2025-01-27 08:32:41,Monday,Campus,In Store,,Credit Card,,Latte,Beverage,4.62,1,4.62,8.34,2
ORD-000607,2025-01-27 08:32:41,Monday,Campus,In Store,,Credit Card,,Americano,Beverage,3.72,1,3.72,8.34,2
ORD-000057,2025-01-27 08:35:08,Monday,Campus,Delivery,Uber Eats,Mobile Wallet,CUST-4986,Chai Latte,Beverage,4.56,1,4.56,11.49,2
ORD-000057,2025-01-27 08:35:08,Monday,Campus,Delivery,Uber Eats,Mobile Wallet,CUST-4986,Protein Box,Snack,6.93,1,6.93,11.49,2
ORD-000840,2025-01-27 09:40:04,Monday,Downtown,In Store,,Mobile Wallet,CUST-1808,Avocado Toast,Food,8.07,1,8.07,8.07,1
ORD-000191,2025-01-27 10:19:46,Monday,Uptown,Mobile,,Debit Card,CUST-3684,Americano,Beverage,3.36,1,3.36,3.36,1
ORD-001450,2025-01-27 14:16:06,Monday,Riverside,In Store,,Mobile Wallet,,Croissant,Pastry,3.72,2,7.44,7.44,1
ORD-001871,2025-01-27 16:47:59,Monday,Downtown,In Store,,Debit Card,CUST-4705,Cappuccino,Beverage,4.22,3,12.66,12.66,1
ORD-001329,2025-01-27 17:03:28,Monday,Campus,Mobile,,Debit Card,CUST-3705,Granola & Yogurt Cup,Snack,5.07,1,5.07,24.93,4
ORD-001329,2025-01-27 17:03:28,Monday,Campus,Mobile,,Debit Card,CUST-3705,Fruit Cup,Snack,4.01,2,8.02,24.93,4
ORD-001329,2025-01-27 17:03:28,Monday,Campus,Mobile,,Debit Card,CUST-3705,Americano,Beverage,3.62,1,3.62,24.93,4
ORD-001329,2025-01-27 17:03:28,Monday,Campus,Mobile,,Debit Card,CUST-3705,Cinnamon Roll,Pastry,4.11,2,8.22,24.93,4
ORD-001921,2025-01-27 17:43:46,Monday,Riverside,In Store,,Mobile Wallet,,Blueberry Muffin,Pastry,3.26,3,9.78,15.06,2
ORD-001921,2025-01-27 17:43:46,Monday,Riverside,In Store,,Mobile Wallet,,Espresso Shot,Beverage,2.64,2,5.28,15.06,2
ORD-002307,2025-01-27 18:50:21,Monday,Campus,In Store,,Debit Card,,Blueberry Muffin,Pastry,3.69,2,7.38,31.74,2
ORD-002307,2025-01-27 18:50:21,Monday,Campus,In Store,,Debit Card,,Veggie Wrap,Food,8.12,3,24.36,31.74,2
ORD-001505,2025-01-27 19:23:27,Monday,Downtown,In Store,,Mobile Wallet,,Drip Coffee,Beverage,2.56,1,2.56,8.87,2
ORD-001505,2025-01-27 19:23:27,Monday,Downtown,In Store,,Mobile Wallet,,Grilled Cheese,Food,6.31,1,6.31,8.87,2
ORD-001202,2025-01-28 08:40:21,Tuesday,Riverside,Mobile,,Credit Card,CUST-4790,Grilled Cheese,Food,6.57,2,13.14,13.14,1
ORD-002871,2025-01-28 08:41:20,Tuesday,Riverside,Mobile,,Credit Card,CUST-2398,Bag of Chips,Snack,2.17,1,2.17,6.77,2
ORD-002871,2025-01-28 08:41:20,Tuesday,Riverside,Mobile,,Credit Card,CUST-2398,Latte,Beverage,4.6,1,4.6,6.77,2
ORD-000811,2025-01-28 09:16:47,Tuesday,Campus,Mobile,,Mobile Wallet,CUST-2527,Iced Tea,Beverage,3.07,1,3.07,30.96,3
ORD-000811,2025-01-28 09:16:47,Tuesday,Campus,Mobile,,Mobile Wallet,CUST-2527,Turkey & Swiss Sandwich,Food,8.9,1,8.9,30.96,3
ORD-000811,2025-01-28 09:16:47,Tuesday,Campus,Mobile,,Mobile Wallet,CUST-2527,Grilled Cheese,Food,6.33,3,18.99,30.96,3
ORD-000928,2025-01-28 10:05:20,Tuesday,Riverside,Delivery,Grubhub,Credit Card,CUST-1872,Cappuccino,Beverage,4.68,1,4.68,4.68,1
ORD-000226,2025-01-28 10:27:05,Tuesday,Campus,In Store,,Credit Card,CUST-1847,Hot Chocolate,Beverage,3.86,3,11.58,11.58,1
ORD-001154,2025-01-28 12:11:02,Tuesday,Riverside,Delivery,Uber Eats,Mobile Wallet,,Avocado Toast,Food,7.97,1,7.97,19.7,4
ORD-001154,2025-01-28 12:11:02,Tuesday,Riverside,Delivery,Uber Eats,Mobile Wallet,,Scone,Pastry,3.81,1,3.81,19.7,4
ORD-001154,2025-01-28 12:11:02,Tuesday,Riverside,Delivery,Uber Eats,Mobile Wallet,,Cinnamon Roll,Pastry,4.27,1,4.27,19.7,4
ORD-001154,2025-01-28 12:11:02,Tuesday,Riverside,Delivery,Uber Eats,Mobile Wallet,,Croissant,Pastry,3.65,1,3.65,19.7,4
ORD-002861,2025-01-28 14:00:52,Tuesday,Uptown,Delivery,Uber Eats,Debit Card,,Cinnamon Roll,Pastry,3.78,1,3.78,23.76,3
ORD-002861,2025-01-28 14:00:52,Tuesday,Uptown,Delivery,Uber Eats,Debit Card,,Cappuccino,Beverage,4.06,1,4.06,23.76,3
ORD-002861,2025-01-28 14:00:52,Tuesday,Uptown,Delivery,Uber Eats,Debit Card,,Avocado Toast,Food,7.96,2,15.92,23.76,3
ORD-001793,2025-01-28 14:31:14,Tuesday,Uptown,Mobile,,Credit Card,CUST-1401,Blueberry Muffin,Pastry,3.16,1,3.16,7.47,2
ORD-001793,2025-01-28 14:31:14,Tuesday,Uptown,Mobile,,Credit Card,CUST-1401,Chai Latte,Beverage,4.31,1,4.31,7.47,2
ORD-002014,2025-01-28 17:29:51,Tuesday,Downtown,In Store,,Mobile Wallet,,Iced Tea,Beverage,3.45,1,3.45,44.51,5
ORD-002014,2025-01-28 17:29:51,Tuesday,Downtown,In Store,,Mobile Wallet,,Bagel w/ Cream Cheese,Pastry,3.83,2,7.66,44.51,5
ORD-002014,2025-01-28 17:29:51,Tuesday,Downtown,In Store,,Mobile Wallet,,Chai Latte,Beverage,4.7,2,9.4,44.51,5
ORD-002014,2025-01-28 17:29:51,Tuesday,Downtown,In Store,,Mobile Wallet,,Veggie Wrap,Food,8.11,2,16.22,44.51,5
ORD-002014,2025-01-28 17:29:51,Tuesday,Downtown,In Store,,Mobile Wallet,,Avocado Toast,Food,7.78,1,7.78,44.51,5
ORD-002018,2025-01-29 09:44:51,Wednesday,Uptown,In Store,,Mobile Wallet,,Americano,Beverage,3.52,1,3.52,48.08,5
ORD-002018,2025-01-29 09:44:51,Wednesday,Uptown,In Store,,Mobile Wallet,,Grilled Cheese,Food,6.9,3,20.7,48.08,5
ORD-002018,2025-01-29 09:44:51,Wednesday,Uptown,In Store,,Mobile Wallet,,Blueberry Muffin,Pastry,3.34,1,3.34,48.08,5
ORD-002018,2025-01-29 09:44:51,Wednesday,Uptown,In Store,,Mobile Wallet,,Mocha,Beverage,5.16,3,15.48,48.08,5
ORD-002018,2025-01-29 09:44:51,Wednesday,Uptown,In Store,,Mobile Wallet,,Granola & Yogurt Cup,Snack,5.04,1,5.04,48.08,5
ORD-000200,2025-01-29 09:47:42,Wednesday,Downtown,Mobile,,Credit Card,CUST-3899,Drip Coffee,Beverage,3.21,1,3.21,3.21,1
ORD-000092,2025-01-29 10:04:19,Wednesday,Downtown,In Store,,Cash,,Veggie Wrap,Food,8.14,2,16.28,16.28,1
ORD-002228,2025-01-29 10:09:00,Wednesday,Uptown,Mobile,,Debit Card,CUST-1815,Americano,Beverage,3.47,3,10.41,20.34,3
ORD-002228,2025-01-29 10:09:00,Wednesday,Uptown,Mobile,,Debit Card,CUST-1815,Granola & Yogurt Cup,Snack,4.95,1,4.95,20.34,3
ORD-002228,2025-01-29 10:09:00,Wednesday,Uptown,Mobile,,Debit Card,CUST-1815,Mocha,Beverage,4.98,1,4.98,20.34,3
ORD-002294,2025-01-29 10:23:21,Wednesday,Riverside,In Store,,Debit Card,,Bag of Chips,Snack,2.07,3,6.21,39.44,5
ORD-002294,2025-01-29 10:23:21,Wednesday,Riverside,In Store,,Debit Card,,Chocolate Chip Cookie,Pastry,2.53,1,2.53,39.44,5
ORD-002294,2025-01-29 10:23:21,Wednesday,Riverside,In Store,,Debit Card,,Protein Box,Snack,7.19,3,21.57,39.44,5
ORD-002294,2025-01-29 10:23:21,Wednesday,Riverside,In Store,,Debit Card,,Cold Brew,Beverage,5.15,1,5.15,39.44,5
ORD-002294,2025-01-29 10:23:21,Wednesday,Riverside,In Store,,Debit Card,,Croissant,Pastry,3.98,1,3.98,39.44,5
ORD-002876,2025-01-29 10:35:01,Wednesday,Campus,Delivery,Uber Eats,Mobile Wallet,,Turkey & Swiss Sandwich,Food,8.8,1,8.8,14.02,2
ORD-002876,2025-01-29 10:35:01,Wednesday,Campus,Delivery,Uber Eats,Mobile Wallet,,Cold Brew,Beverage,5.22,1,5.22,14.02,2
ORD-001153,2025-01-29 10:42:57,Wednesday,Campus,In Store,,Cash,CUST-3899,Espresso Shot,Beverage,2.27,1,2.27,25.5,4
ORD-001153,2025-01-29 10:42:57,Wednesday,Campus,In Store,,Cash,CUST-3899,Turkey & Swiss Sandwich,Food,8.52,1,8.52,25.5,4
ORD-001153,2025-01-29 10:42:57,Wednesday,Campus,In Store,,Cash,CUST-3899,Iced Tea,Beverage,3.14,2,6.28,25.5,4
ORD-001153,2025-01-29 10:42:57,Wednesday,Campus,In Store,,Cash,CUST-3899,Avocado Toast,Food,8.43,1,8.43,25.5,4
ORD-002090,2025-01-29 11:18:03,Wednesday,Uptown,In Store,,Mobile Wallet,,Granola & Yogurt Cup,Snack,5.04,1,5.04,9.47,2
ORD-002090,2025-01-29 11:18:03,Wednesday,Uptown,In Store,,Mobile Wallet,,Cinnamon Roll,Pastry,4.43,1,4.43,9.47,2
ORD-000202,2025-01-29 12:36:10,Wednesday,Riverside,In Store,,Cash,,Granola & Yogurt Cup,Snack,4.99,1,4.99,16.88,3
ORD-000202,2025-01-29 12:36:10,Wednesday,Riverside,In Store,,Cash,,Chai Latte,Beverage,4.43,2,8.86,16.88,3
ORD-000202,2025-01-29 12:36:10,Wednesday,Riverside,In Store,,Cash,,Americano,Beverage,3.03,1,3.03,16.88,3
ORD-001887,2025-01-29 15:21:46,Wednesday,Campus,In Store,,Mobile Wallet,CUST-3279,Scone,Pastry,3.45,1,3.45,3.45,1
ORD-000622,2025-01-30 07:18:35,Thursday,Downtown,Delivery,Grubhub,Debit Card,,Bagel w/ Cream Cheese,Pastry,4.17,3,12.51,24.64,3
ORD-000622,2025-01-30 07:18:35,Thursday,Downtown,Delivery,Grubhub,Debit Card,,Scone,Pastry,3.45,1,3.45,24.64,3
ORD-000622,2025-01-30 07:18:35,Thursday,Downtown,Delivery,Grubhub,Debit Card,,Caesar Salad,Food,8.68,1,8.68,24.64,3
ORD-001995,2025-01-30 08:23:52,Thursday,Riverside,In Store,,Cash,,Hot Chocolate,Beverage,4.0,1,4.0,25.54,5
ORD-001995,2025-01-30 08:23:52,Thursday,Riverside,In Store,,Cash,,Avocado Toast,Food,8.11,1,8.11,25.54,5
ORD-001995,2025-01-30 08:23:52,Thursday,Riverside,In Store,,Cash,,Granola & Yogurt Cup,Snack,5.06,1,5.06,25.54,5
ORD-001995,2025-01-30 08:23:52,Thursday,Riverside,In Store,,Cash,,Scone,Pastry,3.49,1,3.49,25.54,5
ORD-001995,2025-01-30 08:23:52,Thursday,Riverside,In Store,,Cash,,Latte,Beverage,4.88,1,4.88,25.54,5
ORD-001324,2025-01-30 08:34:50,Thursday,Riverside,Mobile,,Credit Card,CUST-1669,Turkey & Swiss Sandwich,Food,8.46,1,8.46,8.46,1
ORD-002099,2025-01-30 08:52:51,Thursday,Campus,In Store,,Credit Card,CUST-1184,Cinnamon Roll,Pastry,4.21,1,4.21,12.44,3
ORD-002099,2025-01-30 08:52:51,Thursday,Campus,In Store,,Credit Card,CUST-1184,Matcha Latte,Beverage,4.91,1,4.91,12.44,3
ORD-002099,2025-01-30 08:52:51,Thursday,Campus,In Store,,Credit Card,CUST-1184,Iced Tea,Beverage,3.32,1,3.32,12.44,3
ORD-000235,2025-01-30 09:29:03,Thursday,Uptown,Delivery,Uber Eats,Debit Card,,Veggie Wrap,Food,7.68,1,7.68,11.01,2
ORD-000235,2025-01-30 09:29:03,Thursday,Uptown,Delivery,Uber Eats,Debit Card,,Americano,Beverage,3.33,1,3.33,11.01,2
ORD-002681,2025-01-30 09:59:32,Thursday,Campus,In Store,,Debit Card,,Croissant,Pastry,3.36,1,3.36,8.31,2
ORD-002681,2025-01-30 09:59:32,Thursday,Campus,In Store,,Debit Card,,Latte,Beverage,4.95,1,4.95,8.31,2
ORD-002988,2025-01-30 11:35:43,Thursday,Campus,Delivery,Grubhub,Credit Card,,Veggie Wrap,Food,7.7,1,7.7,13.11,2
ORD-002988,2025-01-30 11:35:43,Thursday,Campus,Delivery,Grubhub,Credit Card,,Mocha,Beverage,5.41,1,5.41,13.11,2
ORD-000017,2025-01-30 12:34:03,Thursday,Downtown,Mobile,,Credit Card,CUST-3392,Scone,Pastry,3.53,1,3.53,12.63,2
ORD-000017,2025-01-30 12:34:03,Thursday,Downtown,Mobile,,Credit Card,CUST-3392,Cold Brew,Beverage,4.55,2,9.1,12.63,2
ORD-002460,2025-01-30 13:39:20,Thursday,Uptown,Mobile,,Credit Card,CUST-1769,Caesar Salad,Food,8.69,1,8.69,13.09,2
ORD-002460,2025-01-30 13:39:20,Thursday,Uptown,Mobile,,Credit Card,CUST-1769,Cinnamon Roll,Pastry,4.4,1,4.4,13.09,2
ORD-002633,2025-01-30 14:17:59,Thursday,Campus,Mobile,,Mobile Wallet,CUST-1433,Drip Coffee,Beverage,2.59,2,5.18,5.18,1
ORD-001247,2025-01-31 06:55:26,Friday,Downtown,Mobile,,Credit Card,CUST-2308,Mocha,Beverage,5.4,2,10.8,10.8,1
ORD-001712,2025-01-31 08:15:04,Friday,Campus,Mobile,,Debit Card,CUST-3564,Cinnamon Roll,Pastry,4.37,1,4.37,7.02,2
ORD-001712,2025-01-31 08:15:04,Friday,Campus,Mobile,,Debit Card,CUST-3564,Drip Coffee,Beverage,2.65,1,2.65,7.02,2
ORD-000831,2025-01-31 09:25:53,Friday,Downtown,Mobile,,Debit Card,CUST-2636,Scone,Pastry,3.24,1,3.24,19.58,3
ORD-000831,2025-01-31 09:25:53,Friday,Downtown,Mobile,,Debit Card,CUST-2636,Veggie Wrap,Food,7.7,1,7.7,19.58,3
ORD-000831,2025-01-31 09:25:53,Friday,Downtown,Mobile,,Debit Card,CUST-2636,Cinnamon Roll,Pastry,4.32,2,8.64,19.58,3
ORD-002983,2025-01-31 10:34:08,Friday,Uptown,Mobile,,Debit Card,CUST-1588,Caesar Salad,Food,8.02,1,8.02,33.17,3
ORD-002983,2025-01-31 10:34:08,Friday,Uptown,Mobile,,Debit Card,CUST-1588,Grilled Cheese,Food,7.0,3,21.0,33.17,3
ORD-002983,2025-01-31 10:34:08,Friday,Uptown,Mobile,,Debit Card,CUST-1588,Cappuccino,Beverage,4.15,1,4.15,33.17,3
ORD-000951,2025-01-31 11:14:40,Friday,Riverside,In Store,,Mobile Wallet,,Breakfast Burrito,Food,7.45,2,14.9,27.98,3
ORD-000951,2025-01-31 11:14:40,Friday,Riverside,In Store,,Mobile Wallet,,Bagel w/ Cream Cheese,Pastry,3.64,2,7.28,27.98,3
ORD-000951,2025-01-31 11:14:40,Friday,Riverside,In Store,,Mobile Wallet,,Iced Tea,Beverage,2.9,2,5.8,27.98,3
ORD-001241,2025-01-31 11:17:34,Friday,Campus,In Store,,Mobile Wallet,CUST-3244,Grilled Cheese,Food,6.92,3,20.76,20.76,1
ORD-000450,2025-01-31 11:58:16,Friday,Riverside,In Store,,Cash,,Avocado Toast,Food,8.41,2,16.82,35.87,3
ORD-000450,2025-01-31 11:58:16,Friday,Riverside,In Store,,Cash,,Mocha,Beverage,4.77,1,4.77,35.87,3
ORD-000450,2025-01-31 11:58:16,Friday,Riverside,In Store,,Cash,,Breakfast Burrito,Food,7.14,2,14.28,35.87,3
ORD-000942,2025-01-31 13:52:27,Friday,Campus,In Store,,Cash,,Fruit Cup,Snack,3.9,1,3.9,18.15,3
ORD-000942,2025-01-31 13:52:27,Friday,Campus,In Store,,Cash,,Avocado Toast,Food,8.21,1,8.21,18.15,3
ORD-000942,2025-01-31 13:52:27,Friday,Campus,In Store,,Cash,,Iced Tea,Beverage,3.02,2,6.04,18.15,3
ORD-000143,2025-01-31 18:04:59,Friday,Riverside,In Store,,Mobile Wallet,CUST-1554,Chocolate Chip Cookie,Pastry,2.31,1,2.31,15.87,3
ORD-000143,2025-01-31 18:04:59,Friday,Riverside,In Store,,Mobile Wallet,CUST-1554,Veggie Wrap,Food,8.19,1,8.19,15.87,3
ORD-000143,2025-01-31 18:04:59,Friday,Riverside,In Store,,Mobile Wallet,CUST-1554,Granola & Yogurt Cup,Snack,5.37,1,5.37,15.87,3
ORD-001738,2025-02-01 08:08:55,Saturday,Riverside,In Store,,Mobile Wallet,CUST-1977,Turkey & Swiss Sandwich,Food,8.39,1,8.39,8.39,1
ORD-001165,2025-02-01 11:46:05,Saturday,Downtown,In Store,,Mobile Wallet,CUST-1518,Iced Tea,Beverage,3.4,1,3.4,18.43,4
ORD-001165,2025-02-01 11:46:05,Saturday,Downtown,In Store,,Mobile Wallet,CUST-1518,Scone,Pastry,3.86,1,3.86,18.43,4
ORD-001165,2025-02-01 11:46:05,Saturday,Downtown,In Store,,Mobile Wallet,CUST-1518,Veggie Wrap,Food,8.16,1,8.16,18.43,4
ORD-001165,2025-02-01 11:46:05,Saturday,Downtown,In Store,,Mobile Wallet,CUST-1518,Americano,Beverage,3.01,1,3.01,18.43,4
ORD-000770,2025-02-01 12:20:16,Saturday,Campus,Mobile,,Debit Card,CUST-4313,Blueberry Muffin,Pastry,3.2,2,6.4,11.4,2
ORD-000770,2025-02-01 12:20:16,Saturday,Campus,Mobile,,Debit Card,CUST-4313,Matcha Latte,Beverage,5.0,1,5.0,11.4,2
ORD-002289,2025-02-01 12:45:08,Saturday,Campus,Mobile,,Debit Card,CUST-4178,Cinnamon Roll,Pastry,4.09,1,4.09,4.09,1
ORD-000728,2025-02-01 13:07:02,Saturday,Downtown,Mobile,,Debit Card,CUST-4126,Bag of Chips,Snack,2.09,1,2.09,9.72,2
ORD-000728,2025-02-01 13:07:02,Saturday,Downtown,Mobile,,Debit Card,CUST-4126,Veggie Wrap,Food,7.63,1,7.63,9.72,2
ORD-000130,2025-02-01 14:33:13,Saturday,Campus,In Store,,Mobile Wallet,CUST-1709,Iced Tea,Beverage,3.26,2,6.52,15.28,2
ORD-000130,2025-02-01 14:33:13,Saturday,Campus,In Store,,Mobile Wallet,CUST-1709,Turkey & Swiss Sandwich,Food,8.76,1,8.76,15.28,2
ORD-001155,2025-02-01 15:59:48,Saturday,Downtown,Mobile,,Credit Card,CUST-1071,Hot Chocolate,Beverage,3.79,1,3.79,3.79,1
ORD-000671,2025-02-01 18:23:50,Saturday,Campus,In Store,,Credit Card,CUST-4555,Fruit Cup,Snack,3.9,1,3.9,3.9,1
ORD-001674,2025-02-01 18:55:27,Saturday,Uptown,In Store,,Cash,CUST-2028,Drip Coffee,Beverage,2.99,2,5.98,25.79,4
ORD-001674,2025-02-01 18:55:27,Saturday,Uptown,In Store,,Cash,CUST-2028,Blueberry Muffin,Pastry,3.02,1,3.02,25.79,4
ORD-001674,2025-02-01 18:55:27,Saturday,Uptown,In Store,,Cash,CUST-2028,Cappuccino,Beverage,4.43,3,13.29,25.79,4
ORD-001674,2025-02-01 18:55:27,Saturday,Uptown,In Store,,Cash,CUST-2028,Americano,Beverage,3.5,1,3.5,25.79,4
ORD-002132,2025-02-01 18:57:42,Saturday,Uptown,Mobile,,Credit Card,CUST-2615,Cappuccino,Beverage,4.68,1,4.68,15.35,3
ORD-002132,2025-02-01 18:57:42,Saturday,Uptown,Mobile,,Credit Card,CUST-2615,Breakfast Burrito,Food,7.53,1,7.53,15.35,3
ORD-002132,2025-02-01 18:57:42,Saturday,Uptown,Mobile,,Credit Card,CUST-2615,Americano,Beverage,3.14,1,3.14,15.35,3
ORD-000725,2025-02-02 08:09:22,Sunday,Riverside,Mobile,,Debit Card,CUST-3929,Fruit Cup,Snack,3.84,1,3.84,19.58,4
ORD-000725,2025-02-02 08:09:22,Sunday,Riverside,Mobile,,Debit Card,CUST-3929,Protein Box,Snack,7.42,1,7.42,19.58,4
ORD-000725,2025-02-02 08:09:22,Sunday,Riverside,Mobile,,Debit Card,CUST-3929,Matcha Latte,Beverage,5.38,1,5.38,19.58,4
ORD-000725,2025-02-02 08:09:22,Sunday,Riverside,Mobile,,Debit Card,CUST-3929,Espresso Shot,Beverage,2.94,1,2.94,19.58,4
ORD-001318,2025-02-02 08:39:14,Sunday,Downtown,In Store,,Credit Card,,Espresso Shot,Beverage,2.9,2,5.8,18.44,4
ORD-001318,2025-02-02 08:39:14,Sunday,Downtown,In Store,,Credit Card,,Fruit Cup,Snack,4.15,1,4.15,18.44,4
ORD-001318,2025-02-02 08:39:14,Sunday,Downtown,In Store,,Credit Card,,Mocha,Beverage,5.14,1,5.14,18.44,4
ORD-001318,2025-02-02 08:39:14,Sunday,Downtown,In Store,,Credit Card,,Americano,Beverage,3.35,1,3.35,18.44,4
ORD-001569,2025-02-02 09:47:04,Sunday,Riverside,Mobile,,Mobile Wallet,CUST-1998,Chocolate Chip Cookie,Pastry,2.54,1,2.54,9.89,2
ORD-001569,2025-02-02 09:47:04,Sunday,Riverside,Mobile,,Mobile Wallet,CUST-1998,Protein Box,Snack,7.35,1,7.35,9.89,2
ORD-002968,2025-02-02 10:32:46,Sunday,Uptown,In Store,,Mobile Wallet,,Cinnamon Roll,Pastry,4.33,1,4.33,12.02,3
ORD-002968,2025-02-02 10:32:46,Sunday,Uptown,In Store,,Mobile Wallet,,Matcha Latte,Beverage,4.96,1,4.96,12.02,3
ORD-002968,2025-02-02 10:32:46,Sunday,Uptown,In Store,,Mobile Wallet,,Drip Coffee,Beverage,2.73,1,2.73,12.02,3
ORD-000012,2025-02-02 10:37:35,Sunday,Uptown,In Store,,Cash,CUST-3584,Cappuccino,Beverage,4.64,2,9.28,9.28,1
ORD-001149,2025-02-02 11:13:12,Sunday,Uptown,In Store,,Credit Card,,Espresso Shot,Beverage,2.33,1,2.33,25.38,4
ORD-001149,2025-02-02 11:13:12,Sunday,Uptown,In Store,,Credit Card,,Avocado Toast,Food,7.95,1,7.95,25.38,4
ORD-001149,2025-02-02 11:13:12,Sunday,Uptown,In Store,,Credit Card,,Cold Brew,Beverage,4.81,1,4.81,25.38,4
ORD-001149,2025-02-02 11:13:12,Sunday,Uptown,In Store,,Credit Card,,Iced Tea,Beverage,3.43,3,10.29,25.38,4
ORD-000747,2025-02-02 11:16:49,Sunday,Riverside,Mobile,,Debit Card,CUST-1521,Cold Brew,Beverage,4.96,1,4.96,4.96,1
ORD-001232,2025-02-02 13:14:59,Sunday,Riverside,Mobile,,Debit Card,CUST-2126,Cinnamon Roll,Pastry,4.4,1,4.4,36.47,5
ORD-001232,2025-02-02 13:14:59,Sunday,Riverside,Mobile,,Debit Card,CUST-2126,Bag of Chips,Snack,2.41,2,4.82,36.47,5
ORD-001232,2025-02-02 13:14:59,Sunday,Riverside,Mobile,,Debit Card,CUST-2126,Mocha,Beverage,5.16,2,10.32,36.47,5
ORD-001232,2025-02-02 13:14:59,Sunday,Riverside,Mobile,,Debit Card,CUST-2126,Cold Brew,Beverage,4.88,3,14.64,36.47,5
ORD-001232,2025-02-02 13:14:59,Sunday,Riverside,Mobile,,Debit Card,CUST-2126,Espresso Shot,Beverage,2.29,1,2.29,36.47,5
ORD-000188,2025-02-02 15:25:13,Sunday,Uptown,Delivery,Uber Eats,Debit Card,CUST-2161,Avocado Toast,Food,8.34,1,8.34,8.34,1
ORD-001407,2025-02-03 06:45:44,Monday,Riverside,In Store,,Cash,,Croissant,Pastry,3.43,3,10.29,10.29,1
ORD-000982,2025-02-03 07:56:42,Monday,Campus,In Store,,Credit Card,,Americano,Beverage,3.5,1,3.5,16.04,4
ORD-000982,2025-02-03 07:56:42,Monday,Campus,In Store,,Credit Card,,Cappuccino,Beverage,4.59,1,4.59,16.04,4
ORD-000982,2025-02-03 07:56:42,Monday,Campus,In Store,,Credit Card,,Cold Brew,Beverage,4.7,1,4.7,16.04,4
ORD-000982,2025-02-03 07:56:42,Monday,Campus,In Store,,Credit Card,,Drip Coffee,Beverage,3.25,1,3.25,16.04,4
ORD-002148,2025-02-03 09:03:35,Monday,Uptown,In Store,,Credit Card,CUST-1882,Blueberry Muffin,Pastry,3.52,1,3.52,14.53,3
ORD-002148,2025-02-03 09:03:35,Monday,Uptown,In Store,,Credit Card,CUST-1882,Protein Box,Snack,7.1,1,7.1,14.53,3
ORD-002148,2025-02-03 09:03:35,Monday,Uptown,In Store,,Credit Card,CUST-1882,Fruit Cup,Snack,3.91,1,3.91,14.53,3
ORD-000368,2025-02-03 09:08:07,Monday,Riverside,Mobile,,Debit Card,CUST-3158,Grilled Cheese,Food,6.98,1,6.98,11.72,2
ORD-000368,2025-02-03 09:08:07,Monday,Riverside,Mobile,,Debit Card,CUST-3158,Mocha,Beverage,4.74,1,4.74,11.72,2
ORD-000967,2025-02-03 10:24:01,Monday,Campus,In Store,,Mobile Wallet,,Caesar Salad,Food,8.5,1,8.5,46.09,5
ORD-000967,2025-02-03 10:24:01,Monday,Campus,In Store,,Mobile Wallet,,Cappuccino,Beverage,4.14,3,12.42,46.09,5
ORD-000967,2025-02-03 10:24:01,Monday,Campus,In Store,,Mobile Wallet,,Latte,Beverage,4.4,1,4.4,46.09,5
ORD-000967,2025-02-03 10:24:01,Monday,Campus,In Store,,Mobile Wallet,,Fruit Cup,Snack,4.31,1,4.31,46.09,5
ORD-000967,2025-02-03 10:24:01,Monday,Campus,In Store,,Mobile Wallet,,Avocado Toast,Food,8.23,2,16.46,46.09,5
ORD-001404,2025-02-03 12:13:35,Monday,Riverside,In Store,,Credit Card,,Hot Chocolate,Beverage,3.84,1,3.84,3.84,1
ORD-000574,2025-02-03 13:17:41,Monday,Downtown,Mobile,,Credit Card,CUST-4626,Hot Chocolate,Beverage,3.87,1,3.87,3.87,1
ORD-001193,2025-02-03 15:08:44,Monday,Downtown,In Store,,Cash,,Espresso Shot,Beverage,2.64,1,2.64,10.95,2
ORD-001193,2025-02-03 15:08:44,Monday,Downtown,In Store,,Cash,,Turkey & Swiss Sandwich,Food,8.31,1,8.31,10.95,2
ORD-000569,2025-02-04 07:42:15,Tuesday,Campus,Mobile,,Credit Card,CUST-2928,Drip Coffee,Beverage,3.0,1,3.0,9.94,3
ORD-000569,2025-02-04 07:42:15,Tuesday,Campus,Mobile,,Credit Card,CUST-2928,Cold Brew,Beverage,5.06,1,5.06,9.94,3
ORD-000569,2025-02-04 07:42:15,Tuesday,Campus,Mobile,,Credit Card,CUST-2928,Bag of Chips,Snack,1.88,1,1.88,9.94,3
ORD-002356,2025-02-04 09:27:44,Tuesday,Riverside,Mobile,,Mobile Wallet,CUST-1477,Breakfast Burrito,Food,7.55,1,7.55,10.97,2
ORD-002356,2025-02-04 09:27:44,Tuesday,Riverside,Mobile,,Mobile Wallet,CUST-1477,Americano,Beverage,3.42,1,3.42,10.97,2
ORD-000443,2025-02-04 12:23:37,Tuesday,Campus,In Store,,Debit Card,,Grilled Cheese,Food,6.63,1,6.63,9.01,2
ORD-000443,2025-02-04 12:23:37,Tuesday,Campus,In Store,,Debit Card,,Bag of Chips,Snack,2.38,1,2.38,9.01,2
ORD-001644,2025-02-04 12:50:48,Tuesday,Campus,In Store,,Debit Card,,Bagel w/ Cream Cheese,Pastry,3.53,1,3.53,21.53,3
ORD-001644,2025-02-04 12:50:48,Tuesday,Campus,In Store,,Debit Card,,Cold Brew,Beverage,5.11,2,10.22,21.53,3
ORD-001644,2025-02-04 12:50:48,Tuesday,Campus,In Store,,Debit Card,,Veggie Wrap,Food,7.78,1,7.78,21.53,3
ORD-000018,2025-02-04 13:15:25,Tuesday,Uptown,In Store,,Cash,,Avocado Toast,Food,7.9,1,7.9,11.29,2
ORD-000018,2025-02-04 13:15:25,Tuesday,Uptown,In Store,,Cash,,Scone,Pastry,3.39,1,3.39,11.29,2
ORD-002164,2025-02-04 13:28:13,Tuesday,Campus,In Store,,Debit Card,,Cold Brew,Beverage,5.01,1,5.01,5.01,1
ORD-000567,2025-02-04 14:46:57,Tuesday,Campus,In Store,,Mobile Wallet,,Croissant,Pastry,3.63,1,3.63,7.94,2
ORD-000567,2025-02-04 14:46:57,Tuesday,Campus,In Store,,Mobile Wallet,,Cappuccino,Beverage,4.31,1,4.31,7.94,2
ORD-000510,2025-02-05 07:20:25,Wednesday,Uptown,Delivery,DoorDash,Debit Card,,Veggie Wrap,Food,7.93,1,7.93,7.93,1
ORD-001611,2025-02-05 08:42:37,Wednesday,Campus,In Store,,Cash,,Bag of Chips,Snack,1.95,1,1.95,10.27,2
ORD-001611,2025-02-05 08:42:37,Wednesday,Campus,In Store,,Cash,,Bagel w/ Cream Cheese,Pastry,4.16,2,8.32,10.27,2
ORD-002553,2025-02-05 09:41:33,Wednesday,Downtown,In Store,,Mobile Wallet,CUST-2542,Chocolate Chip Cookie,Pastry,2.85,1,2.85,2.85,1
ORD-001807,2025-02-05 09:50:25,Wednesday,Uptown,Delivery,Uber Eats,Debit Card,CUST-1894,Caesar Salad,Food,8.6,1,8.6,8.6,1
ORD-002481,2025-02-05 09:59:27,Wednesday,Downtown,In Store,,Credit Card,,Cappuccino,Beverage,4.42,1,4.42,13.04,2
ORD-002481,2025-02-05 09:59:27,Wednesday,Downtown,In Store,,Credit Card,,Turkey & Swiss Sandwich,Food,8.62,1,8.62,13.04,2
ORD-001415,2025-02-05 11:00:29,Wednesday,Uptown,In Store,,Mobile Wallet,CUST-1592,Fruit Cup,Snack,3.8,2,7.6,17.98,3
ORD-001415,2025-02-05 11:00:29,Wednesday,Uptown,In Store,,Mobile Wallet,CUST-1592,Protein Box,Snack,6.81,1,6.81,17.98,3
ORD-001415,2025-02-05 11:00:29,Wednesday,Uptown,In Store,,Mobile Wallet,CUST-1592,Hot Chocolate,Beverage,3.57,1,3.57,17.98,3
ORD-002000,2025-02-05 11:27:02,Wednesday,Downtown,Mobile,,Credit Card,CUST-1890,Bagel w/ Cream Cheese,Pastry,4.08,1,4.08,7.69,2
ORD-002000,2025-02-05 11:27:02,Wednesday,Downtown,Mobile,,Credit Card,CUST-1890,Scone,Pastry,3.61,1,3.61,7.69,2
ORD-002999,2025-02-05 11:42:53,Wednesday,Riverside,In Store,,Cash,CUST-4553,Espresso Shot,Beverage,2.26,1,2.26,7.3,2
ORD-002999,2025-02-05 11:42:53,Wednesday,Riverside,In Store,,Cash,CUST-4553,Mocha,Beverage,5.04,1,5.04,7.3,2
ORD-002006,2025-02-05 12:07:54,Wednesday,Downtown,Delivery,DoorDash,Debit Card,,Cappuccino,Beverage,4.17,1,4.17,4.17,1
ORD-000917,2025-02-05 16:38:33,Wednesday,Uptown,In Store,,Credit Card,,Americano,Beverage,3.31,1,3.31,3.31,1
ORD-001832,2025-02-06 07:12:20,Thursday,Riverside,In Store,,Credit Card,,Cold Brew,Beverage,4.63,1,4.63,9.41,2
ORD-001832,2025-02-06 07:12:20,Thursday,Riverside,In Store,,Credit Card,,Latte,Beverage,4.78,1,4.78,9.41,2
ORD-002378,2025-02-06 07:38:53,Thursday,Uptown,Delivery,DoorDash,Credit Card,,Cold Brew,Beverage,4.82,1,4.82,9.66,2
ORD-002378,2025-02-06 07:38:53,Thursday,Uptown,Delivery,DoorDash,Credit Card,,Chai Latte,Beverage,4.84,1,4.84,9.66,2
ORD-001799,2025-02-06 07:48:20,Thursday,Uptown,In Store,,Debit Card,,Hot Chocolate,Beverage,3.5,1,3.5,3.5,1
ORD-000985,2025-02-06 08:08:54,Thursday,Downtown,In Store,,Mobile Wallet,,Avocado Toast,Food,8.17,1,8.17,34.8,5
ORD-000985,2025-02-06 08:08:54,Thursday,Downtown,In Store,,Mobile Wallet,,Cold Brew,Beverage,5.12,2,10.24,34.8,5
ORD-000985,2025-02-06 08:08:54,Thursday,Downtown,In Store,,Mobile Wallet,,Chai Latte,Beverage,4.81,1,4.81,34.8,5
ORD-000985,2025-02-06 08:08:54,Thursday,Downtown,In Store,,Mobile Wallet,,Fruit Cup,Snack,3.84,1,3.84,34.8,5
ORD-000985,2025-02-06 08:08:54,Thursday,Downtown,In Store,,Mobile Wallet,,Veggie Wrap,Food,7.74,1,7.74,34.8,5
ORD-002565,2025-02-06 08:37:21,Thursday,Uptown,In Store,,Credit Card,CUST-4712,Cappuccino,Beverage,4.3,1,4.3,7.9,2
ORD-002565,2025-02-06 08:37:21,Thursday,Uptown,In Store,,Credit Card,CUST-4712,Scone,Pastry,3.6,1,3.6,7.9,2
ORD-001197,2025-02-06 11:27:43,Thursday,Uptown,Mobile,,Mobile Wallet,CUST-3202,Turkey & Swiss Sandwich,Food,8.49,1,8.49,19.11,3
ORD-001197,2025-02-06 11:27:43,Thursday,Uptown,Mobile,,Mobile Wallet,CUST-3202,Blueberry Muffin,Pastry,3.39,1,3.39,19.11,3
ORD-001197,2025-02-06 11:27:43,Thursday,Uptown,Mobile,,Mobile Wallet,CUST-3202,Protein Box,Snack,7.23,1,7.23,19.11,3
ORD-000013,2025-02-06 12:17:42,Thursday,Uptown,In Store,,Mobile Wallet,CUST-2937,Caesar Salad,Food,8.74,1,8.74,17.31,3
ORD-000013,2025-02-06 12:17:42,Thursday,Uptown,In Store,,Mobile Wallet,CUST-2937,Mocha,Beverage,5.02,1,5.02,17.31,3
ORD-000013,2025-02-06 12:17:42,Thursday,Uptown,In Store,,Mobile Wallet,CUST-2937,Americano,Beverage,3.55,1,3.55,17.31,3
ORD-001847,2025-02-06 13:48:48,Thursday,Riverside,In Store,,Credit Card,,Latte,Beverage,4.42,1,4.42,12.82,2
ORD-001847,2025-02-06 13:48:48,Thursday,Riverside,In Store,,Credit Card,,Turkey & Swiss Sandwich,Food,8.4,1,8.4,12.82,2
ORD-000278,2025-02-06 14:09:01,Thursday,Riverside,In Store,,Cash,CUST-1222,Matcha Latte,Beverage,5.18,1,5.18,5.18,1
ORD-002839,2025-02-06 15:16:04,Thursday,Riverside,Mobile,,Debit Card,CUST-4888,Granola & Yogurt Cup,Snack,5.31,1,5.31,17.67,3
ORD-002839,2025-02-06 15:16:04,Thursday,Riverside,Mobile,,Debit Card,CUST-4888,Fruit Cup,Snack,3.84,1,3.84,17.67,3
ORD-002839,2025-02-06 15:16:04,Thursday,Riverside,Mobile,,Debit Card,CUST-4888,Caesar Salad,Food,8.52,1,8.52,17.67,3
ORD-002101,2025-02-06 19:16:26,Thursday,Riverside,Mobile,,Mobile Wallet,CUST-1910,Cappuccino,Beverage,4.31,2,8.62,20.21,3
ORD-002101,2025-02-06 19:16:26,Thursday,Riverside,Mobile,,Mobile Wallet,CUST-1910,Chai Latte,Beverage,4.41,1,4.41,20.21,3
ORD-002101,2025-02-06 19:16:26,Thursday,Riverside,Mobile,,Mobile Wallet,CUST-1910,Croissant,Pastry,3.59,2,7.18,20.21,3
ORD-002366,2025-02-07 06:43:52,Friday,Campus,Mobile,,Credit Card,CUST-2161,Protein Box,Snack,7.02,1,7.02,13.07,3
ORD-002366,2025-02-07 06:43:52,Friday,Campus,Mobile,,Credit Card,CUST-2161,Croissant,Pastry,3.75,1,3.75,13.07,3
ORD-002366,2025-02-07 06:43:52,Friday,Campus,Mobile,,Credit Card,CUST-2161,Espresso Shot,Beverage,2.3,1,2.3,13.07,3
ORD-000404,2025-02-07 07:46:16,Friday,Downtown,Mobile,,Debit Card,CUST-1609,Drip Coffee,Beverage,2.61,1,2.61,15.68,3
ORD-000404,2025-02-07 07:46:16,Friday,Downtown,Mobile,,Debit Card,CUST-1609,Caesar Salad,Food,8.53,1,8.53,15.68,3
ORD-000404,2025-02-07 07:46:16,Friday,Downtown,Mobile,,Debit Card,CUST-1609,Latte,Beverage,4.54,1,4.54,15.68,3
ORD-001190,2025-02-07 08:53:07,Friday,Uptown,In Store,,Debit Card,,Cold Brew,Beverage,4.64,1,4.64,26.39,5
ORD-001190,2025-02-07 08:53:07,Friday,Uptown,In Store,,Debit Card,,Bag of Chips,Snack,2.06,1,2.06,26.39,5
ORD-001190,2025-02-07 08:53:07,Friday,Uptown,In Store,,Debit Card,,Mocha,Beverage,5.39,1,5.39,26.39,5
ORD-001190,2025-02-07 08:53:07,Friday,Uptown,In Store,,Debit Card,,Veggie Wrap,Food,7.67,1,7.67,26.39,5
ORD-001190,2025-02-07 08:53:07,Friday,Uptown,In Store,,Debit Card,,Grilled Cheese,Food,6.63,1,6.63,26.39,5
ORD-000764,2025-02-07 14:20:57,Friday,Campus,Delivery,Grubhub,Credit Card,,Bag of Chips,Snack,2.38,1,2.38,2.38,1
ORD-000734,2025-02-07 15:36:57,Friday,Downtown,Mobile,,Debit Card,CUST-1289,Granola & Yogurt Cup,Snack,4.78,1,4.78,24.66,4
ORD-000734,2025-02-07 15:36:57,Friday,Downtown,Mobile,,Debit Card,CUST-1289,Turkey & Swiss Sandwich,Food,8.61,1,8.61,24.66,4
ORD-000734,2025-02-07 15:36:57,Friday,Downtown,Mobile,,Debit Card,CUST-1289,Breakfast Burrito,Food,7.1,1,7.1,24.66,4
ORD-000734,2025-02-07 15:36:57,Friday,Downtown,Mobile,,Debit Card,CUST-1289,Cappuccino,Beverage,4.17,1,4.17,24.66,4
ORD-002729,2025-02-07 15:58:39,Friday,Campus,In Store,,Debit Card,,Caesar Salad,Food,8.17,2,16.34,25.2,2
ORD-002729,2025-02-07 15:58:39,Friday,Campus,In Store,,Debit Card,,Turkey & Swiss Sandwich,Food,8.86,1,8.86,25.2,2
ORD-001107,2025-02-07 17:13:00,Friday,Campus,In Store,,Cash,,Espresso Shot,Beverage,2.49,2,4.98,14.7,3
ORD-001107,2025-02-07 17:13:00,Friday,Campus,In Store,,Cash,,Mocha,Beverage,5.33,1,5.33,14.7,3
ORD-001107,2025-02-07 17:13:00,Friday,Campus,In Store,,Cash,,Fruit Cup,Snack,4.39,1,4.39,14.7,3
ORD-002494,2025-02-07 18:15:52,Friday,Uptown,Mobile,,Mobile Wallet,CUST-1272,Drip Coffee,Beverage,2.63,1,2.63,2.63,1
ORD-002623,2025-02-07 19:26:24,Friday,Riverside,Mobile,,Debit Card,CUST-2927,Bag of Chips,Snack,2.26,1,2.26,13.11,4
ORD-002623,2025-02-07 19:26:24,Friday,Riverside,Mobile,,Debit Card,CUST-2927,Chai Latte,Beverage,4.29,1,4.29,13.11,4
ORD-002623,2025-02-07 19:26:24,Friday,Riverside,Mobile,,Debit Card,CUST-2927,Cappuccino,Beverage,4.15,1,4.15,13.11,4
ORD-002623,2025-02-07 19:26:24,Friday,Riverside,Mobile,,Debit Card,CUST-2927,Espresso Shot,Beverage,2.41,1,2.41,13.11,4
ORD-002170,2025-02-08 09:25:16,Saturday,Downtown,In Store,,Cash,,Avocado Toast,Food,8.31,3,24.93,42.75,4
ORD-002170,2025-02-08 09:25:16,Saturday,Downtown,In Store,,Cash,,Fruit Cup,Snack,4.07,2,8.14,42.75,4
ORD-002170,2025-02-08 09:25:16,Saturday,Downtown,In Store,,Cash,,Chai Latte,Beverage,4.85,1,4.85,42.75,4
ORD-002170,2025-02-08 09:25:16,Saturday,Downtown,In Store,,Cash,,Latte,Beverage,4.83,1,4.83,42.75,4
ORD-001927,2025-02-08 09:33:15,Saturday,Riverside,In Store,,Debit Card,,Cinnamon Roll,Pastry,4.05,2,8.1,25.2,4
ORD-001927,2025-02-08 09:33:15,Saturday,Riverside,In Store,,Debit Card,,Turkey & Swiss Sandwich,Food,8.93,1,8.93,25.2,4
ORD-001927,2025-02-08 09:33:15,Saturday,Riverside,In Store,,Debit Card,,Cold Brew,Beverage,4.88,1,4.88,25.2,4
ORD-001927,2025-02-08 09:33:15,Saturday,Riverside,In Store,,Debit Card,,Americano,Beverage,3.29,1,3.29,25.2,4
ORD-001681,2025-02-08 14:05:58,Saturday,Riverside,In Store,,Cash,,Cold Brew,Beverage,4.75,2,9.5,27.3,3
ORD-001681,2025-02-08 14:05:58,Saturday,Riverside,In Store,,Cash,,Caesar Salad,Food,8.41,1,8.41,27.3,3
ORD-001681,2025-02-08 14:05:58,Saturday,Riverside,In Store,,Cash,,Blueberry Muffin,Pastry,3.13,3,9.39,27.3,3
ORD-002621,2025-02-08 15:06:40,Saturday,Riverside,In Store,,Mobile Wallet,CUST-2567,Chocolate Chip Cookie,Pastry,2.9,1,2.9,16.93,3
ORD-002621,2025-02-08 15:06:40,Saturday,Riverside,In Store,,Mobile Wallet,CUST-2567,Fruit Cup,Snack,4.19,1,4.19,16.93,3
ORD-002621,2025-02-08 15:06:40,Saturday,Riverside,In Store,,Mobile Wallet,CUST-2567,Granola & Yogurt Cup,Snack,4.92,2,9.84,16.93,3
ORD-002212,2025-02-08 15:17:36,Saturday,Uptown,In Store,,Cash,,Fruit Cup,Snack,4.41,1,4.41,28.5,4
ORD-002212,2025-02-08 15:17:36,Saturday,Uptown,In Store,,Cash,,Latte,Beverage,4.52,1,4.52,28.5,4
ORD-002212,2025-02-08 15:17:36,Saturday,Uptown,In Store,,Cash,,Matcha Latte,Beverage,5.45,1,5.45,28.5,4
ORD-002212,2025-02-08 15:17:36,Saturday,Uptown,In Store,,Cash,,Protein Box,Snack,7.06,2,14.12,28.5,4
ORD-001164,2025-02-08 17:49:09,Saturday,Campus,In Store,,Cash,,Cold Brew,Beverage,4.87,1,4.87,8.82,2
ORD-001164,2025-02-08 17:49:09,Saturday,Campus,In Store,,Cash,,Bagel w/ Cream Cheese,Pastry,3.95,1,3.95,8.82,2
ORD-000430,2025-02-09 08:17:07,Sunday,Campus,Mobile,,Credit Card,CUST-4583,Veggie Wrap,Food,7.81,1,7.81,7.81,1
ORD-001451,2025-02-09 08:28:21,Sunday,Uptown,In Store,,Cash,CUST-4779,Scone,Pastry,3.78,1,3.78,3.78,1
ORD-000707,2025-02-09 08:48:54,Sunday,Riverside,In Store,,Mobile Wallet,,Bagel w/ Cream Cheese,Pastry,4.24,1,4.24,9.1,2
ORD-000707,2025-02-09 08:48:54,Sunday,Riverside,In Store,,Mobile Wallet,,Chai Latte,Beverage,4.86,1,4.86,9.1,2
ORD-001818,2025-02-09 11:31:22,Sunday,Uptown,In Store,,Cash,,Mocha,Beverage,5.05,1,5.05,23.75,3
ORD-001818,2025-02-09 11:31:22,Sunday,Uptown,In Store,,Cash,,Chocolate Chip Cookie,Pastry,2.5,2,5.0,23.75,3
ORD-001818,2025-02-09 11:31:22,Sunday,Uptown,In Store,,Cash,,Grilled Cheese,Food,6.85,2,13.7,23.75,3
ORD-001915,2025-02-09 11:39:43,Sunday,Downtown,In Store,,Cash,,Blueberry Muffin,Pastry,3.59,1,3.59,3.59,1
ORD-001859,2025-02-10 07:47:15,Monday,Riverside,Mobile,,Debit Card,CUST-1318,Grilled Cheese,Food,6.63,1,6.63,6.63,1
ORD-000812,2025-02-10 08:21:59,Monday,Riverside,Mobile,,Credit Card,CUST-3109,Granola & Yogurt Cup,Snack,4.91,1,4.91,11.95,3
ORD-000812,2025-02-10 08:21:59,Monday,Riverside,Mobile,,Credit Card,CUST-3109,Cinnamon Roll,Pastry,4.12,1,4.12,11.95,3
ORD-000812,2025-02-10 08:21:59,Monday,Riverside,Mobile,,Credit Card,CUST-3109,Chocolate Chip Cookie,Pastry,2.92,1,2.92,11.95,3
ORD-001624,2025-02-10 08:37:25,Monday,Uptown,Mobile,,Credit Card,CUST-4832,Breakfast Burrito,Food,7.41,1,7.41,16.05,2
ORD-001624,2025-02-10 08:37:25,Monday,Uptown,Mobile,,Credit Card,CUST-4832,Caesar Salad,Food,8.64,1,8.64,16.05,2
ORD-001868,2025-02-10 10:39:59,Monday,Riverside,In Store,,Credit Card,,Iced Tea,Beverage,3.36,1,3.36,10.83,2
ORD-001868,2025-02-10 10:39:59,Monday,Riverside,In Store,,Credit Card,,Breakfast Burrito,Food,7.47,1,7.47,10.83,2
ORD-002923,2025-02-10 14:53:49,Monday,Campus,In Store,,Credit Card,,Drip Coffee,Beverage,2.54,1,2.54,10.66,2
ORD-002923,2025-02-10 14:53:49,Monday,Campus,In Store,,Credit Card,,Veggie Wrap,Food,8.12,1,8.12,10.66,2
ORD-001046,2025-02-10 15:35:59,Monday,Riverside,In Store,,Debit Card,CUST-2653,Hot Chocolate,Beverage,3.6,1,3.6,11.06,3
ORD-001046,2025-02-10 15:35:59,Monday,Riverside,In Store,,Debit Card,CUST-2653,Latte,Beverage,4.5,1,4.5,11.06,3
ORD-001046,2025-02-10 15:35:59,Monday,Riverside,In Store,,Debit Card,CUST-2653,Chocolate Chip Cookie,Pastry,2.96,1,2.96,11.06,3
ORD-002418,2025-02-10 18:01:22,Monday,Uptown,In Store,,Credit Card,,Bagel w/ Cream Cheese,Pastry,3.94,1,3.94,8.41,2
ORD-002418,2025-02-10 18:01:22,Monday,Uptown,In Store,,Credit Card,,Latte,Beverage,4.47,1,4.47,8.41,2
ORD-000230,2025-02-10 20:27:12,Monday,Uptown,Delivery,Uber Eats,Mobile Wallet,CUST-3978,Iced Tea,Beverage,2.83,1,2.83,26.32,4
ORD-000230,2025-02-10 20:27:12,Monday,Uptown,Delivery,Uber Eats,Mobile Wallet,CUST-3978,Cappuccino,Beverage,4.39,2,8.78,26.32,4
ORD-000230,2025-02-10 20:27:12,Monday,Uptown,Delivery,Uber Eats,Mobile Wallet,CUST-3978,Turkey & Swiss Sandwich,Food,8.69,1,8.69,26.32,4
ORD-000230,2025-02-10 20:27:12,Monday,Uptown,Delivery,Uber Eats,Mobile Wallet,CUST-3978,Blueberry Muffin,Pastry,3.01,2,6.02,26.32,4
ORD-002812,2025-02-11 08:24:31,Tuesday,Riverside,In Store,,Cash,,Croissant,Pastry,3.34,1,3.34,17.36,3
ORD-002812,2025-02-11 08:24:31,Tuesday,Riverside,In Store,,Cash,,Mocha,Beverage,5.37,2,10.74,17.36,3
ORD-002812,2025-02-11 08:24:31,Tuesday,Riverside,In Store,,Cash,,Scone,Pastry,3.28,1,3.28,17.36,3
ORD-000715,2025-02-11 09:02:30,Tuesday,Uptown,Delivery,Grubhub,Mobile Wallet,,Matcha Latte,Beverage,5.08,1,5.08,11.98,2
ORD-000715,2025-02-11 09:02:30,Tuesday,Uptown,Delivery,Grubhub,Mobile Wallet,,Americano,Beverage,3.45,2,6.9,11.98,2
ORD-002626,2025-02-11 09:36:48,Tuesday,Riverside,In Store,,Cash,CUST-4764,Cold Brew,Beverage,4.88,1,4.88,19.95,3
ORD-002626,2025-02-11 09:36:48,Tuesday,Riverside,In Store,,Cash,CUST-4764,Grilled Cheese,Food,6.25,1,6.25,19.95,3
ORD-002626,2025-02-11 09:36:48,Tuesday,Riverside,In Store,,Cash,CUST-4764,Turkey & Swiss Sandwich,Food,8.82,1,8.82,19.95,3
ORD-001935,2025-02-11 09:58:51,Tuesday,Uptown,Mobile,,Mobile Wallet,CUST-2001,Avocado Toast,Food,8.08,1,8.08,8.08,1
ORD-002971,2025-02-11 11:40:27,Tuesday,Campus,Mobile,,Credit Card,CUST-1421,Caesar Salad,Food,8.0,1,8.0,12.21,2
ORD-002971,2025-02-11 11:40:27,Tuesday,Campus,Mobile,,Credit Card,CUST-1421,Cinnamon Roll,Pastry,4.21,1,4.21,12.21,2
ORD-000587,2025-02-11 12:12:56,Tuesday,Campus,In Store,,Debit Card,,Caesar Salad,Food,8.56,1,8.56,25.94,2
ORD-000587,2025-02-11 12:12:56,Tuesday,Campus,In Store,,Debit Card,,Turkey & Swiss Sandwich,Food,8.69,2,17.38,25.94,2
ORD-000950,2025-02-11 12:29:38,Tuesday,Riverside,Delivery,Uber Eats,Credit Card,,Fruit Cup,Snack,3.81,1,3.81,3.81,1
ORD-001110,2025-02-11 13:52:39,Tuesday,Downtown,In Store,,Cash,,Breakfast Burrito,Food,7.05,1,7.05,11.36,2
ORD-001110,2025-02-11 13:52:39,Tuesday,Downtown,In Store,,Cash,,Latte,Beverage,4.31,1,4.31,11.36,2
ORD-001156,2025-02-11 15:54:50,Tuesday,Downtown,In Store,,Mobile Wallet,CUST-4420,Granola & Yogurt Cup,Snack,5.28,1,5.28,22.25,4
ORD-001156,2025-02-11 15:54:50,Tuesday,Downtown,In Store,,Mobile Wallet,CUST-4420,Cappuccino,Beverage,4.02,1,4.02,22.25,4
ORD-001156,2025-02-11 15:54:50,Tuesday,Downtown,In Store,,Mobile Wallet,CUST-4420,Avocado Toast,Food,8.14,1,8.14,22.25,4
ORD-001156,2025-02-11 15:54:50,Tuesday,Downtown,In Store,,Mobile Wallet,CUST-4420,Mocha,Beverage,4.81,1,4.81,22.25,4
ORD-001803,2025-02-11 15:56:49,Tuesday,Downtown,In Store,,Debit Card,,Matcha Latte,Beverage,5.07,2,10.14,10.14,1
ORD-002566,2025-02-11 18:41:45,Tuesday,Campus,In Store,,Debit Card,,Bagel w/ Cream Cheese,Pastry,4.24,1,4.24,15.95,3
ORD-002566,2025-02-11 18:41:45,Tuesday,Campus,In Store,,Debit Card,,Blueberry Muffin,Pastry,3.39,1,3.39,15.95,3
ORD-002566,2025-02-11 18:41:45,Tuesday,Campus,In Store,,Debit Card,,Avocado Toast,Food,8.32,1,8.32,15.95,3
ORD-002186,2025-02-12 08:41:31,Wednesday,Downtown,Delivery,Uber Eats,Debit Card,CUST-1413,Protein Box,Snack,6.98,1,6.98,20.5,2
ORD-002186,2025-02-12 08:41:31,Wednesday,Downtown,Delivery,Uber Eats,Debit Card,CUST-1413,Grilled Cheese,Food,6.76,2,13.52,20.5,2
ORD-002529,2025-02-12 10:00:06,Wednesday,Uptown,In Store,,Debit Card,CUST-3978,Chocolate Chip Cookie,Pastry,2.37,3,7.11,34.88,5
ORD-002529,2025-02-12 10:00:06,Wednesday,Uptown,In Store,,Debit Card,CUST-3978,Latte,Beverage,4.72,2,9.44,34.88,5
ORD-002529,2025-02-12 10:00:06,Wednesday,Uptown,In Store,,Debit Card,CUST-3978,Drip Coffee,Beverage,3.25,1,3.25,34.88,5
ORD-002529,2025-02-12 10:00:06,Wednesday,Uptown,In Store,,Debit Card,CUST-3978,Matcha Latte,Beverage,5.47,2,10.94,34.88,5
ORD-002529,2025-02-12 10:00:06,Wednesday,Uptown,In Store,,Debit Card,CUST-3978,Cappuccino,Beverage,4.14,1,4.14,34.88,5
ORD-000932,2025-02-12 10:51:31,Wednesday,Campus,In Store,,Credit Card,,Scone,Pastry,3.54,1,3.54,3.54,1
ORD-000345,2025-02-12 11:47:03,Wednesday,Riverside,In Store,,Cash,,Grilled Cheese,Food,6.61,1,6.61,9.16,2
ORD-000345,2025-02-12 11:47:03,Wednesday,Riverside,In Store,,Cash,,Espresso Shot,Beverage,2.55,1,2.55,9.16,2
ORD-001246,2025-02-12 13:00:57,Wednesday,Uptown,In Store,,Credit Card,,Protein Box,Snack,6.97,2,13.94,13.94,1
ORD-002311,2025-02-12 13:05:36,Wednesday,Riverside,Delivery,Grubhub,Mobile Wallet,CUST-2393,Americano,Beverage,3.24,2,6.48,14.22,2
ORD-002311,2025-02-12 13:05:36,Wednesday,Riverside,Delivery,Grubhub,Mobile Wallet,CUST-2393,Veggie Wrap,Food,7.74,1,7.74,14.22,2
ORD-000037,2025-02-12 13:08:55,Wednesday,Downtown,In Store,,Debit Card,,Iced Tea,Beverage,3.41,1,3.41,3.41,1
ORD-001022,2025-02-12 15:00:09,Wednesday,Campus,In Store,,Cash,,Espresso Shot,Beverage,2.53,3,7.59,33.94,3
ORD-001022,2025-02-12 15:00:09,Wednesday,Campus,In Store,,Cash,,Veggie Wrap,Food,7.6,1,7.6,33.94,3
ORD-001022,2025-02-12 15:00:09,Wednesday,Campus,In Store,,Cash,,Grilled Cheese,Food,6.25,3,18.75,33.94,3
ORD-000630,2025-02-12 15:15:39,Wednesday,Uptown,In Store,,Credit Card,CUST-1471,Caesar Salad,Food,8.46,1,8.46,21.79,4
ORD-000630,2025-02-12 15:15:39,Wednesday,Uptown,In Store,,Credit Card,CUST-1471,Bag of Chips,Snack,2.39,1,2.39,21.79,4
ORD-000630,2025-02-12 15:15:39,Wednesday,Uptown,In Store,,Credit Card,CUST-1471,Grilled Cheese,Food,6.61,1,6.61,21.79,4
ORD-000630,2025-02-12 15:15:39,Wednesday,Uptown,In Store,,Credit Card,CUST-1471,Chai Latte,Beverage,4.33,1,4.33,21.79,4
ORD-001898,2025-02-12 15:55:32,Wednesday,Riverside,Delivery,DoorDash,Credit Card,CUST-2228,Cappuccino,Beverage,4.65,2,9.3,11.23,2
ORD-001898,2025-02-12 15:55:32,Wednesday,Riverside,Delivery,DoorDash,Credit Card,CUST-2228,Bag of Chips,Snack,1.93,1,1.93,11.23,2
ORD-002778,2025-02-12 17:48:12,Wednesday,Uptown,In Store,,Cash,,Latte,Beverage,4.61,1,4.61,29.81,5
ORD-002778,2025-02-12 17:48:12,Wednesday,Uptown,In Store,,Cash,,Granola & Yogurt Cup,Snack,4.94,1,4.94,29.81,5
ORD-002778,2025-02-12 17:48:12,Wednesday,Uptown,In Store,,Cash,,Drip Coffee,Beverage,2.63,1,2.63,29.81,5
ORD-002778,2025-02-12 17:48:12,Wednesday,Uptown,In Store,,Cash,,Iced Tea,Beverage,3.49,1,3.49,29.81,5
ORD-002778,2025-02-12 17:48:12,Wednesday,Uptown,In Store,,Cash,,Protein Box,Snack,7.07,2,14.14,29.81,5
ORD-000872,2025-02-12 19:32:11,Wednesday,Uptown,In Store,,Credit Card,,Drip Coffee,Beverage,3.06,1,3.06,3.06,1
ORD-001848,2025-02-13 06:05:54,Thursday,Campus,Mobile,,Mobile Wallet,CUST-3367,Cappuccino,Beverage,4.57,1,4.57,14.2,2
ORD-001848,2025-02-13 06:05:54,Thursday,Campus,Mobile,,Mobile Wallet,CUST-3367,Iced Tea,Beverage,3.21,3,9.63,14.2,2
ORD-001946,2025-02-13 07:28:48,Thursday,Riverside,In Store,,Cash,CUST-3445,Cold Brew,Beverage,4.81,1,4.81,30.28,2
ORD-001946,2025-02-13 07:28:48,Thursday,Riverside,In Store,,Cash,CUST-3445,Caesar Salad,Food,8.49,3,25.47,30.28,2
ORD-000282,2025-02-13 09:47:47,Thursday,Riverside,Delivery,Uber Eats,Credit Card,,Breakfast Burrito,Food,7.75,2,15.5,35.18,4
ORD-000282,2025-02-13 09:47:47,Thursday,Riverside,Delivery,Uber Eats,Credit Card,,Chai Latte,Beverage,4.89,2,9.78,35.18,4
ORD-000282,2025-02-13 09:47:47,Thursday,Riverside,Delivery,Uber Eats,Credit Card,,Espresso Shot,Beverage,2.4,2,4.8,35.18,4
ORD-000282,2025-02-13 09:47:47,Thursday,Riverside,Delivery,Uber Eats,Credit Card,,Cold Brew,Beverage,5.1,1,5.1,35.18,4
ORD-000702,2025-02-13 10:13:09,Thursday,Campus,In Store,,Debit Card,CUST-2116,Veggie Wrap,Food,7.64,1,7.64,12.59,2
ORD-000702,2025-02-13 10:13:09,Thursday,Campus,In Store,,Debit Card,CUST-2116,Latte,Beverage,4.95,1,4.95,12.59,2
ORD-002746,2025-02-13 10:50:29,Thursday,Riverside,Mobile,,Mobile Wallet,CUST-2002,Blueberry Muffin,Pastry,3.5,1,3.5,3.5,1
ORD-000363,2025-02-13 12:24:46,Thursday,Uptown,Mobile,,Debit Card,CUST-3254,Fruit Cup,Snack,4.12,2,8.24,12.85,2
ORD-000363,2025-02-13 12:24:46,Thursday,Uptown,Mobile,,Debit Card,CUST-3254,Cold Brew,Beverage,4.61,1,4.61,12.85,2
ORD-002355,2025-02-13 12:58:21,Thursday,Uptown,In Store,,Credit Card,,Granola & Yogurt Cup,Snack,5.41,1,5.41,12.13,2
ORD-002355,2025-02-13 12:58:21,Thursday,Uptown,In Store,,Credit Card,,Croissant,Pastry,3.36,2,6.72,12.13,2
ORD-000367,2025-02-14 07:26:11,Friday,Riverside,In Store,,Credit Card,,Latte,Beverage,4.87,2,9.74,17.86,3
ORD-000367,2025-02-14 07:26:11,Friday,Riverside,In Store,,Credit Card,,Cappuccino,Beverage,4.63,1,4.63,17.86,3
ORD-000367,2025-02-14 07:26:11,Friday,Riverside,In Store,,Credit Card,,Croissant,Pastry,3.49,1,3.49,17.86,3
ORD-001979,2025-02-14 08:14:32,Friday,Downtown,Mobile,,Debit Card,CUST-4156,Avocado Toast,Food,8.32,2,16.64,21.3,2
ORD-001979,2025-02-14 08:14:32,Friday,Downtown,Mobile,,Debit Card,CUST-4156,Cappuccino,Beverage,4.66,1,4.66,21.3,2
ORD-002138,2025-02-14 08:15:18,Friday,Downtown,Mobile,,Credit Card,CUST-1617,Cold Brew,Beverage,5.16,1,5.16,5.16,1
ORD-001483,2025-02-14 08:36:07,Friday,Uptown,Mobile,,Debit Card,CUST-3671,Fruit Cup,Snack,4.02,1,4.02,4.02,1
ORD-001235,2025-02-14 09:27:05,Friday,Downtown,Mobile,,Mobile Wallet,CUST-2485,Bag of Chips,Snack,2.08,2,4.16,4.16,1
ORD-000796,2025-02-15 08:05:11,Saturday,Uptown,Mobile,,Debit Card,CUST-3421,Drip Coffee,Beverage,2.51,1,2.51,6.56,2
ORD-000796,2025-02-15 08:05:11,Saturday,Uptown,Mobile,,Debit Card,CUST-3421,Fruit Cup,Snack,4.05,1,4.05,6.56,2
ORD-000588,2025-02-15 08:36:49,Saturday,Uptown,Mobile,,Debit Card,CUST-4066,Granola & Yogurt Cup,Snack,4.93,1,4.93,4.93,1
ORD-000597,2025-02-15 08:45:01,Saturday,Riverside,In Store,,Mobile Wallet,,Matcha Latte,Beverage,5.46,1,5.46,5.46,1
ORD-001258,2025-02-15 10:28:14,Saturday,Downtown,Mobile,,Debit Card,CUST-4671,Cinnamon Roll,Pastry,4.17,2,8.34,15.62,3
ORD-001258,2025-02-15 10:28:14,Saturday,Downtown,Mobile,,Debit Card,CUST-4671,Fruit Cup,Snack,4.12,1,4.12,15.62,3
ORD-001258,2025-02-15 10:28:14,Saturday,Downtown,Mobile,,Debit Card,CUST-4671,Iced Tea,Beverage,3.16,1,3.16,15.62,3
ORD-002672,2025-02-15 10:43:24,Saturday,Uptown,In Store,,Mobile Wallet,,Protein Box,Snack,7.34,1,7.34,7.34,1
ORD-001864,2025-02-15 12:24:02,Saturday,Riverside,In Store,,Mobile Wallet,,Avocado Toast,Food,7.89,2,15.78,15.78,1
ORD-000135,2025-02-15 13:14:34,Saturday,Downtown,Mobile,,Credit Card,CUST-2711,Bag of Chips,Snack,1.78,1,1.78,14.77,4
ORD-000135,2025-02-15 13:14:34,Saturday,Downtown,Mobile,,Credit Card,CUST-2711,Latte,Beverage,4.9,1,4.9,14.77,4
ORD-000135,2025-02-15 13:14:34,Saturday,Downtown,Mobile,,Credit Card,CUST-2711,Cold Brew,Beverage,4.64,1,4.64,14.77,4
ORD-000135,2025-02-15 13:14:34,Saturday,Downtown,Mobile,,Credit Card,CUST-2711,Blueberry Muffin,Pastry,3.45,1,3.45,14.77,4
ORD-000413,2025-02-15 14:37:56,Saturday,Campus,In Store,,Credit Card,CUST-3620,Cinnamon Roll,Pastry,4.45,1,4.45,4.45,1
ORD-001435,2025-02-15 14:47:58,Saturday,Uptown,In Store,,Mobile Wallet,CUST-1366,Veggie Wrap,Food,8.21,2,16.42,16.42,1
ORD-001443,2025-02-15 15:06:42,Saturday,Campus,Mobile,,Credit Card,CUST-3239,Scone,Pastry,3.15,1,3.15,5.58,2
ORD-001443,2025-02-15 15:06:42,Saturday,Campus,Mobile,,Credit Card,CUST-3239,Espresso Shot,Beverage,2.43,1,2.43,5.58,2
ORD-001902,2025-02-15 17:24:11,Saturday,Uptown,In Store,,Debit Card,,Hot Chocolate,Beverage,4.08,1,4.08,8.83,2
ORD-001902,2025-02-15 17:24:11,Saturday,Uptown,In Store,,Debit Card,,Matcha Latte,Beverage,4.75,1,4.75,8.83,2
ORD-001239,2025-02-15 18:50:46,Saturday,Uptown,In Store,,Mobile Wallet,CUST-2273,Fruit Cup,Snack,4.12,1,4.12,12.9,3
ORD-001239,2025-02-15 18:50:46,Saturday,Uptown,In Store,,Mobile Wallet,CUST-2273,Cappuccino,Beverage,4.05,1,4.05,12.9,3
ORD-001239,2025-02-15 18:50:46,Saturday,Uptown,In Store,,Mobile Wallet,CUST-2273,Mocha,Beverage,4.73,1,4.73,12.9,3
ORD-001087,2025-02-16 07:38:29,Sunday,Downtown,In Store,,Cash,,Avocado Toast,Food,8.21,1,8.21,8.21,1
ORD-002526,2025-02-16 08:25:19,Sunday,Uptown,Delivery,Uber Eats,Mobile Wallet,,Blueberry Muffin,Pastry,3.04,1,3.04,15.95,3
ORD-002526,2025-02-16 08:25:19,Sunday,Uptown,Delivery,Uber Eats,Mobile Wallet,,Cold Brew,Beverage,4.55,2,9.1,15.95,3
ORD-002526,2025-02-16 08:25:19,Sunday,Uptown,Delivery,Uber Eats,Mobile Wallet,,Hot Chocolate,Beverage,3.81,1,3.81,15.95,3
ORD-002885,2025-02-16 08:49:10,Sunday,Campus,In Store,,Credit Card,CUST-1885,Drip Coffee,Beverage,2.87,1,2.87,13.07,2
ORD-002885,2025-02-16 08:49:10,Sunday,Campus,In Store,,Credit Card,CUST-1885,Granola & Yogurt Cup,Snack,5.1,2,10.2,13.07,2
ORD-000055,2025-02-16 11:26:21,Sunday,Downtown,In Store,,Credit Card,CUST-3841,Caesar Salad,Food,8.41,2,16.82,20.06,2
ORD-000055,2025-02-16 11:26:21,Sunday,Downtown,In Store,,Credit Card,CUST-3841,Blueberry Muffin,Pastry,3.24,1,3.24,20.06,2
ORD-000887,2025-02-16 13:20:39,Sunday,Uptown,In Store,,Mobile Wallet,CUST-4506,Croissant,Pastry,3.52,1,3.52,13.24,3
ORD-000887,2025-02-16 13:20:39,Sunday,Uptown,In Store,,Mobile Wallet,CUST-4506,Iced Tea,Beverage,2.88,1,2.88,13.24,3
ORD-000887,2025-02-16 13:20:39,Sunday,Uptown,In Store,,Mobile Wallet,CUST-4506,Protein Box,Snack,6.84,1,6.84,13.24,3
ORD-000075,2025-02-16 13:41:40,Sunday,Downtown,In Store,,Cash,,Espresso Shot,Beverage,2.4,1,2.4,2.4,1
ORD-000361,2025-02-16 14:07:11,Sunday,Uptown,Mobile,,Debit Card,CUST-2693,Drip Coffee,Beverage,2.94,1,2.94,2.94,1
ORD-000084,2025-02-16 14:13:24,Sunday,Riverside,In Store,,Credit Card,,Fruit Cup,Snack,3.74,1,3.74,19.1,3
ORD-000084,2025-02-16 14:13:24,Sunday,Riverside,In Store,,Credit Card,,Avocado Toast,Food,8.16,1,8.16,19.1,3
ORD-000084,2025-02-16 14:13:24,Sunday,Riverside,In Store,,Credit Card,,Breakfast Burrito,Food,7.2,1,7.2,19.1,3
ORD-002563,2025-02-16 18:43:03,Sunday,Campus,In Store,,Cash,CUST-4042,Iced Tea,Beverage,3.39,1,3.39,9.95,2
ORD-002563,2025-02-16 18:43:03,Sunday,Campus,In Store,,Cash,CUST-4042,Grilled Cheese,Food,6.56,1,6.56,9.95,2
ORD-002703,2025-02-17 09:30:58,Monday,Uptown,In Store,,Cash,,Avocado Toast,Food,8.0,1,8.0,16.36,2
ORD-002703,2025-02-17 09:30:58,Monday,Uptown,In Store,,Cash,,Caesar Salad,Food,8.36,1,8.36,16.36,2
ORD-000491,2025-02-17 10:11:15,Monday,Campus,Delivery,DoorDash,Credit Card,,Fruit Cup,Snack,4.19,1,4.19,4.19,1
ORD-001765,2025-02-17 12:28:05,Monday,Riverside,Mobile,,Mobile Wallet,CUST-2755,Veggie Wrap,Food,7.53,1,7.53,7.53,1
ORD-001952,2025-02-17 13:45:57,Monday,Campus,In Store,,Mobile Wallet,,Caesar Salad,Food,8.37,2,16.74,46.71,5
ORD-001952,2025-02-17 13:45:57,Monday,Campus,In Store,,Mobile Wallet,,Turkey & Swiss Sandwich,Food,8.37,1,8.37,46.71,5
ORD-001952,2025-02-17 13:45:57,Monday,Campus,In Store,,Mobile Wallet,,Fruit Cup,Snack,4.12,2,8.24,46.71,5
ORD-001952,2025-02-17 13:45:57,Monday,Campus,In Store,,Mobile Wallet,,Espresso Shot,Beverage,2.77,2,5.54,46.71,5
ORD-001952,2025-02-17 13:45:57,Monday,Campus,In Store,,Mobile Wallet,,Avocado Toast,Food,7.82,1,7.82,46.71,5
ORD-002955,2025-02-17 14:03:45,Monday,Riverside,In Store,,Cash,,Cold Brew,Beverage,4.78,1,4.78,4.78,1
ORD-002843,2025-02-17 14:17:58,Monday,Riverside,Mobile,,Credit Card,CUST-4641,Caesar Salad,Food,8.25,1,8.25,8.25,1
ORD-000663,2025-02-17 18:14:56,Monday,Uptown,In Store,,Credit Card,,Breakfast Burrito,Food,7.59,1,7.59,12.99,2
ORD-000663,2025-02-17 18:14:56,Monday,Uptown,In Store,,Credit Card,,Granola & Yogurt Cup,Snack,5.4,1,5.4,12.99,2
ORD-001816,2025-02-18 08:29:23,Tuesday,Campus,Mobile,,Credit Card,CUST-4050,Americano,Beverage,3.38,2,6.76,20.94,4
ORD-001816,2025-02-18 08:29:23,Tuesday,Campus,Mobile,,Credit Card,CUST-4050,Breakfast Burrito,Food,7.63,1,7.63,20.94,4
ORD-001816,2025-02-18 08:29:23,Tuesday,Campus,Mobile,,Credit Card,CUST-4050,Hot Chocolate,Beverage,4.14,1,4.14,20.94,4
ORD-001816,2025-02-18 08:29:23,Tuesday,Campus,Mobile,,Credit Card,CUST-4050,Chocolate Chip Cookie,Pastry,2.41,1,2.41,20.94,4
ORD-000080,2025-02-18 09:20:42,Tuesday,Uptown,In Store,,Mobile Wallet,CUST-4406,Chocolate Chip Cookie,Pastry,2.8,1,2.8,2.8,1
ORD-001667,2025-02-18 09:39:27,Tuesday,Downtown,Mobile,,Mobile Wallet,CUST-4670,Granola & Yogurt Cup,Snack,4.86,1,4.86,4.86,1
ORD-001117,2025-02-18 11:18:03,Tuesday,Uptown,In Store,,Debit Card,,Americano,Beverage,3.37,1,3.37,21.23,2
ORD-001117,2025-02-18 11:18:03,Tuesday,Uptown,In Store,,Debit Card,,Turkey & Swiss Sandwich,Food,8.93,2,17.86,21.23,2
ORD-001693,2025-02-18 18:16:18,Tuesday,Campus,In Store,,Mobile Wallet,CUST-4619,Latte,Beverage,4.94,1,4.94,13.67,2
ORD-001693,2025-02-18 18:16:18,Tuesday,Campus,In Store,,Mobile Wallet,CUST-4619,Turkey & Swiss Sandwich,Food,8.73,1,8.73,13.67,2
ORD-001251,2025-02-18 18:41:21,Tuesday,Uptown,Delivery,Uber Eats,Mobile Wallet,CUST-4072,Croissant,Pastry,3.51,1,3.51,3.51,1
ORD-001045,2025-02-18 19:49:21,Tuesday,Downtown,In Store,,Credit Card,,Cappuccino,Beverage,4.23,1,4.23,9.05,2
ORD-001045,2025-02-18 19:49:21,Tuesday,Downtown,In Store,,Credit Card,,Chai Latte,Beverage,4.82,1,4.82,9.05,2
ORD-002468,2025-02-19 08:24:26,Wednesday,Riverside,In Store,,Credit Card,,Avocado Toast,Food,7.83,1,7.83,20.68,3
ORD-002468,2025-02-19 08:24:26,Wednesday,Riverside,In Store,,Credit Card,,Granola & Yogurt Cup,Snack,5.32,1,5.32,20.68,3
ORD-002468,2025-02-19 08:24:26,Wednesday,Riverside,In Store,,Credit Card,,Espresso Shot,Beverage,2.51,3,7.53,20.68,3
ORD-000277,2025-02-19 08:49:34,Wednesday,Downtown,In Store,,Credit Card,,Caesar Salad,Food,8.4,1,8.4,13.61,3
ORD-000277,2025-02-19 08:49:34,Wednesday,Downtown,In Store,,Credit Card,,Chocolate Chip Cookie,Pastry,2.98,1,2.98,13.61,3
ORD-000277,2025-02-19 08:49:34,Wednesday,Downtown,In Store,,Credit Card,,Bag of Chips,Snack,2.23,1,2.23,13.61,3
ORD-000126,2025-02-19 10:50:21,Wednesday,Riverside,In Store,,Credit Card,CUST-3085,Latte,Beverage,4.85,1,4.85,7.21,2
ORD-000126,2025-02-19 10:50:21,Wednesday,Riverside,In Store,,Credit Card,CUST-3085,Espresso Shot,Beverage,2.36,1,2.36,7.21,2
ORD-000382,2025-02-19 11:43:41,Wednesday,Campus,Mobile,,Debit Card,CUST-1949,Breakfast Burrito,Food,7.59,1,7.59,24.15,4
ORD-000382,2025-02-19 11:43:41,Wednesday,Campus,Mobile,,Debit Card,CUST-1949,Espresso Shot,Beverage,2.77,1,2.77,24.15,4
ORD-000382,2025-02-19 11:43:41,Wednesday,Campus,Mobile,,Debit Card,CUST-1949,Matcha Latte,Beverage,5.09,2,10.18,24.15,4
ORD-000382,2025-02-19 11:43:41,Wednesday,Campus,Mobile,,Debit Card,CUST-1949,Croissant,Pastry,3.61,1,3.61,24.15,4
ORD-000866,2025-02-19 11:47:53,Wednesday,Uptown,Mobile,,Credit Card,CUST-1898,Espresso Shot,Beverage,2.55,1,2.55,9.31,2
ORD-000866,2025-02-19 11:47:53,Wednesday,Uptown,Mobile,,Credit Card,CUST-1898,Protein Box,Snack,6.76,1,6.76,9.31,2
ORD-001043,2025-02-19 12:35:49,Wednesday,Uptown,In Store,,Mobile Wallet,,Fruit Cup,Snack,3.88,1,3.88,35.61,5
ORD-001043,2025-02-19 12:35:49,Wednesday,Uptown,In Store,,Mobile Wallet,,Americano,Beverage,3.08,1,3.08,35.61,5
ORD-001043,2025-02-19 12:35:49,Wednesday,Uptown,In Store,,Mobile Wallet,,Iced Tea,Beverage,3.07,1,3.07,35.61,5
ORD-001043,2025-02-19 12:35:49,Wednesday,Uptown,In Store,,Mobile Wallet,,Breakfast Burrito,Food,7.5,2,15.0,35.61,5
ORD-001043,2025-02-19 12:35:49,Wednesday,Uptown,In Store,,Mobile Wallet,,Granola & Yogurt Cup,Snack,5.29,2,10.58,35.61,5
ORD-002890,2025-02-19 15:34:58,Wednesday,Riverside,In Store,,Cash,,Veggie Wrap,Food,7.89,1,7.89,37.16,5
ORD-002890,2025-02-19 15:34:58,Wednesday,Riverside,In Store,,Cash,,Drip Coffee,Beverage,3.23,3,9.69,37.16,5
ORD-002890,2025-02-19 15:34:58,Wednesday,Riverside,In Store,,Cash,,Blueberry Muffin,Pastry,3.42,2,6.84,37.16,5
ORD-002890,2025-02-19 15:34:58,Wednesday,Riverside,In Store,,Cash,,Chocolate Chip Cookie,Pastry,2.78,1,2.78,37.16,5
ORD-002890,2025-02-19 15:34:58,Wednesday,Riverside,In Store,,Cash,,Iced Tea,Beverage,3.32,3,9.96,37.16,5
ORD-001985,2025-02-19 16:46:13,Wednesday,Campus,In Store,,Cash,,Matcha Latte,Beverage,5.42,1,5.42,5.42,1
ORD-001294,2025-02-20 06:07:09,Thursday,Riverside,In Store,,Credit Card,,Turkey & Swiss Sandwich,Food,8.78,3,26.34,49.95,2
ORD-001294,2025-02-20 06:07:09,Thursday,Riverside,In Store,,Credit Card,,Veggie Wrap,Food,7.87,3,23.61,49.95,2
ORD-002790,2025-02-20 07:26:20,Thursday,Downtown,Mobile,,Credit Card,CUST-2207,Mocha,Beverage,5.03,2,10.06,13.81,2
ORD-002790,2025-02-20 07:26:20,Thursday,Downtown,Mobile,,Credit Card,CUST-2207,Croissant,Pastry,3.75,1,3.75,13.81,2
ORD-000014,2025-02-20 07:46:21,Thursday,Downtown,Mobile,,Credit Card,CUST-1784,Cinnamon Roll,Pastry,3.89,1,3.89,3.89,1
ORD-001463,2025-02-20 08:37:23,Thursday,Campus,Mobile,,Mobile Wallet,CUST-1403,Matcha Latte,Beverage,5.39,1,5.39,5.39,1
ORD-000976,2025-02-20 11:37:39,Thursday,Campus,Delivery,Uber Eats,Credit Card,CUST-2996,Bagel w/ Cream Cheese,Pastry,4.04,1,4.04,18.28,3
ORD-000976,2025-02-20 11:37:39,Thursday,Campus,Delivery,Uber Eats,Credit Card,CUST-2996,Matcha Latte,Beverage,5.09,2,10.18,18.28,3
ORD-000976,2025-02-20 11:37:39,Thursday,Campus,Delivery,Uber Eats,Credit Card,CUST-2996,Cappuccino,Beverage,4.06,1,4.06,18.28,3
ORD-001449,2025-02-20 12:29:48,Thursday,Campus,Mobile,,Credit Card,CUST-4197,Fruit Cup,Snack,3.97,3,11.91,30.88,3
ORD-001449,2025-02-20 12:29:48,Thursday,Campus,Mobile,,Credit Card,CUST-4197,Veggie Wrap,Food,7.62,2,15.24,30.88,3
ORD-001449,2025-02-20 12:29:48,Thursday,Campus,Mobile,,Credit Card,CUST-4197,Blueberry Muffin,Pastry,3.73,1,3.73,30.88,3
ORD-000613,2025-02-20 13:02:15,Thursday,Uptown,In Store,,Debit Card,,Espresso Shot,Beverage,2.41,1,2.41,2.41,1
ORD-002800,2025-02-20 13:21:39,Thursday,Riverside,In Store,,Mobile Wallet,,Fruit Cup,Snack,4.02,1,4.02,4.02,1
ORD-001566,2025-02-21 07:34:17,Friday,Downtown,In Store,,Debit Card,CUST-2635,Caesar Salad,Food,8.45,1,8.45,8.45,1
ORD-001780,2025-02-21 08:15:42,Friday,Downtown,In Store,,Debit Card,,Croissant,Pastry,3.6,1,3.6,3.6,1
ORD-001785,2025-02-21 08:27:01,Friday,Downtown,In Store,,Mobile Wallet,,Breakfast Burrito,Food,7.32,2,14.64,14.64,1
ORD-000219,2025-02-21 10:20:08,Friday,Campus,Delivery,Uber Eats,Mobile Wallet,,Turkey & Swiss Sandwich,Food,8.95,1,8.95,8.95,1
ORD-002755,2025-02-21 10:20:16,Friday,Campus,Delivery,Uber Eats,Credit Card,,Croissant,Pastry,3.33,1,3.33,3.33,1
ORD-000064,2025-02-21 11:44:19,Friday,Downtown,Delivery,DoorDash,Debit Card,CUST-2535,Scone,Pastry,3.28,1,3.28,8.04,2
ORD-000064,2025-02-21 11:44:19,Friday,Downtown,Delivery,DoorDash,Debit Card,CUST-2535,Chai Latte,Beverage,4.76,1,4.76,8.04,2
ORD-000902,2025-02-21 12:38:09,Friday,Riverside,Delivery,Grubhub,Debit Card,,Americano,Beverage,3.11,1,3.11,6.91,2
ORD-000902,2025-02-21 12:38:09,Friday,Riverside,Delivery,Grubhub,Debit Card,,Cinnamon Roll,Pastry,3.8,1,3.8,6.91,2
ORD-000810,2025-02-21 13:25:51,Friday,Uptown,Mobile,,Debit Card,CUST-1527,Blueberry Muffin,Pastry,3.36,1,3.36,28.26,2
ORD-000810,2025-02-21 13:25:51,Friday,Uptown,Mobile,,Debit Card,CUST-1527,Caesar Salad,Food,8.3,3,24.9,28.26,2
ORD-001439,2025-02-21 14:08:52,Friday,Uptown,In Store,,Mobile Wallet,,Blueberry Muffin,Pastry,3.53,2,7.06,7.06,1
ORD-001356,2025-02-21 16:52:17,Friday,Downtown,In Store,,Credit Card,,Chocolate Chip Cookie,Pastry,2.63,1,2.63,6.36,2
ORD-001356,2025-02-21 16:52:17,Friday,Downtown,In Store,,Credit Card,,Americano,Beverage,3.73,1,3.73,6.36,2
ORD-001875,2025-02-22 06:06:58,Saturday,Campus,Mobile,,Mobile Wallet,CUST-2558,Drip Coffee,Beverage,3.05,2,6.1,19.81,3
ORD-001875,2025-02-22 06:06:58,Saturday,Campus,Mobile,,Mobile Wallet,CUST-2558,Latte,Beverage,4.37,1,4.37,19.81,3
ORD-001875,2025-02-22 06:06:58,Saturday,Campus,Mobile,,Mobile Wallet,CUST-2558,Cappuccino,Beverage,4.67,2,9.34,19.81,3
ORD-000003,2025-02-22 07:06:22,Saturday,Riverside,Mobile,,Credit Card,CUST-3988,Blueberry Muffin,Pastry,3.66,1,3.66,6.88,2
ORD-000003,2025-02-22 07:06:22,Saturday,Riverside,Mobile,,Credit Card,CUST-3988,Americano,Beverage,3.22,1,3.22,6.88,2
ORD-000786,2025-02-22 08:33:37,Saturday,Campus,Mobile,,Debit Card,CUST-3357,Avocado Toast,Food,8.25,3,24.75,37.18,3
ORD-000786,2025-02-22 08:33:37,Saturday,Campus,Mobile,,Debit Card,CUST-3357,Breakfast Burrito,Food,7.68,1,7.68,37.18,3
ORD-000786,2025-02-22 08:33:37,Saturday,Campus,Mobile,,Debit Card,CUST-3357,Matcha Latte,Beverage,4.75,1,4.75,37.18,3
ORD-002166,2025-02-22 08:45:39,Saturday,Riverside,In Store,,Mobile Wallet,,Granola & Yogurt Cup,Snack,5.34,1,5.34,5.34,1
ORD-001654,2025-02-22 09:16:20,Saturday,Uptown,Mobile,,Credit Card,CUST-1390,Chocolate Chip Cookie,Pastry,2.46,2,4.92,27.62,5
ORD-001654,2025-02-22 09:16:20,Saturday,Uptown,Mobile,,Credit Card,CUST-1390,Granola & Yogurt Cup,Snack,4.83,1,4.83,27.62,5
ORD-001654,2025-02-22 09:16:20,Saturday,Uptown,Mobile,,Credit Card,CUST-1390,Mocha,Beverage,5.14,2,10.28,27.62,5
ORD-001654,2025-02-22 09:16:20,Saturday,Uptown,Mobile,,Credit Card,CUST-1390,Blueberry Muffin,Pastry,3.1,1,3.1,27.62,5
ORD-001654,2025-02-22 09:16:20,Saturday,Uptown,Mobile,,Credit Card,CUST-1390,Chai Latte,Beverage,4.49,1,4.49,27.62,5
ORD-002361,2025-02-22 10:53:56,Saturday,Uptown,In Store,,Credit Card,CUST-3224,Grilled Cheese,Food,6.8,3,20.4,20.4,1
ORD-000575,2025-02-22 14:50:59,Saturday,Uptown,Mobile,,Debit Card,CUST-4928,Iced Tea,Beverage,3.27,3,9.81,9.81,1
ORD-001244,2025-02-22 17:06:05,Saturday,Campus,Delivery,Uber Eats,Mobile Wallet,CUST-3812,Iced Tea,Beverage,3.28,2,6.56,6.56,1
ORD-002360,2025-02-22 17:19:17,Saturday,Downtown,Mobile,,Debit Card,CUST-1783,Turkey & Swiss Sandwich,Food,8.35,1,8.35,16.77,3
ORD-002360,2025-02-22 17:19:17,Saturday,Downtown,Mobile,,Debit Card,CUST-1783,Granola & Yogurt Cup,Snack,5.37,1,5.37,16.77,3
ORD-002360,2025-02-22 17:19:17,Saturday,Downtown,Mobile,,Debit Card,CUST-1783,Americano,Beverage,3.05,1,3.05,16.77,3
ORD-002112,2025-02-23 08:04:13,Sunday,Downtown,In Store,,Mobile Wallet,,Bagel w/ Cream Cheese,Pastry,4.1,1,4.1,4.1,1
ORD-002945,2025-02-23 09:46:36,Sunday,Campus,In Store,,Debit Card,,Granola & Yogurt Cup,Snack,4.87,1,4.87,21.58,3
ORD-002945,2025-02-23 09:46:36,Sunday,Campus,In Store,,Debit Card,,Bag of Chips,Snack,2.02,3,6.06,21.58,3
ORD-002945,2025-02-23 09:46:36,Sunday,Campus,In Store,,Debit Card,,Bagel w/ Cream Cheese,Pastry,3.55,3,10.65,21.58,3
ORD-000679,2025-02-23 12:48:39,Sunday,Downtown,Delivery,Uber Eats,Mobile Wallet,,Caesar Salad,Food,8.58,1,8.58,18.09,3
ORD-000679,2025-02-23 12:48:39,Sunday,Downtown,Delivery,Uber Eats,Mobile Wallet,,Chocolate Chip Cookie,Pastry,2.96,2,5.92,18.09,3
ORD-000679,2025-02-23 12:48:39,Sunday,Downtown,Delivery,Uber Eats,Mobile Wallet,,Hot Chocolate,Beverage,3.59,1,3.59,18.09,3
ORD-001194,2025-02-23 15:53:20,Sunday,Campus,Mobile,,Mobile Wallet,CUST-2542,Turkey & Swiss Sandwich,Food,8.85,1,8.85,27.99,4
ORD-001194,2025-02-23 15:53:20,Sunday,Campus,Mobile,,Mobile Wallet,CUST-2542,Caesar Salad,Food,8.7,1,8.7,27.99,4
ORD-001194,2025-02-23 15:53:20,Sunday,Campus,Mobile,,Mobile Wallet,CUST-2542,Chocolate Chip Cookie,Pastry,2.98,1,2.98,27.99,4
ORD-001194,2025-02-23 15:53:20,Sunday,Campus,Mobile,,Mobile Wallet,CUST-2542,Breakfast Burrito,Food,7.46,1,7.46,27.99,4
ORD-000849,2025-02-24 07:10:20,Monday,Campus,Mobile,,Credit Card,CUST-4199,Bagel w/ Cream Cheese,Pastry,3.58,1,3.58,14.75,3
ORD-000849,2025-02-24 07:10:20,Monday,Campus,Mobile,,Credit Card,CUST-4199,Grilled Cheese,Food,6.71,1,6.71,14.75,3
ORD-000849,2025-02-24 07:10:20,Monday,Campus,Mobile,,Credit Card,CUST-4199,Chai Latte,Beverage,4.46,1,4.46,14.75,3
ORD-000685,2025-02-24 08:16:57,Monday,Downtown,In Store,,Mobile Wallet,,Bagel w/ Cream Cheese,Pastry,3.98,2,7.96,19.75,4
ORD-000685,2025-02-24 08:16:57,Monday,Downtown,In Store,,Mobile Wallet,,Americano,Beverage,3.31,1,3.31,19.75,4
ORD-000685,2025-02-24 08:16:57,Monday,Downtown,In Store,,Mobile Wallet,,Mocha,Beverage,5.01,1,5.01,19.75,4
ORD-000685,2025-02-24 08:16:57,Monday,Downtown,In Store,,Mobile Wallet,,Blueberry Muffin,Pastry,3.47,1,3.47,19.75,4
ORD-002997,2025-02-24 08:31:33,Monday,Downtown,In Store,,Debit Card,CUST-2001,Turkey & Swiss Sandwich,Food,8.45,1,8.45,19.27,4
ORD-002997,2025-02-24 08:31:33,Monday,Downtown,In Store,,Debit Card,CUST-2001,Scone,Pastry,3.46,1,3.46,19.27,4
ORD-002997,2025-02-24 08:31:33,Monday,Downtown,In Store,,Debit Card,CUST-2001,Bagel w/ Cream Cheese,Pastry,4.15,1,4.15,19.27,4
ORD-002997,2025-02-24 08:31:33,Monday,Downtown,In Store,,Debit Card,CUST-2001,Iced Tea,Beverage,3.21,1,3.21,19.27,4
ORD-000973,2025-02-24 08:41:29,Monday,Uptown,In Store,,Cash,,Espresso Shot,Beverage,2.39,3,7.17,25.53,5
ORD-000973,2025-02-24 08:41:29,Monday,Uptown,In Store,,Cash,,Cappuccino,Beverage,4.22,1,4.22,25.53,5
ORD-000973,2025-02-24 08:41:29,Monday,Uptown,In Store,,Cash,,Bagel w/ Cream Cheese,Pastry,3.98,1,3.98,25.53,5
ORD-000973,2025-02-24 08:41:29,Monday,Uptown,In Store,,Cash,,Americano,Beverage,3.23,1,3.23,25.53,5
ORD-000973,2025-02-24 08:41:29,Monday,Uptown,In Store,,Cash,,Protein Box,Snack,6.93,1,6.93,25.53,5
ORD-002292,2025-02-24 11:08:12,Monday,Riverside,Mobile,,Debit Card,CUST-3699,Americano,Beverage,3.17,1,3.17,12.14,3
ORD-002292,2025-02-24 11:08:12,Monday,Riverside,Mobile,,Debit Card,CUST-3699,Espresso Shot,Beverage,2.95,2,5.9,12.14,3
ORD-002292,2025-02-24 11:08:12,Monday,Riverside,Mobile,,Debit Card,CUST-3699,Iced Tea,Beverage,3.07,1,3.07,12.14,3
ORD-000937,2025-02-24 13:03:45,Monday,Downtown,In Store,,Credit Card,CUST-4896,Chocolate Chip Cookie,Pastry,2.42,1,2.42,2.42,1
ORD-002635,2025-02-24 13:30:07,Monday,Riverside,In Store,,Cash,CUST-3908,Blueberry Muffin,Pastry,3.67,1,3.67,3.67,1
ORD-000962,2025-02-24 14:55:13,Monday,Riverside,In Store,,Credit Card,,Cinnamon Roll,Pastry,4.38,2,8.76,16.45,3
ORD-000962,2025-02-24 14:55:13,Monday,Riverside,In Store,,Credit Card,,Croissant,Pastry,3.42,1,3.42,16.45,3
ORD-000962,2025-02-24 14:55:13,Monday,Riverside,In Store,,Credit Card,,Latte,Beverage,4.27,1,4.27,16.45,3
ORD-002389,2025-02-24 15:34:40,Monday,Campus,In Store,,Credit Card,CUST-4688,Hot Chocolate,Beverage,4.08,1,4.08,4.08,1
ORD-000351,2025-02-25 06:55:56,Tuesday,Uptown,Mobile,,Debit Card,CUST-3082,Breakfast Burrito,Food,7.23,2,14.46,39.46,5
ORD-000351,2025-02-25 06:55:56,Tuesday,Uptown,Mobile,,Debit Card,CUST-3082,Americano,Beverage,3.15,1,3.15,39.46,5
ORD-000351,2025-02-25 06:55:56,Tuesday,Uptown,Mobile,,Debit Card,CUST-3082,Bagel w/ Cream Cheese,Pastry,3.53,1,3.53,39.46,5
ORD-000351,2025-02-25 06:55:56,Tuesday,Uptown,Mobile,,Debit Card,CUST-3082,Turkey & Swiss Sandwich,Food,8.81,1,8.81,39.46,5
ORD-000351,2025-02-25 06:55:56,Tuesday,Uptown,Mobile,,Debit Card,CUST-3082,Iced Tea,Beverage,3.17,3,9.51,39.46,5
ORD-002662,2025-02-25 09:50:44,Tuesday,Uptown,In Store,,Mobile Wallet,,Drip Coffee,Beverage,3.15,1,3.15,3.15,1
ORD-000027,2025-02-25 12:22:46,Tuesday,Campus,Mobile,,Mobile Wallet,CUST-3094,Avocado Toast,Food,7.73,1,7.73,7.73,1
ORD-000223,2025-02-25 14:03:24,Tuesday,Campus,In Store,,Credit Card,,Croissant,Pastry,3.9,1,3.9,6.98,2
ORD-000223,2025-02-25 14:03:24,Tuesday,Campus,In Store,,Credit Card,,Blueberry Muffin,Pastry,3.08,1,3.08,6.98,2
ORD-001441,2025-02-25 15:19:32,Tuesday,Riverside,In Store,,Credit Card,CUST-2282,Mocha,Beverage,4.98,1,4.98,20.41,4
ORD-001441,2025-02-25 15:19:32,Tuesday,Riverside,In Store,,Credit Card,CUST-2282,Protein Box,Snack,7.01,1,7.01,20.41,4
ORD-001441,2025-02-25 15:19:32,Tuesday,Riverside,In Store,,Credit Card,CUST-2282,Latte,Beverage,4.84,1,4.84,20.41,4
ORD-001441,2025-02-25 15:19:32,Tuesday,Riverside,In Store,,Credit Card,CUST-2282,Hot Chocolate,Beverage,3.58,1,3.58,20.41,4
ORD-002478,2025-02-25 15:53:31,Tuesday,Campus,In Store,,Debit Card,,Chocolate Chip Cookie,Pastry,2.95,1,2.95,10.96,2
ORD-002478,2025-02-25 15:53:31,Tuesday,Campus,In Store,,Debit Card,,Avocado Toast,Food,8.01,1,8.01,10.96,2
ORD-000654,2025-02-26 07:22:23,Wednesday,Uptown,Mobile,,Debit Card,CUST-2885,Turkey & Swiss Sandwich,Food,8.93,3,26.79,26.79,1
ORD-000628,2025-02-26 08:02:08,Wednesday,Riverside,In Store,,Cash,CUST-1815,Americano,Beverage,3.59,1,3.59,19.6,4
ORD-000628,2025-02-26 08:02:08,Wednesday,Riverside,In Store,,Cash,CUST-1815,Chocolate Chip Cookie,Pastry,2.79,1,2.79,19.6,4
ORD-000628,2025-02-26 08:02:08,Wednesday,Riverside,In Store,,Cash,CUST-1815,Matcha Latte,Beverage,4.85,1,4.85,19.6,4
ORD-000628,2025-02-26 08:02:08,Wednesday,Riverside,In Store,,Cash,CUST-1815,Caesar Salad,Food,8.37,1,8.37,19.6,4
ORD-002503,2025-02-26 08:27:59,Wednesday,Campus,In Store,,Credit Card,,Iced Tea,Beverage,2.89,1,2.89,2.89,1
ORD-001688,2025-02-26 08:55:50,Wednesday,Uptown,Mobile,,Credit Card,CUST-1585,Turkey & Swiss Sandwich,Food,8.5,1,8.5,13.01,2
ORD-001688,2025-02-26 08:55:50,Wednesday,Uptown,Mobile,,Credit Card,CUST-1585,Cold Brew,Beverage,4.51,1,4.51,13.01,2
ORD-002435,2025-02-26 11:17:22,Wednesday,Uptown,Mobile,,Debit Card,CUST-2011,Turkey & Swiss Sandwich,Food,8.51,1,8.51,28.15,5
ORD-002435,2025-02-26 11:17:22,Wednesday,Uptown,Mobile,,Debit Card,CUST-2011,Drip Coffee,Beverage,3.13,2,6.26,28.15,5
ORD-002435,2025-02-26 11:17:22,Wednesday,Uptown,Mobile,,Debit Card,CUST-2011,Cinnamon Roll,Pastry,4.22,1,4.22,28.15,5
ORD-002435,2025-02-26 11:17:22,Wednesday,Uptown,Mobile,,Debit Card,CUST-2011,Hot Chocolate,Beverage,3.82,1,3.82,28.15,5
ORD-002435,2025-02-26 11:17:22,Wednesday,Uptown,Mobile,,Debit Card,CUST-2011,Matcha Latte,Beverage,5.34,1,5.34,28.15,5
ORD-001335,2025-02-26 12:11:11,Wednesday,Campus,In Store,,Mobile Wallet,,Turkey & Swiss Sandwich,Food,8.37,1,8.37,8.37,1
ORD-002269,2025-02-26 13:38:20,Wednesday,Riverside,In Store,,Debit Card,,Veggie Wrap,Food,8.15,3,24.45,32.54,2
ORD-002269,2025-02-26 13:38:20,Wednesday,Riverside,In Store,,Debit Card,,Avocado Toast,Food,8.09,1,8.09,32.54,2
ORD-002646,2025-02-26 14:31:56,Wednesday,Riverside,In Store,,Credit Card,CUST-4504,Cold Brew,Beverage,4.88,2,9.76,19.85,3
ORD-002646,2025-02-26 14:31:56,Wednesday,Riverside,In Store,,Credit Card,CUST-4504,Americano,Beverage,3.05,1,3.05,19.85,3
ORD-002646,2025-02-26 14:31:56,Wednesday,Riverside,In Store,,Credit Card,CUST-4504,Protein Box,Snack,7.04,1,7.04,19.85,3
ORD-000762,2025-02-26 14:58:54,Wednesday,Campus,In Store,,Mobile Wallet,CUST-4541,Matcha Latte,Beverage,4.84,1,4.84,4.84,1
ORD-001052,2025-02-26 16:00:26,Wednesday,Uptown,In Store,,Mobile Wallet,CUST-3966,Croissant,Pastry,3.76,1,3.76,7.07,2
ORD-001052,2025-02-26 16:00:26,Wednesday,Uptown,In Store,,Mobile Wallet,CUST-3966,Americano,Beverage,3.31,1,3.31,7.07,2
ORD-002523,2025-02-26 17:04:10,Wednesday,Downtown,Mobile,,Debit Card,CUST-2118,Cold Brew,Beverage,5.24,2,10.48,33.92,3
ORD-002523,2025-02-26 17:04:10,Wednesday,Downtown,Mobile,,Debit Card,CUST-2118,Breakfast Burrito,Food,7.44,1,7.44,33.92,3
ORD-002523,2025-02-26 17:04:10,Wednesday,Downtown,Mobile,,Debit Card,CUST-2118,Veggie Wrap,Food,8.0,2,16.0,33.92,3
ORD-002374,2025-02-26 17:45:59,Wednesday,Downtown,Delivery,Uber Eats,Mobile Wallet,,Caesar Salad,Food,8.65,1,8.65,8.65,1
ORD-000712,2025-02-26 19:31:59,Wednesday,Campus,Mobile,,Mobile Wallet,CUST-1615,Hot Chocolate,Beverage,3.62,1,3.62,10.67,2
ORD-000712,2025-02-26 19:31:59,Wednesday,Campus,Mobile,,Mobile Wallet,CUST-1615,Breakfast Burrito,Food,7.05,1,7.05,10.67,2
ORD-001962,2025-02-26 20:19:58,Wednesday,Campus,In Store,,Credit Card,,Espresso Shot,Beverage,2.31,1,2.31,2.31,1
ORD-000146,2025-02-27 07:42:26,Thursday,Downtown,Mobile,,Credit Card,CUST-1844,Breakfast Burrito,Food,7.45,1,7.45,7.45,1
ORD-001185,2025-02-27 10:02:31,Thursday,Uptown,Delivery,Uber Eats,Credit Card,CUST-4660,Turkey & Swiss Sandwich,Food,8.52,1,8.52,16.47,3
ORD-001185,2025-02-27 10:02:31,Thursday,Uptown,Delivery,Uber Eats,Credit Card,CUST-4660,Chai Latte,Beverage,4.6,1,4.6,16.47,3
ORD-001185,2025-02-27 10:02:31,Thursday,Uptown,Delivery,Uber Eats,Credit Card,CUST-4660,Iced Tea,Beverage,3.35,1,3.35,16.47,3
ORD-000648,2025-02-27 11:07:14,Thursday,Riverside,In Store,,Debit Card,CUST-2366,Cappuccino,Beverage,4.45,2,8.9,8.9,1
ORD-001070,2025-02-27 12:25:58,Thursday,Uptown,Mobile,,Credit Card,CUST-3121,Chai Latte,Beverage,4.43,1,4.43,4.43,1
ORD-000832,2025-02-27 14:23:26,Thursday,Uptown,Mobile,,Credit Card,CUST-4258,Matcha Latte,Beverage,5.27,1,5.27,8.8,2
ORD-000832,2025-02-27 14:23:26,Thursday,Uptown,Mobile,,Credit Card,CUST-4258,Americano,Beverage,3.53,1,3.53,8.8,2
ORD-002315,2025-02-27 15:13:20,Thursday,Uptown,Delivery,Uber Eats,Credit Card,,Bagel w/ Cream Cheese,Pastry,4.17,1,4.17,4.17,1
ORD-000499,2025-02-27 15:44:12,Thursday,Uptown,Mobile,,Debit Card,CUST-3656,Chai Latte,Beverage,4.72,1,4.72,4.72,1
ORD-001481,2025-02-27 16:28:10,Thursday,Campus,In Store,,Mobile Wallet,,Avocado Toast,Food,8.31,1,8.31,32.52,4
ORD-001481,2025-02-27 16:28:10,Thursday,Campus,In Store,,Mobile Wallet,,Chai Latte,Beverage,4.51,1,4.51,32.52,4
ORD-001481,2025-02-27 16:28:10,Thursday,Campus,In Store,,Mobile Wallet,,Turkey & Swiss Sandwich,Food,8.45,2,16.9,32.52,4
ORD-001481,2025-02-27 16:28:10,Thursday,Campus,In Store,,Mobile Wallet,,Drip Coffee,Beverage,2.8,1,2.8,32.52,4
ORD-000781,2025-02-28 07:27:31,Friday,Campus,In Store,,Credit Card,,Drip Coffee,Beverage,3.19,1,3.19,6.52,2
ORD-000781,2025-02-28 07:27:31,Friday,Campus,In Store,,Credit Card,,Blueberry Muffin,Pastry,3.33,1,3.33,6.52,2
ORD-000088,2025-02-28 10:20:10,Friday,Campus,Mobile,,Mobile Wallet,CUST-4767,Americano,Beverage,3.3,1,3.3,5.99,2
ORD-000088,2025-02-28 10:20:10,Friday,Campus,Mobile,,Mobile Wallet,CUST-4767,Chocolate Chip Cookie,Pastry,2.69,1,2.69,5.99,2
ORD-002498,2025-02-28 11:40:03,Friday,Campus,Delivery,DoorDash,Credit Card,,Cold Brew,Beverage,4.54,2,9.08,13.82,2
ORD-002498,2025-02-28 11:40:03,Friday,Campus,Delivery,DoorDash,Credit Card,,Latte,Beverage,4.74,1,4.74,13.82,2
ORD-002952,2025-02-28 12:36:24,Friday,Riverside,Mobile,,Mobile Wallet,CUST-3353,Cold Brew,Beverage,4.84,1,4.84,29.5,5
ORD-002952,2025-02-28 12:36:24,Friday,Riverside,Mobile,,Mobile Wallet,CUST-3353,Blueberry Muffin,Pastry,3.62,2,7.24,29.5,5
ORD-002952,2025-02-28 12:36:24,Friday,Riverside,Mobile,,Mobile Wallet,CUST-3353,Matcha Latte,Beverage,5.38,1,5.38,29.5,5
ORD-002952,2025-02-28 12:36:24,Friday,Riverside,Mobile,,Mobile Wallet,CUST-3353,Veggie Wrap,Food,7.93,1,7.93,29.5,5
ORD-002952,2025-02-28 12:36:24,Friday,Riverside,Mobile,,Mobile Wallet,CUST-3353,Fruit Cup,Snack,4.11,1,4.11,29.5,5
ORD-001811,2025-02-28 13:10:30,Friday,Campus,Delivery,Grubhub,Debit Card,CUST-1263,Matcha Latte,Beverage,5.31,1,5.31,5.31,1
ORD-002867,2025-02-28 14:32:19,Friday,Campus,In Store,,Credit Card,,Chai Latte,Beverage,4.77,1,4.77,4.77,1
ORD-000049,2025-02-28 15:25:31,Friday,Downtown,In Store,,Credit Card,CUST-3305,Turkey & Swiss Sandwich,Food,8.9,1,8.9,21.11,4
ORD-000049,2025-02-28 15:25:31,Friday,Downtown,In Store,,Credit Card,CUST-3305,Americano,Beverage,3.34,1,3.34,21.11,4
ORD-000049,2025-02-28 15:25:31,Friday,Downtown,In Store,,Credit Card,CUST-3305,Chai Latte,Beverage,4.42,1,4.42,21.11,4
ORD-000049,2025-02-28 15:25:31,Friday,Downtown,In Store,,Credit Card,CUST-3305,Cappuccino,Beverage,4.45,1,4.45,21.11,4
ORD-002143,2025-02-28 17:50:48,Friday,Downtown,In Store,,Debit Card,,Chai Latte,Beverage,4.84,1,4.84,4.84,1
ORD-002287,2025-02-28 17:54:20,Friday,Uptown,Mobile,,Mobile Wallet,CUST-2045,Grilled Cheese,Food,6.43,1,6.43,6.43,1
ORD-000227,2025-03-01 09:25:30,Saturday,Riverside,In Store,,Cash,,Blueberry Muffin,Pastry,3.35,1,3.35,6.93,2
ORD-000227,2025-03-01 09:25:30,Saturday,Riverside,In Store,,Cash,,Croissant,Pastry,3.58,1,3.58,6.93,2
ORD-001690,2025-03-01 09:56:50,Saturday,Downtown,In Store,,Credit Card,CUST-1121,Mocha,Beverage,5.1,1,5.1,12.24,3
ORD-001690,2025-03-01 09:56:50,Saturday,Downtown,In Store,,Credit Card,CUST-1121,Fruit Cup,Snack,4.28,1,4.28,12.24,3
ORD-001690,2025-03-01 09:56:50,Saturday,Downtown,In Store,,Credit Card,CUST-1121,Iced Tea,Beverage,2.86,1,2.86,12.24,3
ORD-002241,2025-03-01 10:37:09,Saturday,Riverside,In Store,,Credit Card,,Chai Latte,Beverage,4.28,1,4.28,24.97,5
ORD-002241,2025-03-01 10:37:09,Saturday,Riverside,In Store,,Credit Card,,Scone,Pastry,3.31,2,6.62,24.97,5
ORD-002241,2025-03-01 10:37:09,Saturday,Riverside,In Store,,Credit Card,,Hot Chocolate,Beverage,4.2,1,4.2,24.97,5
ORD-002241,2025-03-01 10:37:09,Saturday,Riverside,In Store,,Credit Card,,Espresso Shot,Beverage,2.39,1,2.39,24.97,5
ORD-002241,2025-03-01 10:37:09,Saturday,Riverside,In Store,,Credit Card,,Bagel w/ Cream Cheese,Pastry,3.74,2,7.48,24.97,5
ORD-002834,2025-03-01 14:41:31,Saturday,Uptown,Mobile,,Credit Card,CUST-4787,Matcha Latte,Beverage,4.76,1,4.76,29.48,5
ORD-002834,2025-03-01 14:41:31,Saturday,Uptown,Mobile,,Credit Card,CUST-4787,Hot Chocolate,Beverage,4.22,1,4.22,29.48,5
ORD-002834,2025-03-01 14:41:31,Saturday,Uptown,Mobile,,Credit Card,CUST-4787,Chai Latte,Beverage,4.29,1,4.29,29.48,5
ORD-002834,2025-03-01 14:41:31,Saturday,Uptown,Mobile,,Credit Card,CUST-4787,Cappuccino,Beverage,4.26,2,8.52,29.48,5
ORD-002834,2025-03-01 14:41:31,Saturday,Uptown,Mobile,,Credit Card,CUST-4787,Veggie Wrap,Food,7.69,1,7.69,29.48,5
ORD-000817,2025-03-01 15:36:16,Saturday,Uptown,Delivery,DoorDash,Mobile Wallet,,Chocolate Chip Cookie,Pastry,2.63,1,2.63,6.85,2
ORD-000817,2025-03-01 15:36:16,Saturday,Uptown,Delivery,DoorDash,Mobile Wallet,,Fruit Cup,Snack,4.22,1,4.22,6.85,2
ORD-002332,2025-03-02 07:38:56,Sunday,Uptown,Delivery,DoorDash,Debit Card,,Matcha Latte,Beverage,4.75,2,9.5,9.5,1
ORD-000611,2025-03-02 08:38:44,Sunday,Campus,In Store,,Debit Card,CUST-1527,Veggie Wrap,Food,7.69,1,7.69,12.25,2
ORD-000611,2025-03-02 08:38:44,Sunday,Campus,In Store,,Debit Card,CUST-1527,Cold Brew,Beverage,4.56,1,4.56,12.25,2
ORD-001283,2025-03-02 09:24:07,Sunday,Riverside,Delivery,Grubhub,Credit Card,,Mocha,Beverage,4.79,1,4.79,17.52,3
ORD-001283,2025-03-02 09:24:07,Sunday,Riverside,Delivery,Grubhub,Credit Card,,Chai Latte,Beverage,4.91,1,4.91,17.52,3
ORD-001283,2025-03-02 09:24:07,Sunday,Riverside,Delivery,Grubhub,Credit Card,,Avocado Toast,Food,7.82,1,7.82,17.52,3
ORD-001457,2025-03-02 09:54:58,Sunday,Uptown,Delivery,Uber Eats,Credit Card,CUST-1472,Bag of Chips,Snack,1.91,2,3.82,10.3,3
ORD-001457,2025-03-02 09:54:58,Sunday,Uptown,Delivery,Uber Eats,Credit Card,CUST-1472,Espresso Shot,Beverage,2.98,1,2.98,10.3,3
ORD-001457,2025-03-02 09:54:58,Sunday,Uptown,Delivery,Uber Eats,Credit Card,CUST-1472,Hot Chocolate,Beverage,3.5,1,3.5,10.3,3
ORD-001634,2025-03-02 10:31:23,Sunday,Uptown,In Store,,Credit Card,,Scone,Pastry,3.57,1,3.57,3.57,1
ORD-000878,2025-03-02 12:33:06,Sunday,Campus,Mobile,,Credit Card,CUST-3705,Americano,Beverage,3.66,1,3.66,5.87,2
ORD-000878,2025-03-02 12:33:06,Sunday,Campus,Mobile,,Credit Card,CUST-3705,Bag of Chips,Snack,2.21,1,2.21,5.87,2
ORD-001066,2025-03-02 14:46:13,Sunday,Riverside,In Store,,Mobile Wallet,CUST-1259,Cold Brew,Beverage,4.78,1,4.78,14.95,3
ORD-001066,2025-03-02 14:46:13,Sunday,Riverside,In Store,,Mobile Wallet,CUST-1259,Blueberry Muffin,Pastry,3.08,2,6.16,14.95,3
ORD-001066,2025-03-02 14:46:13,Sunday,Riverside,In Store,,Mobile Wallet,CUST-1259,Bagel w/ Cream Cheese,Pastry,4.01,1,4.01,14.95,3
ORD-002954,2025-03-02 15:12:05,Sunday,Campus,Mobile,,Debit Card,CUST-1534,Avocado Toast,Food,8.01,1,8.01,24.13,5
ORD-002954,2025-03-02 15:12:05,Sunday,Campus,Mobile,,Debit Card,CUST-1534,Americano,Beverage,3.34,1,3.34,24.13,5
ORD-002954,2025-03-02 15:12:05,Sunday,Campus,Mobile,,Debit Card,CUST-1534,Matcha Latte,Beverage,4.76,1,4.76,24.13,5
ORD-002954,2025-03-02 15:12:05,Sunday,Campus,Mobile,,Debit Card,CUST-1534,Croissant,Pastry,3.96,1,3.96,24.13,5
ORD-002954,2025-03-02 15:12:05,Sunday,Campus,Mobile,,Debit Card,CUST-1534,Bagel w/ Cream Cheese,Pastry,4.06,1,4.06,24.13,5
ORD-000527,2025-03-03 07:15:48,Monday,Uptown,In Store,,Mobile Wallet,,Matcha Latte,Beverage,5.11,1,5.11,8.46,2
ORD-000527,2025-03-03 07:15:48,Monday,Uptown,In Store,,Mobile Wallet,,Americano,Beverage,3.35,1,3.35,8.46,2
ORD-000721,2025-03-03 12:15:13,Monday,Downtown,In Store,,Mobile Wallet,,Bagel w/ Cream Cheese,Pastry,4.14,1,4.14,20.84,4
ORD-000721,2025-03-03 12:15:13,Monday,Downtown,In Store,,Mobile Wallet,,Cold Brew,Beverage,4.82,1,4.82,20.84,4
ORD-000721,2025-03-03 12:15:13,Monday,Downtown,In Store,,Mobile Wallet,,Hot Chocolate,Beverage,4.13,2,8.26,20.84,4
ORD-000721,2025-03-03 12:15:13,Monday,Downtown,In Store,,Mobile Wallet,,Blueberry Muffin,Pastry,3.62,1,3.62,20.84,4
ORD-002210,2025-03-03 12:42:52,Monday,Uptown,Mobile,,Mobile Wallet,CUST-2686,Cappuccino,Beverage,4.5,1,4.5,7.66,2
ORD-002210,2025-03-03 12:42:52,Monday,Uptown,Mobile,,Mobile Wallet,CUST-2686,Scone,Pastry,3.16,1,3.16,7.66,2
ORD-002915,2025-03-03 16:42:21,Monday,Uptown,In Store,,Debit Card,,Granola & Yogurt Cup,Snack,5.33,1,5.33,10.49,2
ORD-002915,2025-03-03 16:42:21,Monday,Uptown,In Store,,Debit Card,,Matcha Latte,Beverage,5.16,1,5.16,10.49,2
ORD-002628,2025-03-03 19:10:26,Monday,Uptown,Mobile,,Debit Card,CUST-4952,Iced Tea,Beverage,3.11,1,3.11,3.11,1
ORD-002238,2025-03-04 06:24:05,Tuesday,Riverside,In Store,,Debit Card,CUST-4229,Grilled Cheese,Food,6.34,1,6.34,16.98,4
ORD-002238,2025-03-04 06:24:05,Tuesday,Riverside,In Store,,Debit Card,CUST-4229,Hot Chocolate,Beverage,3.55,1,3.55,16.98,4
ORD-002238,2025-03-04 06:24:05,Tuesday,Riverside,In Store,,Debit Card,CUST-4229,Croissant,Pastry,3.89,1,3.89,16.98,4
ORD-002238,2025-03-04 06:24:05,Tuesday,Riverside,In Store,,Debit Card,CUST-4229,Blueberry Muffin,Pastry,3.2,1,3.2,16.98,4
ORD-002482,2025-03-04 06:49:12,Tuesday,Uptown,In Store,,Debit Card,,Cold Brew,Beverage,5.2,1,5.2,15.47,3
ORD-002482,2025-03-04 06:49:12,Tuesday,Uptown,In Store,,Debit Card,,Espresso Shot,Beverage,2.99,1,2.99,15.47,3
ORD-002482,2025-03-04 06:49:12,Tuesday,Uptown,In Store,,Debit Card,,Breakfast Burrito,Food,7.28,1,7.28,15.47,3
ORD-001462,2025-03-04 09:15:35,Tuesday,Downtown,In Store,,Credit Card,,Cinnamon Roll,Pastry,4.0,2,8.0,8.0,1
ORD-000475,2025-03-04 12:15:54,Tuesday,Downtown,In Store,,Mobile Wallet,,Bag of Chips,Snack,2.41,1,2.41,19.45,4
ORD-000475,2025-03-04 12:15:54,Tuesday,Downtown,In Store,,Mobile Wallet,,Fruit Cup,Snack,4.0,1,4.0,19.45,4
ORD-000475,2025-03-04 12:15:54,Tuesday,Downtown,In Store,,Mobile Wallet,,Hot Chocolate,Beverage,3.66,1,3.66,19.45,4
ORD-000475,2025-03-04 12:15:54,Tuesday,Downtown,In Store,,Mobile Wallet,,Cappuccino,Beverage,4.69,2,9.38,19.45,4
ORD-002426,2025-03-04 12:54:48,Tuesday,Riverside,Delivery,DoorDash,Credit Card,,Iced Tea,Beverage,2.78,1,2.78,10.54,2
ORD-002426,2025-03-04 12:54:48,Tuesday,Riverside,Delivery,DoorDash,Credit Card,,Avocado Toast,Food,7.76,1,7.76,10.54,2
ORD-001138,2025-03-04 13:33:30,Tuesday,Uptown,In Store,,Mobile Wallet,CUST-2478,Scone,Pastry,3.79,1,3.79,3.79,1
ORD-002795,2025-03-04 13:50:05,Tuesday,Campus,Delivery,Uber Eats,Credit Card,CUST-1427,Latte,Beverage,4.75,1,4.75,4.75,1
ORD-002400,2025-03-05 08:23:38,Wednesday,Campus,In Store,,Cash,CUST-2110,Fruit Cup,Snack,3.85,1,3.85,3.85,1
ORD-000612,2025-03-05 12:23:34,Wednesday,Downtown,In Store,,Credit Card,CUST-4875,Turkey & Swiss Sandwich,Food,8.41,1,8.41,44.21,4
ORD-000612,2025-03-05 12:23:34,Wednesday,Downtown,In Store,,Credit Card,CUST-4875,Protein Box,Snack,7.13,1,7.13,44.21,4
ORD-000612,2025-03-05 12:23:34,Wednesday,Downtown,In Store,,Credit Card,CUST-4875,Hot Chocolate,Beverage,3.89,1,3.89,44.21,4
ORD-000612,2025-03-05 12:23:34,Wednesday,Downtown,In Store,,Credit Card,CUST-4875,Caesar Salad,Food,8.26,3,24.78,44.21,4
ORD-002286,2025-03-05 12:46:46,Wednesday,Riverside,Mobile,,Debit Card,CUST-2072,Americano,Beverage,3.21,1,3.21,14.35,3
ORD-002286,2025-03-05 12:46:46,Wednesday,Riverside,Mobile,,Debit Card,CUST-2072,Blueberry Muffin,Pastry,3.57,2,7.14,14.35,3
ORD-002286,2025-03-05 12:46:46,Wednesday,Riverside,Mobile,,Debit Card,CUST-2072,Cinnamon Roll,Pastry,4.0,1,4.0,14.35,3
ORD-001196,2025-03-05 13:46:38,Wednesday,Downtown,Mobile,,Mobile Wallet,CUST-4199,Croissant,Pastry,3.54,1,3.54,8.05,2
ORD-001196,2025-03-05 13:46:38,Wednesday,Downtown,Mobile,,Mobile Wallet,CUST-4199,Chai Latte,Beverage,4.51,1,4.51,8.05,2
ORD-002282,2025-03-05 15:02:36,Wednesday,Downtown,In Store,,Debit Card,CUST-2179,Croissant,Pastry,3.64,1,3.64,12.77,3
ORD-002282,2025-03-05 15:02:36,Wednesday,Downtown,In Store,,Debit Card,CUST-2179,Scone,Pastry,3.81,1,3.81,12.77,3
ORD-002282,2025-03-05 15:02:36,Wednesday,Downtown,In Store,,Debit Card,CUST-2179,Mocha,Beverage,5.32,1,5.32,12.77,3
ORD-001080,2025-03-05 17:58:33,Wednesday,Riverside,Mobile,,Mobile Wallet,CUST-4003,Veggie Wrap,Food,8.21,1,8.21,8.21,1
ORD-001966,2025-03-06 09:37:55,Thursday,Downtown,In Store,,Cash,,Drip Coffee,Beverage,3.02,1,3.02,10.38,2
ORD-001966,2025-03-06 09:37:55,Thursday,Downtown,In Store,,Cash,,Breakfast Burrito,Food,7.36,1,7.36,10.38,2
ORD-002767,2025-03-06 11:58:46,Thursday,Riverside,In Store,,Mobile Wallet,,Scone,Pastry,3.79,1,3.79,3.79,1
ORD-000659,2025-03-06 14:25:39,Thursday,Campus,In Store,,Credit Card,,Bag of Chips,Snack,2.04,1,2.04,24.28,5
ORD-000659,2025-03-06 14:25:39,Thursday,Campus,In Store,,Credit Card,,Cappuccino,Beverage,4.28,1,4.28,24.28,5
ORD-000659,2025-03-06 14:25:39,Thursday,Campus,In Store,,Credit Card,,Grilled Cheese,Food,6.45,1,6.45,24.28,5
ORD-000659,2025-03-06 14:25:39,Thursday,Campus,In Store,,Credit Card,,Breakfast Burrito,Food,7.49,1,7.49,24.28,5
ORD-000659,2025-03-06 14:25:39,Thursday,Campus,In Store,,Credit Card,,Cinnamon Roll,Pastry,4.02,1,4.02,24.28,5
ORD-002579,2025-03-06 14:49:25,Thursday,Riverside,In Store,,Debit Card,,Croissant,Pastry,3.43,3,10.29,13.98,2
ORD-002579,2025-03-06 14:49:25,Thursday,Riverside,In Store,,Debit Card,,Scone,Pastry,3.69,1,3.69,13.98,2
ORD-002117,2025-03-06 15:59:55,Thursday,Campus,Mobile,,Credit Card,CUST-2750,Grilled Cheese,Food,6.36,1,6.36,22.02,4
ORD-002117,2025-03-06 15:59:55,Thursday,Campus,Mobile,,Credit Card,CUST-2750,Iced Tea,Beverage,3.5,1,3.5,22.02,4
ORD-002117,2025-03-06 15:59:55,Thursday,Campus,Mobile,,Credit Card,CUST-2750,Fruit Cup,Snack,3.88,1,3.88,22.02,4
ORD-002117,2025-03-06 15:59:55,Thursday,Campus,Mobile,,Credit Card,CUST-2750,Caesar Salad,Food,8.28,1,8.28,22.02,4
ORD-001484,2025-03-06 16:45:26,Thursday,Riverside,In Store,,Credit Card,,Veggie Wrap,Food,8.23,1,8.23,8.23,1
ORD-002634,2025-03-06 17:29:31,Thursday,Downtown,In Store,,Cash,,Bagel w/ Cream Cheese,Pastry,3.67,1,3.67,3.67,1
ORD-002403,2025-03-07 08:43:19,Friday,Campus,In Store,,Mobile Wallet,,Granola & Yogurt Cup,Snack,4.9,1,4.9,15.31,4
ORD-002403,2025-03-07 08:43:19,Friday,Campus,In Store,,Mobile Wallet,,Bag of Chips,Snack,2.26,1,2.26,15.31,4
ORD-002403,2025-03-07 08:43:19,Friday,Campus,In Store,,Mobile Wallet,,Croissant,Pastry,3.87,1,3.87,15.31,4
ORD-002403,2025-03-07 08:43:19,Friday,Campus,In Store,,Mobile Wallet,,Fruit Cup,Snack,4.28,1,4.28,15.31,4
ORD-001967,2025-03-07 09:10:25,Friday,Uptown,In Store,,Credit Card,,Chai Latte,Beverage,4.82,1,4.82,9.52,2
ORD-001967,2025-03-07 09:10:25,Friday,Uptown,In Store,,Credit Card,,Latte,Beverage,4.7,1,4.7,9.52,2
ORD-000619,2025-03-07 09:43:32,Friday,Uptown,Mobile,,Credit Card,CUST-2551,Matcha Latte,Beverage,5.23,2,10.46,15.29,2
ORD-000619,2025-03-07 09:43:32,Friday,Uptown,Mobile,,Credit Card,CUST-2551,Latte,Beverage,4.83,1,4.83,15.29,2
ORD-001639,2025-03-07 12:46:55,Friday,Campus,In Store,,Debit Card,,Protein Box,Snack,7.23,1,7.23,22.68,5
ORD-001639,2025-03-07 12:46:55,Friday,Campus,In Store,,Debit Card,,Mocha,Beverage,5.34,1,5.34,22.68,5
ORD-001639,2025-03-07 12:46:55,Friday,Campus,In Store,,Debit Card,,Drip Coffee,Beverage,3.04,1,3.04,22.68,5
ORD-001639,2025-03-07 12:46:55,Friday,Campus,In Store,,Debit Card,,Espresso Shot,Beverage,2.67,1,2.67,22.68,5
ORD-001639,2025-03-07 12:46:55,Friday,Campus,In Store,,Debit Card,,Fruit Cup,Snack,4.4,1,4.4,22.68,5
ORD-001266,2025-03-07 13:53:14,Friday,Uptown,In Store,,Cash,CUST-2136,Matcha Latte,Beverage,5.3,1,5.3,5.3,1
ORD-001556,2025-03-07 15:20:04,Friday,Downtown,Delivery,Uber Eats,Mobile Wallet,,Fruit Cup,Snack,4.29,1,4.29,4.29,1
ORD-001745,2025-03-07 16:37:04,Friday,Uptown,Mobile,,Mobile Wallet,CUST-3881,Drip Coffee,Beverage,2.71,1,2.71,2.71,1
ORD-000335,2025-03-08 08:02:12,Saturday,Uptown,In Store,,Cash,CUST-3628,Caesar Salad,Food,8.44,1,8.44,15.27,3
ORD-000335,2025-03-08 08:02:12,Saturday,Uptown,In Store,,Cash,CUST-3628,Bagel w/ Cream Cheese,Pastry,3.67,1,3.67,15.27,3
ORD-000335,2025-03-08 08:02:12,Saturday,Uptown,In Store,,Cash,CUST-3628,Scone,Pastry,3.16,1,3.16,15.27,3
ORD-002044,2025-03-08 09:02:09,Saturday,Uptown,Mobile,,Credit Card,CUST-3889,Matcha Latte,Beverage,5.36,1,5.36,18.36,4
ORD-002044,2025-03-08 09:02:09,Saturday,Uptown,Mobile,,Credit Card,CUST-3889,Espresso Shot,Beverage,2.99,1,2.99,18.36,4
ORD-002044,2025-03-08 09:02:09,Saturday,Uptown,Mobile,,Credit Card,CUST-3889,Caesar Salad,Food,8.15,1,8.15,18.36,4
ORD-002044,2025-03-08 09:02:09,Saturday,Uptown,Mobile,,Credit Card,CUST-3889,Bag of Chips,Snack,1.86,1,1.86,18.36,4
ORD-002514,2025-03-08 09:25:47,Saturday,Campus,In Store,,Cash,,Cinnamon Roll,Pastry,4.45,1,4.45,10.94,3
ORD-002514,2025-03-08 09:25:47,Saturday,Campus,In Store,,Cash,,Chocolate Chip Cookie,Pastry,2.96,1,2.96,10.94,3
ORD-002514,2025-03-08 09:25:47,Saturday,Campus,In Store,,Cash,,Hot Chocolate,Beverage,3.53,1,3.53,10.94,3
ORD-002262,2025-03-08 09:49:23,Saturday,Campus,In Store,,Credit Card,,Granola & Yogurt Cup,Snack,5.32,1,5.32,5.32,1
ORD-001937,2025-03-08 09:59:44,Saturday,Riverside,In Store,,Cash,,Protein Box,Snack,7.18,1,7.18,7.18,1
ORD-002942,2025-03-08 10:13:11,Saturday,Uptown,In Store,,Debit Card,,Iced Tea,Beverage,3.14,1,3.14,13.34,4
ORD-002942,2025-03-08 10:13:11,Saturday,Uptown,In Store,,Debit Card,,Espresso Shot,Beverage,2.7,1,2.7,13.34,4
ORD-002942,2025-03-08 10:13:11,Saturday,Uptown,In Store,,Debit Card,,Chocolate Chip Cookie,Pastry,2.8,1,2.8,13.34,4
ORD-002942,2025-03-08 10:13:11,Saturday,Uptown,In Store,,Debit Card,,Mocha,Beverage,4.7,1,4.7,13.34,4
ORD-001508,2025-03-08 10:13:45,Saturday,Riverside,In Store,,Cash,CUST-2333,Cold Brew,Beverage,4.82,1,4.82,4.82,1
ORD-001475,2025-03-08 11:13:11,Saturday,Uptown,In Store,,Credit Card,,Americano,Beverage,3.06,1,3.06,3.06,1
ORD-000517,2025-03-08 11:28:04,Saturday,Campus,In Store,,Mobile Wallet,,Chocolate Chip Cookie,Pastry,2.8,2,5.6,29.66,2
ORD-000517,2025-03-08 11:28:04,Saturday,Campus,In Store,,Mobile Wallet,,Veggie Wrap,Food,8.02,3,24.06,29.66,2
ORD-000081,2025-03-08 12:37:35,Saturday,Downtown,In Store,,Mobile Wallet,,Granola & Yogurt Cup,Snack,4.82,1,4.82,11.07,3
ORD-000081,2025-03-08 12:37:35,Saturday,Downtown,In Store,,Mobile Wallet,,Chocolate Chip Cookie,Pastry,2.33,1,2.33,11.07,3
ORD-000081,2025-03-08 12:37:35,Saturday,Downtown,In Store,,Mobile Wallet,,Fruit Cup,Snack,3.92,1,3.92,11.07,3
ORD-002279,2025-03-08 12:38:42,Saturday,Campus,Mobile,,Credit Card,CUST-1896,Breakfast Burrito,Food,7.12,2,14.24,14.24,1
ORD-000635,2025-03-08 13:38:07,Saturday,Uptown,In Store,,Credit Card,,Iced Tea,Beverage,3.28,1,3.28,23.39,4
ORD-000635,2025-03-08 13:38:07,Saturday,Uptown,In Store,,Credit Card,,Cappuccino,Beverage,4.36,1,4.36,23.39,4
ORD-000635,2025-03-08 13:38:07,Saturday,Uptown,In Store,,Credit Card,,Breakfast Burrito,Food,7.1,1,7.1,23.39,4
ORD-000635,2025-03-08 13:38:07,Saturday,Uptown,In Store,,Credit Card,,Turkey & Swiss Sandwich,Food,8.65,1,8.65,23.39,4
ORD-002058,2025-03-08 13:40:36,Saturday,Uptown,Delivery,Grubhub,Credit Card,,Americano,Beverage,3.43,1,3.43,6.99,2
ORD-002058,2025-03-08 13:40:36,Saturday,Uptown,Delivery,Grubhub,Credit Card,,Blueberry Muffin,Pastry,3.56,1,3.56,6.99,2
ORD-002546,2025-03-08 14:47:10,Saturday,Downtown,In Store,,Debit Card,CUST-2629,Matcha Latte,Beverage,5.12,1,5.12,12.86,3
ORD-002546,2025-03-08 14:47:10,Saturday,Downtown,In Store,,Debit Card,CUST-2629,Mocha,Beverage,5.1,1,5.1,12.86,3
ORD-002546,2025-03-08 14:47:10,Saturday,Downtown,In Store,,Debit Card,CUST-2629,Chocolate Chip Cookie,Pastry,2.64,1,2.64,12.86,3
ORD-001704,2025-03-09 07:05:26,Sunday,Uptown,In Store,,Cash,,Cold Brew,Beverage,4.79,2,9.58,9.58,1
ORD-000485,2025-03-09 07:45:33,Sunday,Riverside,In Store,,Cash,CUST-1523,Matcha Latte,Beverage,5.41,1,5.41,7.85,2
ORD-000485,2025-03-09 07:45:33,Sunday,Riverside,In Store,,Cash,CUST-1523,Bag of Chips,Snack,2.44,1,2.44,7.85,2
ORD-000249,2025-03-09 08:01:37,Sunday,Downtown,In Store,,Debit Card,,Veggie Wrap,Food,7.54,1,7.54,16.39,3
ORD-000249,2025-03-09 08:01:37,Sunday,Downtown,In Store,,Debit Card,,Matcha Latte,Beverage,5.38,1,5.38,16.39,3
ORD-000249,2025-03-09 08:01:37,Sunday,Downtown,In Store,,Debit Card,,Blueberry Muffin,Pastry,3.47,1,3.47,16.39,3
ORD-002054,2025-03-09 08:57:14,Sunday,Riverside,In Store,,Debit Card,,Latte,Beverage,4.58,1,4.58,9.68,2
ORD-002054,2025-03-09 08:57:14,Sunday,Riverside,In Store,,Debit Card,,Cold Brew,Beverage,5.1,1,5.1,9.68,2
ORD-000192,2025-03-09 12:33:43,Sunday,Downtown,In Store,,Debit Card,,Espresso Shot,Beverage,2.47,1,2.47,30.52,5
ORD-000192,2025-03-09 12:33:43,Sunday,Downtown,In Store,,Debit Card,,Cappuccino,Beverage,4.48,2,8.96,30.52,5
ORD-000192,2025-03-09 12:33:43,Sunday,Downtown,In Store,,Debit Card,,Bagel w/ Cream Cheese,Pastry,4.11,1,4.11,30.52,5
ORD-000192,2025-03-09 12:33:43,Sunday,Downtown,In Store,,Debit Card,,Chocolate Chip Cookie,Pastry,2.32,1,2.32,30.52,5
ORD-000192,2025-03-09 12:33:43,Sunday,Downtown,In Store,,Debit Card,,Grilled Cheese,Food,6.33,2,12.66,30.52,5
ORD-002582,2025-03-09 12:35:54,Sunday,Riverside,In Store,,Credit Card,,Matcha Latte,Beverage,5.38,1,5.38,24.84,3
ORD-002582,2025-03-09 12:35:54,Sunday,Riverside,In Store,,Credit Card,,Granola & Yogurt Cup,Snack,5.35,3,16.05,24.84,3
ORD-002582,2025-03-09 12:35:54,Sunday,Riverside,In Store,,Credit Card,,Iced Tea,Beverage,3.41,1,3.41,24.84,3
ORD-002214,2025-03-09 14:41:14,Sunday,Campus,Delivery,Uber Eats,Mobile Wallet,,Bagel w/ Cream Cheese,Pastry,3.58,1,3.58,11.62,2
ORD-002214,2025-03-09 14:41:14,Sunday,Campus,Delivery,Uber Eats,Mobile Wallet,,Caesar Salad,Food,8.04,1,8.04,11.62,2
ORD-001796,2025-03-09 15:24:47,Sunday,Uptown,Mobile,,Mobile Wallet,CUST-3024,Latte,Beverage,4.48,1,4.48,9.22,2
ORD-001796,2025-03-09 15:24:47,Sunday,Uptown,Mobile,,Mobile Wallet,CUST-3024,Mocha,Beverage,4.74,1,4.74,9.22,2
ORD-000070,2025-03-09 15:56:23,Sunday,Riverside,In Store,,Credit Card,CUST-4377,Iced Tea,Beverage,3.05,1,3.05,26.43,4
ORD-000070,2025-03-09 15:56:23,Sunday,Riverside,In Store,,Credit Card,CUST-4377,Granola & Yogurt Cup,Snack,5.21,1,5.21,26.43,4
ORD-000070,2025-03-09 15:56:23,Sunday,Riverside,In Store,,Credit Card,CUST-4377,Hot Chocolate,Beverage,4.07,1,4.07,26.43,4
ORD-000070,2025-03-09 15:56:23,Sunday,Riverside,In Store,,Credit Card,CUST-4377,Protein Box,Snack,7.05,2,14.1,26.43,4
ORD-001691,2025-03-09 17:00:50,Sunday,Riverside,Delivery,Grubhub,Credit Card,,Bagel w/ Cream Cheese,Pastry,3.85,1,3.85,17.09,3
ORD-001691,2025-03-09 17:00:50,Sunday,Riverside,Delivery,Grubhub,Credit Card,,Turkey & Swiss Sandwich,Food,8.35,1,8.35,17.09,3
ORD-001691,2025-03-09 17:00:50,Sunday,Riverside,Delivery,Grubhub,Credit Card,,Latte,Beverage,4.89,1,4.89,17.09,3
ORD-001956,2025-03-09 17:20:41,Sunday,Downtown,Mobile,,Debit Card,CUST-1700,Caesar Salad,Food,8.21,1,8.21,23.95,2
ORD-001956,2025-03-09 17:20:41,Sunday,Downtown,Mobile,,Debit Card,CUST-1700,Avocado Toast,Food,7.87,2,15.74,23.95,2
ORD-001114,2025-03-09 18:20:22,Sunday,Uptown,Mobile,,Credit Card,CUST-2412,Turkey & Swiss Sandwich,Food,8.37,1,8.37,27.34,4
ORD-001114,2025-03-09 18:20:22,Sunday,Uptown,Mobile,,Credit Card,CUST-2412,Blueberry Muffin,Pastry,3.35,2,6.7,27.34,4
ORD-001114,2025-03-09 18:20:22,Sunday,Uptown,Mobile,,Credit Card,CUST-2412,Cinnamon Roll,Pastry,4.26,2,8.52,27.34,4
ORD-001114,2025-03-09 18:20:22,Sunday,Uptown,Mobile,,Credit Card,CUST-2412,Americano,Beverage,3.75,1,3.75,27.34,4
ORD-001668,2025-03-09 19:18:25,Sunday,Riverside,Mobile,,Debit Card,CUST-2625,Veggie Wrap,Food,7.61,1,7.61,7.61,1
ORD-002933,2025-03-10 12:31:29,Monday,Riverside,Mobile,,Mobile Wallet,CUST-4172,Chai Latte,Beverage,4.98,1,4.98,4.98,1
ORD-002455,2025-03-10 14:22:09,Monday,Downtown,In Store,,Debit Card,CUST-1789,Cinnamon Roll,Pastry,4.28,1,4.28,9.27,2
ORD-002455,2025-03-10 14:22:09,Monday,Downtown,In Store,,Debit Card,CUST-1789,Matcha Latte,Beverage,4.99,1,4.99,9.27,2
ORD-000729,2025-03-10 20:36:35,Monday,Riverside,In Store,,Mobile Wallet,,Mocha,Beverage,5.03,1,5.03,5.03,1
ORD-000420,2025-03-11 08:29:29,Tuesday,Riverside,In Store,,Credit Card,,Veggie Wrap,Food,7.91,1,7.91,30.05,2
ORD-000420,2025-03-11 08:29:29,Tuesday,Riverside,In Store,,Credit Card,,Protein Box,Snack,7.38,3,22.14,30.05,2
ORD-000322,2025-03-11 10:30:34,Tuesday,Campus,In Store,,Mobile Wallet,CUST-4137,Breakfast Burrito,Food,7.31,1,7.31,10.82,2
ORD-000322,2025-03-11 10:30:34,Tuesday,Campus,In Store,,Mobile Wallet,CUST-4137,Hot Chocolate,Beverage,3.51,1,3.51,10.82,2
ORD-002984,2025-03-11 13:28:47,Tuesday,Uptown,In Store,,Debit Card,,Bagel w/ Cream Cheese,Pastry,3.82,1,3.82,20.28,3
ORD-002984,2025-03-11 13:28:47,Tuesday,Uptown,In Store,,Debit Card,,Hot Chocolate,Beverage,4.07,2,8.14,20.28,3
ORD-002984,2025-03-11 13:28:47,Tuesday,Uptown,In Store,,Debit Card,,Cinnamon Roll,Pastry,4.16,2,8.32,20.28,3
ORD-002492,2025-03-11 13:50:58,Tuesday,Campus,In Store,,Credit Card,,Drip Coffee,Beverage,3.2,1,3.2,10.41,2
ORD-002492,2025-03-11 13:50:58,Tuesday,Campus,In Store,,Credit Card,,Protein Box,Snack,7.21,1,7.21,10.41,2
ORD-002029,2025-03-11 17:01:26,Tuesday,Downtown,In Store,,Mobile Wallet,,Blueberry Muffin,Pastry,3.47,1,3.47,3.47,1
ORD-000984,2025-03-12 09:15:55,Wednesday,Uptown,In Store,,Credit Card,,Americano,Beverage,3.64,1,3.64,8.75,2
ORD-000984,2025-03-12 09:15:55,Wednesday,Uptown,In Store,,Credit Card,,Mocha,Beverage,5.11,1,5.11,8.75,2
ORD-001371,2025-03-12 09:27:49,Wednesday,Uptown,In Store,,Cash,,Mocha,Beverage,5.19,2,10.38,10.38,1
ORD-000341,2025-03-12 09:56:37,Wednesday,Riverside,In Store,,Debit Card,CUST-2637,Mocha,Beverage,4.94,1,4.94,10.01,2
ORD-000341,2025-03-12 09:56:37,Wednesday,Riverside,In Store,,Debit Card,CUST-2637,Granola & Yogurt Cup,Snack,5.07,1,5.07,10.01,2
ORD-002537,2025-03-12 10:53:41,Wednesday,Downtown,In Store,,Cash,,Matcha Latte,Beverage,4.97,1,4.97,4.97,1
ORD-001229,2025-03-12 11:24:38,Wednesday,Downtown,In Store,,Cash,,Veggie Wrap,Food,7.96,1,7.96,19.29,3
ORD-001229,2025-03-12 11:24:38,Wednesday,Downtown,In Store,,Cash,,Espresso Shot,Beverage,2.38,1,2.38,19.29,3
ORD-001229,2025-03-12 11:24:38,Wednesday,Downtown,In Store,,Cash,,Turkey & Swiss Sandwich,Food,8.95,1,8.95,19.29,3
ORD-001514,2025-03-12 11:36:02,Wednesday,Campus,In Store,,Credit Card,CUST-2777,Matcha Latte,Beverage,5.47,1,5.47,25.58,3
ORD-001514,2025-03-12 11:36:02,Wednesday,Campus,In Store,,Credit Card,CUST-2777,Veggie Wrap,Food,7.97,2,15.94,25.58,3
ORD-001514,2025-03-12 11:36:02,Wednesday,Campus,In Store,,Credit Card,CUST-2777,Cappuccino,Beverage,4.17,1,4.17,25.58,3
ORD-001900,2025-03-12 12:03:40,Wednesday,Uptown,In Store,,Mobile Wallet,,Hot Chocolate,Beverage,4.02,1,4.02,24.18,4
ORD-001900,2025-03-12 12:03:40,Wednesday,Uptown,In Store,,Mobile Wallet,,Breakfast Burrito,Food,7.62,1,7.62,24.18,4
ORD-001900,2025-03-12 12:03:40,Wednesday,Uptown,In Store,,Mobile Wallet,,Cappuccino,Beverage,4.51,1,4.51,24.18,4
ORD-001900,2025-03-12 12:03:40,Wednesday,Uptown,In Store,,Mobile Wallet,,Avocado Toast,Food,8.03,1,8.03,24.18,4
ORD-000007,2025-03-12 12:05:48,Wednesday,Downtown,In Store,,Credit Card,,Breakfast Burrito,Food,7.19,1,7.19,14.6,3
ORD-000007,2025-03-12 12:05:48,Wednesday,Downtown,In Store,,Credit Card,,Chocolate Chip Cookie,Pastry,2.7,1,2.7,14.6,3
ORD-000007,2025-03-12 12:05:48,Wednesday,Downtown,In Store,,Credit Card,,Cappuccino,Beverage,4.71,1,4.71,14.6,3
ORD-000959,2025-03-12 12:20:24,Wednesday,Campus,Mobile,,Credit Card,CUST-3089,Drip Coffee,Beverage,2.65,1,2.65,14.63,3
ORD-000959,2025-03-12 12:20:24,Wednesday,Campus,Mobile,,Credit Card,CUST-3089,Bagel w/ Cream Cheese,Pastry,3.81,1,3.81,14.63,3
ORD-000959,2025-03-12 12:20:24,Wednesday,Campus,Mobile,,Credit Card,CUST-3089,Caesar Salad,Food,8.17,1,8.17,14.63,3
ORD-000446,2025-03-12 12:23:49,Wednesday,Riverside,In Store,,Credit Card,CUST-1633,Bag of Chips,Snack,2.17,1,2.17,7.58,2
ORD-000446,2025-03-12 12:23:49,Wednesday,Riverside,In Store,,Credit Card,CUST-1633,Mocha,Beverage,5.41,1,5.41,7.58,2
ORD-000391,2025-03-12 13:26:55,Wednesday,Campus,In Store,,Credit Card,,Cinnamon Roll,Pastry,3.76,1,3.76,5.68,2
ORD-000391,2025-03-12 13:26:55,Wednesday,Campus,In Store,,Credit Card,,Bag of Chips,Snack,1.92,1,1.92,5.68,2
ORD-001044,2025-03-12 13:52:24,Wednesday,Riverside,Delivery,Uber Eats,Debit Card,,Hot Chocolate,Beverage,3.95,2,7.9,38.01,5
ORD-001044,2025-03-12 13:52:24,Wednesday,Riverside,Delivery,Uber Eats,Debit Card,,Cappuccino,Beverage,4.25,3,12.75,38.01,5
ORD-001044,2025-03-12 13:52:24,Wednesday,Riverside,Delivery,Uber Eats,Debit Card,,Croissant,Pastry,3.27,1,3.27,38.01,5
ORD-001044,2025-03-12 13:52:24,Wednesday,Riverside,Delivery,Uber Eats,Debit Card,,Bagel w/ Cream Cheese,Pastry,4.15,1,4.15,38.01,5
ORD-001044,2025-03-12 13:52:24,Wednesday,Riverside,Delivery,Uber Eats,Debit Card,,Granola & Yogurt Cup,Snack,4.97,2,9.94,38.01,5
ORD-000069,2025-03-12 13:57:40,Wednesday,Riverside,Mobile,,Debit Card,CUST-1136,Espresso Shot,Beverage,2.38,1,2.38,7.3,2
ORD-000069,2025-03-12 13:57:40,Wednesday,Riverside,Mobile,,Debit Card,CUST-1136,Granola & Yogurt Cup,Snack,4.92,1,4.92,7.3,2
ORD-000593,2025-03-13 07:07:55,Thursday,Uptown,In Store,,Debit Card,,Bagel w/ Cream Cheese,Pastry,3.5,1,3.5,10.09,3
ORD-000593,2025-03-13 07:07:55,Thursday,Uptown,In Store,,Debit Card,,Chocolate Chip Cookie,Pastry,2.73,1,2.73,10.09,3
ORD-000593,2025-03-13 07:07:55,Thursday,Uptown,In Store,,Debit Card,,Scone,Pastry,3.86,1,3.86,10.09,3
ORD-002615,2025-03-13 07:09:49,Thursday,Riverside,Mobile,,Credit Card,CUST-3148,Chocolate Chip Cookie,Pastry,2.72,1,2.72,19.7,2
ORD-002615,2025-03-13 07:09:49,Thursday,Riverside,Mobile,,Credit Card,CUST-3148,Turkey & Swiss Sandwich,Food,8.49,2,16.98,19.7,2
ORD-002992,2025-03-13 08:10:35,Thursday,Downtown,In Store,,Mobile Wallet,,Drip Coffee,Beverage,3.19,1,3.19,7.4,2
ORD-002992,2025-03-13 08:10:35,Thursday,Downtown,In Store,,Mobile Wallet,,Cappuccino,Beverage,4.21,1,4.21,7.4,2
ORD-000471,2025-03-13 09:36:47,Thursday,Downtown,In Store,,Debit Card,,Breakfast Burrito,Food,7.61,1,7.61,7.61,1
ORD-002363,2025-03-13 09:59:53,Thursday,Riverside,Delivery,DoorDash,Credit Card,,Bag of Chips,Snack,1.85,1,1.85,6.39,2
ORD-002363,2025-03-13 09:59:53,Thursday,Riverside,Delivery,DoorDash,Credit Card,,Latte,Beverage,4.54,1,4.54,6.39,2
ORD-000138,2025-03-13 11:59:15,Thursday,Campus,In Store,,Credit Card,,Iced Tea,Beverage,3.29,1,3.29,3.29,1
ORD-002305,2025-03-13 12:50:09,Thursday,Uptown,In Store,,Debit Card,,Latte,Beverage,4.67,1,4.67,9.33,2
ORD-002305,2025-03-13 12:50:09,Thursday,Uptown,In Store,,Debit Card,,Cold Brew,Beverage,4.66,1,4.66,9.33,2
ORD-000718,2025-03-13 13:19:50,Thursday,Riverside,In Store,,Credit Card,,Blueberry Muffin,Pastry,3.2,1,3.2,16.35,4
ORD-000718,2025-03-13 13:19:50,Thursday,Riverside,In Store,,Credit Card,,Fruit Cup,Snack,4.33,1,4.33,16.35,4
ORD-000718,2025-03-13 13:19:50,Thursday,Riverside,In Store,,Credit Card,,Latte,Beverage,4.82,1,4.82,16.35,4
ORD-000718,2025-03-13 13:19:50,Thursday,Riverside,In Store,,Credit Card,,Hot Chocolate,Beverage,4.0,1,4.0,16.35,4
ORD-002575,2025-03-13 13:35:21,Thursday,Downtown,In Store,,Cash,CUST-4809,Fruit Cup,Snack,4.06,1,4.06,4.06,1
ORD-000516,2025-03-13 14:33:47,Thursday,Riverside,In Store,,Credit Card,,Americano,Beverage,3.62,1,3.62,5.92,2
ORD-000516,2025-03-13 14:33:47,Thursday,Riverside,In Store,,Credit Card,,Espresso Shot,Beverage,2.3,1,2.3,5.92,2
ORD-001670,2025-03-13 14:37:55,Thursday,Riverside,Mobile,,Credit Card,CUST-1881,Matcha Latte,Beverage,4.83,3,14.49,22.69,2
ORD-001670,2025-03-13 14:37:55,Thursday,Riverside,Mobile,,Credit Card,CUST-1881,Avocado Toast,Food,8.2,1,8.2,22.69,2
ORD-000286,2025-03-13 17:12:16,Thursday,Downtown,Mobile,,Mobile Wallet,CUST-1308,Scone,Pastry,3.45,1,3.45,20.84,4
ORD-000286,2025-03-13 17:12:16,Thursday,Downtown,Mobile,,Mobile Wallet,CUST-1308,Veggie Wrap,Food,8.18,1,8.18,20.84,4
ORD-000286,2025-03-13 17:12:16,Thursday,Downtown,Mobile,,Mobile Wallet,CUST-1308,Drip Coffee,Beverage,2.91,1,2.91,20.84,4
ORD-000286,2025-03-13 17:12:16,Thursday,Downtown,Mobile,,Mobile Wallet,CUST-1308,Bag of Chips,Snack,2.1,3,6.3,20.84,4
ORD-002319,2025-03-13 17:43:15,Thursday,Campus,In Store,,Cash,CUST-3965,Drip Coffee,Beverage,3.22,1,3.22,3.22,1
ORD-001161,2025-03-13 17:55:00,Thursday,Riverside,In Store,,Credit Card,CUST-2174,Drip Coffee,Beverage,2.65,2,5.3,10.3,2
ORD-001161,2025-03-13 17:55:00,Thursday,Riverside,In Store,,Credit Card,CUST-2174,Bag of Chips,Snack,2.5,2,5.0,10.3,2
ORD-000123,2025-03-14 07:18:24,Friday,Campus,Mobile,,Credit Card,CUST-4943,Iced Tea,Beverage,3.41,1,3.41,18.32,4
ORD-000123,2025-03-14 07:18:24,Friday,Campus,Mobile,,Credit Card,CUST-4943,Avocado Toast,Food,7.77,1,7.77,18.32,4
ORD-000123,2025-03-14 07:18:24,Friday,Campus,Mobile,,Credit Card,CUST-4943,Cold Brew,Beverage,4.64,1,4.64,18.32,4
ORD-000123,2025-03-14 07:18:24,Friday,Campus,Mobile,,Credit Card,CUST-4943,Bag of Chips,Snack,2.5,1,2.5,18.32,4
ORD-002376,2025-03-14 08:16:08,Friday,Campus,In Store,,Mobile Wallet,,Caesar Salad,Food,8.61,2,17.22,36.53,5
ORD-002376,2025-03-14 08:16:08,Friday,Campus,In Store,,Mobile Wallet,,Cold Brew,Beverage,4.93,1,4.93,36.53,5
ORD-002376,2025-03-14 08:16:08,Friday,Campus,In Store,,Mobile Wallet,,Grilled Cheese,Food,6.87,1,6.87,36.53,5
ORD-002376,2025-03-14 08:16:08,Friday,Campus,In Store,,Mobile Wallet,,Mocha,Beverage,5.09,1,5.09,36.53,5
ORD-002376,2025-03-14 08:16:08,Friday,Campus,In Store,,Mobile Wallet,,Bag of Chips,Snack,2.42,1,2.42,36.53,5
ORD-001632,2025-03-14 09:19:51,Friday,Riverside,Mobile,,Debit Card,CUST-2746,Matcha Latte,Beverage,5.18,3,15.54,18.48,2
ORD-001632,2025-03-14 09:19:51,Friday,Riverside,Mobile,,Debit Card,CUST-2746,Chocolate Chip Cookie,Pastry,2.94,1,2.94,18.48,2
ORD-001230,2025-03-14 12:30:21,Friday,Downtown,In Store,,Mobile Wallet,CUST-3896,Espresso Shot,Beverage,2.63,1,2.63,19.34,4
ORD-001230,2025-03-14 12:30:21,Friday,Downtown,In Store,,Mobile Wallet,CUST-3896,Croissant,Pastry,3.28,2,6.56,19.34,4
ORD-001230,2025-03-14 12:30:21,Friday,Downtown,In Store,,Mobile Wallet,CUST-3896,Granola & Yogurt Cup,Snack,4.98,1,4.98,19.34,4
ORD-001230,2025-03-14 12:30:21,Friday,Downtown,In Store,,Mobile Wallet,CUST-3896,Matcha Latte,Beverage,5.17,1,5.17,19.34,4
ORD-001907,2025-03-14 14:53:37,Friday,Downtown,In Store,,Mobile Wallet,,Chai Latte,Beverage,4.7,1,4.7,19.49,4
ORD-001907,2025-03-14 14:53:37,Friday,Downtown,In Store,,Mobile Wallet,,Hot Chocolate,Beverage,4.25,1,4.25,19.49,4
ORD-001907,2025-03-14 14:53:37,Friday,Downtown,In Store,,Mobile Wallet,,Croissant,Pastry,3.73,2,7.46,19.49,4
ORD-001907,2025-03-14 14:53:37,Friday,Downtown,In Store,,Mobile Wallet,,Americano,Beverage,3.08,1,3.08,19.49,4
ORD-001106,2025-03-14 17:36:39,Friday,Downtown,In Store,,Credit Card,,Caesar Salad,Food,8.29,1,8.29,19.3,3
ORD-001106,2025-03-14 17:36:39,Friday,Downtown,In Store,,Credit Card,,Turkey & Swiss Sandwich,Food,8.45,1,8.45,19.3,3
ORD-001106,2025-03-14 17:36:39,Friday,Downtown,In Store,,Credit Card,,Espresso Shot,Beverage,2.56,1,2.56,19.3,3
ORD-001715,2025-03-15 09:22:38,Saturday,Campus,Mobile,,Debit Card,CUST-3509,Bagel w/ Cream Cheese,Pastry,3.9,1,3.9,3.9,1
ORD-002799,2025-03-15 09:48:33,Saturday,Uptown,In Store,,Cash,,Cappuccino,Beverage,4.61,2,9.22,20.9,4
ORD-002799,2025-03-15 09:48:33,Saturday,Uptown,In Store,,Cash,,Granola & Yogurt Cup,Snack,5.31,1,5.31,20.9,4
ORD-002799,2025-03-15 09:48:33,Saturday,Uptown,In Store,,Cash,,Hot Chocolate,Beverage,3.82,1,3.82,20.9,4
ORD-002799,2025-03-15 09:48:33,Saturday,Uptown,In Store,,Cash,,Espresso Shot,Beverage,2.55,1,2.55,20.9,4
ORD-002829,2025-03-15 15:25:11,Saturday,Campus,Mobile,,Mobile Wallet,CUST-2222,Chocolate Chip Cookie,Pastry,2.95,1,2.95,2.95,1
ORD-002080,2025-03-16 07:12:09,Sunday,Downtown,In Store,,Cash,,Avocado Toast,Food,8.38,1,8.38,8.38,1
ORD-001877,2025-03-16 07:12:40,Sunday,Downtown,In Store,,Cash,CUST-3329,Caesar Salad,Food,8.48,1,8.48,8.48,1
ORD-000482,2025-03-16 07:16:15,Sunday,Uptown,Mobile,,Debit Card,CUST-3387,Cinnamon Roll,Pastry,4.4,1,4.4,20.09,3
ORD-000482,2025-03-16 07:16:15,Sunday,Uptown,Mobile,,Debit Card,CUST-3387,Cappuccino,Beverage,4.3,3,12.9,20.09,3
ORD-000482,2025-03-16 07:16:15,Sunday,Uptown,Mobile,,Debit Card,CUST-3387,Drip Coffee,Beverage,2.79,1,2.79,20.09,3
ORD-001347,2025-03-16 08:12:11,Sunday,Downtown,In Store,,Cash,CUST-3505,Mocha,Beverage,4.78,1,4.78,4.78,1
ORD-000103,2025-03-16 08:18:58,Sunday,Uptown,Mobile,,Mobile Wallet,CUST-2921,Cappuccino,Beverage,4.71,1,4.71,7.37,2
ORD-000103,2025-03-16 08:18:58,Sunday,Uptown,Mobile,,Mobile Wallet,CUST-2921,Drip Coffee,Beverage,2.66,1,2.66,7.37,2
ORD-001315,2025-03-16 08:37:21,Sunday,Uptown,In Store,,Mobile Wallet,,Avocado Toast,Food,8.1,1,8.1,8.1,1
ORD-000364,2025-03-16 08:45:03,Sunday,Riverside,In Store,,Mobile Wallet,CUST-1740,Espresso Shot,Beverage,2.25,3,6.75,6.75,1
ORD-000992,2025-03-16 09:04:16,Sunday,Campus,In Store,,Mobile Wallet,CUST-1773,Cinnamon Roll,Pastry,3.95,1,3.95,22.03,3
ORD-000992,2025-03-16 09:04:16,Sunday,Campus,In Store,,Mobile Wallet,CUST-1773,Bagel w/ Cream Cheese,Pastry,3.88,2,7.76,22.03,3
ORD-000992,2025-03-16 09:04:16,Sunday,Campus,In Store,,Mobile Wallet,CUST-1773,Matcha Latte,Beverage,5.16,2,10.32,22.03,3
ORD-000132,2025-03-16 09:18:45,Sunday,Campus,In Store,,Debit Card,,Bag of Chips,Snack,2.45,1,2.45,2.45,1
ORD-002037,2025-03-16 09:28:17,Sunday,Downtown,Mobile,,Credit Card,CUST-2963,Cinnamon Roll,Pastry,4.02,1,4.02,15.97,3
ORD-002037,2025-03-16 09:28:17,Sunday,Downtown,Mobile,,Credit Card,CUST-2963,Drip Coffee,Beverage,2.85,3,8.55,15.97,3
ORD-002037,2025-03-16 09:28:17,Sunday,Downtown,Mobile,,Credit Card,CUST-2963,Blueberry Muffin,Pastry,3.4,1,3.4,15.97,3
ORD-001910,2025-03-16 12:23:22,Sunday,Riverside,In Store,,Mobile Wallet,,Bagel w/ Cream Cheese,Pastry,3.88,1,3.88,3.88,1
ORD-002323,2025-03-16 16:45:33,Sunday,Uptown,In Store,,Debit Card,CUST-3799,Granola & Yogurt Cup,Snack,4.95,1,4.95,4.95,1
ORD-001821,2025-03-16 17:49:57,Sunday,Campus,In Store,,Debit Card,CUST-3458,Cold Brew,Beverage,4.55,2,9.1,29.47,3
ORD-001821,2025-03-16 17:49:57,Sunday,Campus,In Store,,Debit Card,CUST-3458,Turkey & Swiss Sandwich,Food,8.44,2,16.88,29.47,3
ORD-001821,2025-03-16 17:49:57,Sunday,Campus,In Store,,Debit Card,CUST-3458,Iced Tea,Beverage,3.49,1,3.49,29.47,3
ORD-001665,2025-03-17 09:30:37,Monday,Downtown,Mobile,,Debit Card,CUST-1393,Chai Latte,Beverage,4.31,2,8.62,17.21,2
ORD-001665,2025-03-17 09:30:37,Monday,Downtown,Mobile,,Debit Card,CUST-1393,Caesar Salad,Food,8.59,1,8.59,17.21,2
ORD-000834,2025-03-17 12:01:14,Monday,Riverside,Delivery,Uber Eats,Mobile Wallet,CUST-3932,Veggie Wrap,Food,8.03,1,8.03,8.03,1
ORD-002384,2025-03-17 13:08:43,Monday,Riverside,In Store,,Mobile Wallet,,Espresso Shot,Beverage,2.85,1,2.85,28.78,5
ORD-002384,2025-03-17 13:08:43,Monday,Riverside,In Store,,Mobile Wallet,,Cappuccino,Beverage,4.42,2,8.84,28.78,5
ORD-002384,2025-03-17 13:08:43,Monday,Riverside,In Store,,Mobile Wallet,,Cinnamon Roll,Pastry,4.34,1,4.34,28.78,5
ORD-002384,2025-03-17 13:08:43,Monday,Riverside,In Store,,Mobile Wallet,,Bagel w/ Cream Cheese,Pastry,4.18,1,4.18,28.78,5
ORD-002384,2025-03-17 13:08:43,Monday,Riverside,In Store,,Mobile Wallet,,Caesar Salad,Food,8.57,1,8.57,28.78,5
ORD-001955,2025-03-17 13:46:45,Monday,Downtown,Mobile,,Credit Card,CUST-3962,Cappuccino,Beverage,4.3,2,8.6,21.03,4
ORD-001955,2025-03-17 13:46:45,Monday,Downtown,Mobile,,Credit Card,CUST-3962,Matcha Latte,Beverage,4.79,1,4.79,21.03,4
ORD-001955,2025-03-17 13:46:45,Monday,Downtown,Mobile,,Credit Card,CUST-3962,Hot Chocolate,Beverage,3.99,1,3.99,21.03,4
ORD-001955,2025-03-17 13:46:45,Monday,Downtown,Mobile,,Credit Card,CUST-3962,Croissant,Pastry,3.65,1,3.65,21.03,4
ORD-001206,2025-03-17 14:58:10,Monday,Riverside,In Store,,Credit Card,,Iced Tea,Beverage,3.3,1,3.3,21.87,4
ORD-001206,2025-03-17 14:58:10,Monday,Riverside,In Store,,Credit Card,,Croissant,Pastry,3.38,2,6.76,21.87,4
ORD-001206,2025-03-17 14:58:10,Monday,Riverside,In Store,,Credit Card,,Chocolate Chip Cookie,Pastry,2.51,1,2.51,21.87,4
ORD-001206,2025-03-17 14:58:10,Monday,Riverside,In Store,,Credit Card,,Chai Latte,Beverage,4.65,2,9.3,21.87,4
ORD-000129,2025-03-17 15:15:02,Monday,Downtown,In Store,,Credit Card,CUST-2284,Grilled Cheese,Food,6.6,1,6.6,9.23,2
ORD-000129,2025-03-17 15:15:02,Monday,Downtown,In Store,,Credit Card,CUST-2284,Chocolate Chip Cookie,Pastry,2.63,1,2.63,9.23,2
ORD-002528,2025-03-17 15:50:04,Monday,Campus,In Store,,Cash,,Cappuccino,Beverage,4.2,2,8.4,8.4,1
ORD-001423,2025-03-17 16:22:57,Monday,Uptown,In Store,,Credit Card,CUST-1084,Scone,Pastry,3.74,1,3.74,3.74,1
ORD-002085,2025-03-17 17:43:46,Monday,Campus,In Store,,Debit Card,CUST-1109,Mocha,Beverage,4.76,2,9.52,9.52,1
ORD-002362,2025-03-17 17:56:47,Monday,Campus,Delivery,Uber Eats,Credit Card,,Chai Latte,Beverage,4.37,3,13.11,13.11,1
ORD-001174,2025-03-18 07:37:04,Tuesday,Uptown,In Store,,Mobile Wallet,CUST-1235,Americano,Beverage,3.36,1,3.36,16.22,5
ORD-001174,2025-03-18 07:37:04,Tuesday,Uptown,In Store,,Mobile Wallet,CUST-1235,Hot Chocolate,Beverage,4.19,1,4.19,16.22,5
ORD-001174,2025-03-18 07:37:04,Tuesday,Uptown,In Store,,Mobile Wallet,CUST-1235,Iced Tea,Beverage,3.31,1,3.31,16.22,5
ORD-001174,2025-03-18 07:37:04,Tuesday,Uptown,In Store,,Mobile Wallet,CUST-1235,Blueberry Muffin,Pastry,3.02,1,3.02,16.22,5
ORD-001174,2025-03-18 07:37:04,Tuesday,Uptown,In Store,,Mobile Wallet,CUST-1235,Chocolate Chip Cookie,Pastry,2.34,1,2.34,16.22,5
ORD-000213,2025-03-18 07:39:39,Tuesday,Riverside,In Store,,Mobile Wallet,,Cappuccino,Beverage,4.66,1,4.66,9.01,2
ORD-000213,2025-03-18 07:39:39,Tuesday,Riverside,In Store,,Mobile Wallet,,Latte,Beverage,4.35,1,4.35,9.01,2
ORD-000231,2025-03-18 08:37:37,Tuesday,Downtown,Mobile,,Credit Card,CUST-3304,Turkey & Swiss Sandwich,Food,8.6,1,8.6,27.31,3
ORD-000231,2025-03-18 08:37:37,Tuesday,Downtown,Mobile,,Credit Card,CUST-3304,Protein Box,Snack,7.36,2,14.72,27.31,3
ORD-000231,2025-03-18 08:37:37,Tuesday,Downtown,Mobile,,Credit Card,CUST-3304,Hot Chocolate,Beverage,3.99,1,3.99,27.31,3
ORD-000203,2025-03-18 08:54:02,Tuesday,Campus,In Store,,Credit Card,CUST-2704,Bag of Chips,Snack,2.14,1,2.14,14.07,4
ORD-000203,2025-03-18 08:54:02,Tuesday,Campus,In Store,,Credit Card,CUST-2704,Cappuccino,Beverage,4.3,1,4.3,14.07,4
ORD-000203,2025-03-18 08:54:02,Tuesday,Campus,In Store,,Credit Card,CUST-2704,Iced Tea,Beverage,2.84,1,2.84,14.07,4
ORD-000203,2025-03-18 08:54:02,Tuesday,Campus,In Store,,Credit Card,CUST-2704,Matcha Latte,Beverage,4.79,1,4.79,14.07,4
ORD-002283,2025-03-18 09:45:21,Tuesday,Riverside,Mobile,,Credit Card,CUST-3155,Cappuccino,Beverage,4.57,1,4.57,25.09,3
ORD-002283,2025-03-18 09:45:21,Tuesday,Riverside,Mobile,,Credit Card,CUST-3155,Croissant,Pastry,3.36,1,3.36,25.09,3
ORD-002283,2025-03-18 09:45:21,Tuesday,Riverside,Mobile,,Credit Card,CUST-3155,Turkey & Swiss Sandwich,Food,8.58,2,17.16,25.09,3
ORD-000287,2025-03-18 10:14:57,Tuesday,Riverside,Mobile,,Credit Card,CUST-2903,Blueberry Muffin,Pastry,3.72,1,3.72,7.73,2
ORD-000287,2025-03-18 10:14:57,Tuesday,Riverside,Mobile,,Credit Card,CUST-2903,Cappuccino,Beverage,4.01,1,4.01,7.73,2
ORD-001642,2025-03-18 13:17:52,Tuesday,Riverside,In Store,,Debit Card,CUST-1672,Fruit Cup,Snack,3.75,2,7.5,7.5,1
ORD-001137,2025-03-18 14:41:51,Tuesday,Downtown,In Store,,Cash,,Blueberry Muffin,Pastry,3.71,1,3.71,3.71,1
ORD-000557,2025-03-18 16:14:14,Tuesday,Uptown,Mobile,,Debit Card,CUST-1957,Protein Box,Snack,7.24,1,7.24,16.08,2
ORD-000557,2025-03-18 16:14:14,Tuesday,Uptown,Mobile,,Debit Card,CUST-1957,Turkey & Swiss Sandwich,Food,8.84,1,8.84,16.08,2
ORD-002811,2025-03-18 18:52:07,Tuesday,Riverside,In Store,,Credit Card,,Bag of Chips,Snack,1.91,2,3.82,3.82,1
ORD-002330,2025-03-18 19:21:36,Tuesday,Riverside,In Store,,Mobile Wallet,CUST-3037,Croissant,Pastry,3.65,1,3.65,17.84,4
ORD-002330,2025-03-18 19:21:36,Tuesday,Riverside,In Store,,Mobile Wallet,CUST-3037,Avocado Toast,Food,8.24,1,8.24,17.84,4
ORD-002330,2025-03-18 19:21:36,Tuesday,Riverside,In Store,,Mobile Wallet,CUST-3037,Drip Coffee,Beverage,2.82,1,2.82,17.84,4
ORD-002330,2025-03-18 19:21:36,Tuesday,Riverside,In Store,,Mobile Wallet,CUST-3037,Blueberry Muffin,Pastry,3.13,1,3.13,17.84,4
ORD-000775,2025-03-19 07:37:50,Wednesday,Riverside,In Store,,Debit Card,,Hot Chocolate,Beverage,3.7,1,3.7,12.62,3
ORD-000775,2025-03-19 07:37:50,Wednesday,Riverside,In Store,,Debit Card,,Matcha Latte,Beverage,5.1,1,5.1,12.62,3
ORD-000775,2025-03-19 07:37:50,Wednesday,Riverside,In Store,,Debit Card,,Cinnamon Roll,Pastry,3.82,1,3.82,12.62,3
ORD-002957,2025-03-19 09:03:39,Wednesday,Campus,Mobile,,Mobile Wallet,CUST-1761,Grilled Cheese,Food,6.27,1,6.27,6.27,1
ORD-001288,2025-03-19 11:43:11,Wednesday,Downtown,Mobile,,Debit Card,CUST-1763,Caesar Salad,Food,8.15,2,16.3,16.3,1
ORD-000821,2025-03-19 11:47:31,Wednesday,Uptown,In Store,,Mobile Wallet,CUST-1132,Cappuccino,Beverage,4.56,1,4.56,20.73,3
ORD-000821,2025-03-19 11:47:31,Wednesday,Uptown,In Store,,Mobile Wallet,CUST-1132,Veggie Wrap,Food,7.73,1,7.73,20.73,3
ORD-000821,2025-03-19 11:47:31,Wednesday,Uptown,In Store,,Mobile Wallet,CUST-1132,Avocado Toast,Food,8.44,1,8.44,20.73,3
ORD-000855,2025-03-19 13:04:11,Wednesday,Riverside,Mobile,,Debit Card,CUST-3161,Chocolate Chip Cookie,Pastry,2.26,1,2.26,14.48,3
ORD-000855,2025-03-19 13:04:11,Wednesday,Riverside,Mobile,,Debit Card,CUST-3161,Granola & Yogurt Cup,Snack,5.0,2,10.0,14.48,3
ORD-000855,2025-03-19 13:04:11,Wednesday,Riverside,Mobile,,Debit Card,CUST-3161,Bag of Chips,Snack,2.22,1,2.22,14.48,3
ORD-001358,2025-03-19 14:24:23,Wednesday,Campus,Mobile,,Mobile Wallet,CUST-2574,Avocado Toast,Food,8.12,1,8.12,25.8,3
ORD-001358,2025-03-19 14:24:23,Wednesday,Campus,Mobile,,Mobile Wallet,CUST-2574,Croissant,Pastry,3.48,1,3.48,25.8,3
ORD-001358,2025-03-19 14:24:23,Wednesday,Campus,Mobile,,Mobile Wallet,CUST-2574,Breakfast Burrito,Food,7.1,2,14.2,25.8,3
ORD-001548,2025-03-19 17:53:34,Wednesday,Downtown,In Store,,Mobile Wallet,,Cold Brew,Beverage,4.97,1,4.97,12.19,3
ORD-001548,2025-03-19 17:53:34,Wednesday,Downtown,In Store,,Mobile Wallet,,Hot Chocolate,Beverage,3.72,1,3.72,12.19,3
ORD-001548,2025-03-19 17:53:34,Wednesday,Downtown,In Store,,Mobile Wallet,,Blueberry Muffin,Pastry,3.5,1,3.5,12.19,3
ORD-002905,2025-03-20 10:47:10,Thursday,Campus,In Store,,Mobile Wallet,,Scone,Pastry,3.3,1,3.3,3.3,1
ORD-002654,2025-03-20 11:13:47,Thursday,Campus,In Store,,Credit Card,,Protein Box,Snack,7.06,2,14.12,21.93,2
ORD-002654,2025-03-20 11:13:47,Thursday,Campus,In Store,,Credit Card,,Veggie Wrap,Food,7.81,1,7.81,21.93,2
ORD-000921,2025-03-20 11:56:23,Thursday,Riverside,In Store,,Credit Card,,Matcha Latte,Beverage,4.77,1,4.77,13.99,2
ORD-000921,2025-03-20 11:56:23,Thursday,Riverside,In Store,,Credit Card,,Cold Brew,Beverage,4.61,2,9.22,13.99,2
ORD-001612,2025-03-20 12:07:13,Thursday,Riverside,In Store,,Cash,CUST-4745,Mocha,Beverage,5.28,1,5.28,5.28,1
ORD-002780,2025-03-20 12:52:13,Thursday,Campus,In Store,,Credit Card,,Latte,Beverage,4.69,1,4.69,4.69,1
ORD-002515,2025-03-20 13:35:00,Thursday,Riverside,In Store,,Credit Card,CUST-3067,Iced Tea,Beverage,2.95,1,2.95,22.97,4
ORD-002515,2025-03-20 13:35:00,Thursday,Riverside,In Store,,Credit Card,CUST-3067,Caesar Salad,Food,8.69,1,8.69,22.97,4
ORD-002515,2025-03-20 13:35:00,Thursday,Riverside,In Store,,Credit Card,CUST-3067,Espresso Shot,Beverage,2.73,1,2.73,22.97,4
ORD-002515,2025-03-20 13:35:00,Thursday,Riverside,In Store,,Credit Card,CUST-3067,Cinnamon Roll,Pastry,4.3,2,8.6,22.97,4
ORD-000806,2025-03-20 13:54:49,Thursday,Campus,In Store,,Credit Card,CUST-2928,Blueberry Muffin,Pastry,3.35,1,3.35,9.95,2
ORD-000806,2025-03-20 13:54:49,Thursday,Campus,In Store,,Credit Card,CUST-2928,Grilled Cheese,Food,6.6,1,6.6,9.95,2
ORD-002020,2025-03-20 16:42:51,Thursday,Campus,In Store,,Cash,CUST-1320,Protein Box,Snack,7.35,1,7.35,43.41,5
ORD-002020,2025-03-20 16:42:51,Thursday,Campus,In Store,,Cash,CUST-1320,Mocha,Beverage,5.12,1,5.12,43.41,5
ORD-002020,2025-03-20 16:42:51,Thursday,Campus,In Store,,Cash,CUST-1320,Avocado Toast,Food,8.02,2,16.04,43.41,5
ORD-002020,2025-03-20 16:42:51,Thursday,Campus,In Store,,Cash,CUST-1320,Matcha Latte,Beverage,5.04,2,10.08,43.41,5
ORD-002020,2025-03-20 16:42:51,Thursday,Campus,In Store,,Cash,CUST-1320,Chai Latte,Beverage,4.82,1,4.82,43.41,5
ORD-000397,2025-03-20 16:48:26,Thursday,Uptown,Mobile,,Mobile Wallet,CUST-2802,Cold Brew,Beverage,4.76,1,4.76,17.86,3
ORD-000397,2025-03-20 16:48:26,Thursday,Uptown,Mobile,,Mobile Wallet,CUST-2802,Mocha,Beverage,5.27,1,5.27,17.86,3
ORD-000397,2025-03-20 16:48:26,Thursday,Uptown,Mobile,,Mobile Wallet,CUST-2802,Avocado Toast,Food,7.83,1,7.83,17.86,3
ORD-000273,2025-03-21 07:59:20,Friday,Riverside,In Store,,Mobile Wallet,,Protein Box,Snack,7.09,3,21.27,25.66,2
ORD-000273,2025-03-21 07:59:20,Friday,Riverside,In Store,,Mobile Wallet,,Cappuccino,Beverage,4.39,1,4.39,25.66,2
ORD-002019,2025-03-21 09:31:45,Friday,Uptown,Mobile,,Mobile Wallet,CUST-4325,Scone,Pastry,3.78,1,3.78,7.28,2
ORD-002019,2025-03-21 09:31:45,Friday,Uptown,Mobile,,Mobile Wallet,CUST-4325,Croissant,Pastry,3.5,1,3.5,7.28,2
ORD-002401,2025-03-21 10:24:51,Friday,Riverside,Mobile,,Credit Card,CUST-4983,Iced Tea,Beverage,2.84,1,2.84,16.38,3
ORD-002401,2025-03-21 10:24:51,Friday,Riverside,Mobile,,Credit Card,CUST-4983,Grilled Cheese,Food,6.74,1,6.74,16.38,3
ORD-002401,2025-03-21 10:24:51,Friday,Riverside,Mobile,,Credit Card,CUST-4983,Protein Box,Snack,6.8,1,6.8,16.38,3
ORD-001689,2025-03-21 12:22:38,Friday,Riverside,In Store,,Cash,CUST-1377,Fruit Cup,Snack,4.04,1,4.04,4.04,1
ORD-000199,2025-03-21 12:25:37,Friday,Downtown,Mobile,,Debit Card,CUST-3861,Chai Latte,Beverage,4.94,1,4.94,9.65,2
ORD-000199,2025-03-21 12:25:37,Friday,Downtown,Mobile,,Debit Card,CUST-3861,Latte,Beverage,4.71,1,4.71,9.65,2
ORD-001265,2025-03-21 12:37:30,Friday,Riverside,Delivery,Uber Eats,Debit Card,,Espresso Shot,Beverage,2.38,1,2.38,10.61,3
ORD-001265,2025-03-21 12:37:30,Friday,Riverside,Delivery,Uber Eats,Debit Card,,Scone,Pastry,3.51,1,3.51,10.61,3
ORD-001265,2025-03-21 12:37:30,Friday,Riverside,Delivery,Uber Eats,Debit Card,,Cold Brew,Beverage,4.72,1,4.72,10.61,3
ORD-000582,2025-03-21 15:50:30,Friday,Campus,In Store,,Mobile Wallet,,Turkey & Swiss Sandwich,Food,8.53,1,8.53,19.92,3
ORD-000582,2025-03-21 15:50:30,Friday,Campus,In Store,,Mobile Wallet,,Breakfast Burrito,Food,7.35,1,7.35,19.92,3
ORD-000582,2025-03-21 15:50:30,Friday,Campus,In Store,,Mobile Wallet,,Hot Chocolate,Beverage,4.04,1,4.04,19.92,3
ORD-001037,2025-03-21 16:54:59,Friday,Uptown,In Store,,Cash,,Americano,Beverage,3.38,1,3.38,13.51,3
ORD-001037,2025-03-21 16:54:59,Friday,Uptown,In Store,,Cash,,Cold Brew,Beverage,5.13,1,5.13,13.51,3
ORD-001037,2025-03-21 16:54:59,Friday,Uptown,In Store,,Cash,,Matcha Latte,Beverage,5.0,1,5.0,13.51,3
ORD-000494,2025-03-21 18:33:40,Friday,Downtown,Mobile,,Debit Card,CUST-2917,Protein Box,Snack,7.44,1,7.44,11.17,2
ORD-000494,2025-03-21 18:33:40,Friday,Downtown,Mobile,,Debit Card,CUST-2917,Bagel w/ Cream Cheese,Pastry,3.73,1,3.73,11.17,2
ORD-001067,2025-03-22 08:09:26,Saturday,Uptown,In Store,,Credit Card,CUST-3130,Avocado Toast,Food,8.45,1,8.45,37.26,3
ORD-001067,2025-03-22 08:09:26,Saturday,Uptown,In Store,,Credit Card,CUST-3130,Scone,Pastry,3.81,3,11.43,37.26,3
ORD-001067,2025-03-22 08:09:26,Saturday,Uptown,In Store,,Credit Card,CUST-3130,Caesar Salad,Food,8.69,2,17.38,37.26,3
ORD-002067,2025-03-22 08:12:45,Saturday,Riverside,Mobile,,Debit Card,CUST-1055,Mocha,Beverage,5.14,1,5.14,5.14,1
ORD-001065,2025-03-22 09:02:46,Saturday,Uptown,In Store,,Credit Card,CUST-2887,Cinnamon Roll,Pastry,3.85,1,3.85,3.85,1
ORD-002772,2025-03-22 09:08:34,Saturday,Downtown,In Store,,Credit Card,,Granola & Yogurt Cup,Snack,5.42,2,10.84,26.11,3
ORD-002772,2025-03-22 09:08:34,Saturday,Downtown,In Store,,Credit Card,,Breakfast Burrito,Food,7.27,1,7.27,26.11,3
ORD-002772,2025-03-22 09:08:34,Saturday,Downtown,In Store,,Credit Card,,Veggie Wrap,Food,8.0,1,8.0,26.11,3
ORD-000478,2025-03-22 09:45:49,Saturday,Uptown,Mobile,,Mobile Wallet,CUST-3808,Iced Tea,Beverage,3.3,1,3.3,7.57,2
ORD-000478,2025-03-22 09:45:49,Saturday,Uptown,Mobile,,Mobile Wallet,CUST-3808,Cinnamon Roll,Pastry,4.27,1,4.27,7.57,2
ORD-002862,2025-03-22 11:39:38,Saturday,Riverside,In Store,,Credit Card,,Turkey & Swiss Sandwich,Food,8.82,1,8.82,8.82,1
ORD-002733,2025-03-22 12:46:45,Saturday,Campus,In Store,,Cash,,Veggie Wrap,Food,7.91,1,7.91,11.96,2
ORD-002733,2025-03-22 12:46:45,Saturday,Campus,In Store,,Cash,,Fruit Cup,Snack,4.05,1,4.05,11.96,2
ORD-002664,2025-03-22 13:41:07,Saturday,Campus,Mobile,,Mobile Wallet,CUST-2136,Chai Latte,Beverage,4.96,1,4.96,4.96,1
ORD-001599,2025-03-22 14:37:45,Saturday,Downtown,Delivery,DoorDash,Mobile Wallet,CUST-2180,Iced Tea,Beverage,2.75,1,2.75,7.51,2
ORD-001599,2025-03-22 14:37:45,Saturday,Downtown,Delivery,DoorDash,Mobile Wallet,CUST-2180,Chai Latte,Beverage,4.76,1,4.76,7.51,2
ORD-001093,2025-03-22 18:38:38,Saturday,Downtown,In Store,,Credit Card,,Chocolate Chip Cookie,Pastry,2.44,1,2.44,2.44,1
ORD-001493,2025-03-23 07:00:24,Sunday,Riverside,In Store,,Cash,,Americano,Beverage,3.1,1,3.1,20.5,4
ORD-001493,2025-03-23 07:00:24,Sunday,Riverside,In Store,,Cash,,Protein Box,Snack,6.98,1,6.98,20.5,4
ORD-001493,2025-03-23 07:00:24,Sunday,Riverside,In Store,,Cash,,Breakfast Burrito,Food,7.53,1,7.53,20.5,4
ORD-001493,2025-03-23 07:00:24,Sunday,Riverside,In Store,,Cash,,Iced Tea,Beverage,2.89,1,2.89,20.5,4
ORD-000682,2025-03-23 11:06:45,Sunday,Downtown,Mobile,,Mobile Wallet,CUST-3363,Bag of Chips,Snack,2.38,2,4.76,16.22,3
ORD-000682,2025-03-23 11:06:45,Sunday,Downtown,Mobile,,Mobile Wallet,CUST-3363,Veggie Wrap,Food,7.52,1,7.52,16.22,3
ORD-000682,2025-03-23 11:06:45,Sunday,Downtown,Mobile,,Mobile Wallet,CUST-3363,Fruit Cup,Snack,3.94,1,3.94,16.22,3
ORD-001388,2025-03-23 12:25:33,Sunday,Uptown,In Store,,Credit Card,,Scone,Pastry,3.48,1,3.48,3.48,1
ORD-000824,2025-03-23 15:47:25,Sunday,Riverside,In Store,,Credit Card,,Fruit Cup,Snack,4.42,2,8.84,11.67,2
ORD-000824,2025-03-23 15:47:25,Sunday,Riverside,In Store,,Credit Card,,Iced Tea,Beverage,2.83,1,2.83,11.67,2
ORD-001340,2025-03-23 17:36:09,Sunday,Downtown,In Store,,Mobile Wallet,CUST-1342,Breakfast Burrito,Food,7.49,1,7.49,7.49,1
ORD-002017,2025-03-24 09:06:30,Monday,Downtown,Mobile,,Credit Card,CUST-3977,Chai Latte,Beverage,4.91,2,9.82,9.82,1
ORD-001468,2025-03-24 12:21:16,Monday,Campus,Mobile,,Mobile Wallet,CUST-3163,Espresso Shot,Beverage,2.64,1,2.64,6.42,2
ORD-001468,2025-03-24 12:21:16,Monday,Campus,Mobile,,Mobile Wallet,CUST-3163,Cinnamon Roll,Pastry,3.78,1,3.78,6.42,2
ORD-001181,2025-03-24 14:28:56,Monday,Uptown,Delivery,Uber Eats,Mobile Wallet,,Drip Coffee,Beverage,3.11,1,3.11,11.4,2
ORD-001181,2025-03-24 14:28:56,Monday,Uptown,Delivery,Uber Eats,Mobile Wallet,,Turkey & Swiss Sandwich,Food,8.29,1,8.29,11.4,2
ORD-000530,2025-03-24 14:36:04,Monday,Campus,In Store,,Cash,,Matcha Latte,Beverage,5.47,1,5.47,13.13,3
ORD-000530,2025-03-24 14:36:04,Monday,Campus,In Store,,Cash,,Chocolate Chip Cookie,Pastry,2.76,1,2.76,13.13,3
ORD-000530,2025-03-24 14:36:04,Monday,Campus,In Store,,Cash,,Mocha,Beverage,4.9,1,4.9,13.13,3
ORD-001562,2025-03-24 15:47:46,Monday,Riverside,In Store,,Mobile Wallet,,Grilled Cheese,Food,6.75,1,6.75,6.75,1
ORD-001675,2025-03-24 17:02:09,Monday,Campus,In Store,,Mobile Wallet,,Latte,Beverage,4.28,1,4.28,12.58,2
ORD-001675,2025-03-24 17:02:09,Monday,Campus,In Store,,Mobile Wallet,,Turkey & Swiss Sandwich,Food,8.3,1,8.3,12.58,2
ORD-000773,2025-03-24 17:21:26,Monday,Uptown,In Store,,Cash,CUST-1082,Blueberry Muffin,Pastry,3.52,1,3.52,9.72,3
ORD-000773,2025-03-24 17:21:26,Monday,Uptown,In Store,,Cash,CUST-1082,Scone,Pastry,3.18,1,3.18,9.72,3
ORD-000773,2025-03-24 17:21:26,Monday,Uptown,In Store,,Cash,CUST-1082,Americano,Beverage,3.02,1,3.02,9.72,3
ORD-002351,2025-03-25 06:11:07,Tuesday,Riverside,Mobile,,Mobile Wallet,CUST-2026,Cold Brew,Beverage,5.06,2,10.12,23.93,3
ORD-002351,2025-03-25 06:11:07,Tuesday,Riverside,Mobile,,Mobile Wallet,CUST-2026,Breakfast Burrito,Food,7.19,1,7.19,23.93,3
ORD-002351,2025-03-25 06:11:07,Tuesday,Riverside,Mobile,,Mobile Wallet,CUST-2026,Grilled Cheese,Food,6.62,1,6.62,23.93,3
ORD-001359,2025-03-25 10:14:38,Tuesday,Campus,In Store,,Cash,,Breakfast Burrito,Food,7.44,1,7.44,18.16,3
ORD-001359,2025-03-25 10:14:38,Tuesday,Campus,In Store,,Cash,,Espresso Shot,Beverage,2.45,1,2.45,18.16,3
ORD-001359,2025-03-25 10:14:38,Tuesday,Campus,In Store,,Cash,,Avocado Toast,Food,8.27,1,8.27,18.16,3
ORD-002909,2025-03-25 10:34:43,Tuesday,Riverside,In Store,,Cash,,Breakfast Burrito,Food,7.75,1,7.75,20.43,3
ORD-002909,2025-03-25 10:34:43,Tuesday,Riverside,In Store,,Cash,,Cinnamon Roll,Pastry,4.21,1,4.21,20.43,3
ORD-002909,2025-03-25 10:34:43,Tuesday,Riverside,In Store,,Cash,,Caesar Salad,Food,8.47,1,8.47,20.43,3
ORD-000444,2025-03-25 12:09:20,Tuesday,Uptown,In Store,,Debit Card,CUST-2116,Veggie Wrap,Food,7.72,1,7.72,11.03,2
ORD-000444,2025-03-25 12:09:20,Tuesday,Uptown,In Store,,Debit Card,CUST-2116,Croissant,Pastry,3.31,1,3.31,11.03,2
ORD-001525,2025-03-25 12:43:57,Tuesday,Campus,Mobile,,Credit Card,CUST-4864,Fruit Cup,Snack,4.4,2,8.8,30.71,3
ORD-001525,2025-03-25 12:43:57,Tuesday,Campus,Mobile,,Credit Card,CUST-4864,Cold Brew,Beverage,5.25,1,5.25,30.71,3
ORD-001525,2025-03-25 12:43:57,Tuesday,Campus,Mobile,,Credit Card,CUST-4864,Avocado Toast,Food,8.33,2,16.66,30.71,3
ORD-000487,2025-03-25 14:27:07,Tuesday,Campus,Delivery,Uber Eats,Credit Card,,Americano,Beverage,3.14,2,6.28,18.4,3
ORD-000487,2025-03-25 14:27:07,Tuesday,Campus,Delivery,Uber Eats,Credit Card,,Cinnamon Roll,Pastry,3.82,1,3.82,18.4,3
ORD-000487,2025-03-25 14:27:07,Tuesday,Campus,Delivery,Uber Eats,Credit Card,,Bagel w/ Cream Cheese,Pastry,4.15,2,8.3,18.4,3
ORD-000040,2025-03-25 19:06:37,Tuesday,Riverside,In Store,,Mobile Wallet,,Avocado Toast,Food,7.93,1,7.93,23.14,3
ORD-000040,2025-03-25 19:06:37,Tuesday,Riverside,In Store,,Mobile Wallet,,Grilled Cheese,Food,6.85,1,6.85,23.14,3
ORD-000040,2025-03-25 19:06:37,Tuesday,Riverside,In Store,,Mobile Wallet,,Cappuccino,Beverage,4.18,2,8.36,23.14,3
ORD-002421,2025-03-26 07:12:57,Wednesday,Riverside,Mobile,,Mobile Wallet,CUST-3137,Avocado Toast,Food,8.43,1,8.43,24.95,2
ORD-002421,2025-03-26 07:12:57,Wednesday,Riverside,Mobile,,Mobile Wallet,CUST-3137,Caesar Salad,Food,8.26,2,16.52,24.95,2
ORD-001573,2025-03-26 07:47:15,Wednesday,Uptown,Mobile,,Debit Card,CUST-1554,Matcha Latte,Beverage,5.27,1,5.27,5.27,1
ORD-000568,2025-03-26 09:32:02,Wednesday,Downtown,In Store,,Mobile Wallet,,Mocha,Beverage,4.79,1,4.79,15.9,3
ORD-000568,2025-03-26 09:32:02,Wednesday,Downtown,In Store,,Mobile Wallet,,Latte,Beverage,4.61,1,4.61,15.9,3
ORD-000568,2025-03-26 09:32:02,Wednesday,Downtown,In Store,,Mobile Wallet,,Blueberry Muffin,Pastry,3.25,2,6.5,15.9,3
ORD-002173,2025-03-26 11:36:37,Wednesday,Campus,In Store,,Mobile Wallet,,Turkey & Swiss Sandwich,Food,8.93,1,8.93,8.93,1
ORD-000263,2025-03-26 11:52:45,Wednesday,Campus,Mobile,,Credit Card,CUST-2041,Americano,Beverage,3.59,1,3.59,13.57,2
ORD-000263,2025-03-26 11:52:45,Wednesday,Campus,Mobile,,Credit Card,CUST-2041,Mocha,Beverage,4.99,2,9.98,13.57,2
ORD-000412,2025-03-26 11:59:37,Wednesday,Downtown,In Store,,Mobile Wallet,,Bagel w/ Cream Cheese,Pastry,3.51,1,3.51,3.51,1
ORD-002864,2025-03-26 12:55:39,Wednesday,Campus,Delivery,DoorDash,Debit Card,,Granola & Yogurt Cup,Snack,4.87,1,4.87,4.87,1
ORD-002114,2025-03-26 13:35:43,Wednesday,Riverside,In Store,,Credit Card,CUST-1701,Blueberry Muffin,Pastry,3.45,2,6.9,32.38,4
ORD-002114,2025-03-26 13:35:43,Wednesday,Riverside,In Store,,Credit Card,CUST-1701,Turkey & Swiss Sandwich,Food,8.54,1,8.54,32.38,4
ORD-002114,2025-03-26 13:35:43,Wednesday,Riverside,In Store,,Credit Card,CUST-1701,Grilled Cheese,Food,6.88,2,13.76,32.38,4
ORD-002114,2025-03-26 13:35:43,Wednesday,Riverside,In Store,,Credit Card,CUST-1701,Scone,Pastry,3.18,1,3.18,32.38,4
ORD-001073,2025-03-26 13:54:21,Wednesday,Downtown,In Store,,Cash,,Drip Coffee,Beverage,3.02,1,3.02,15.02,3
ORD-001073,2025-03-26 13:54:21,Wednesday,Downtown,In Store,,Cash,,Granola & Yogurt Cup,Snack,5.18,1,5.18,15.02,3
ORD-001073,2025-03-26 13:54:21,Wednesday,Downtown,In Store,,Cash,,Protein Box,Snack,6.82,1,6.82,15.02,3
ORD-000099,2025-03-26 14:02:26,Wednesday,Uptown,In Store,,Mobile Wallet,,Protein Box,Snack,6.93,1,6.93,24.19,3
ORD-000099,2025-03-26 14:02:26,Wednesday,Uptown,In Store,,Mobile Wallet,,Cinnamon Roll,Pastry,4.1,2,8.2,24.19,3
ORD-000099,2025-03-26 14:02:26,Wednesday,Uptown,In Store,,Mobile Wallet,,Chai Latte,Beverage,4.53,2,9.06,24.19,3
ORD-001863,2025-03-26 14:44:14,Wednesday,Uptown,In Store,,Credit Card,,Drip Coffee,Beverage,2.68,1,2.68,12.41,4
ORD-001863,2025-03-26 14:44:14,Wednesday,Uptown,In Store,,Credit Card,,Iced Tea,Beverage,2.88,1,2.88,12.41,4
ORD-001863,2025-03-26 14:44:14,Wednesday,Uptown,In Store,,Credit Card,,Matcha Latte,Beverage,4.94,1,4.94,12.41,4
ORD-001863,2025-03-26 14:44:14,Wednesday,Uptown,In Store,,Credit Card,,Bag of Chips,Snack,1.91,1,1.91,12.41,4
ORD-001889,2025-03-26 14:57:00,Wednesday,Downtown,Mobile,,Mobile Wallet,CUST-1894,Croissant,Pastry,3.58,1,3.58,3.58,1
ORD-002932,2025-03-26 15:03:51,Wednesday,Campus,Mobile,,Debit Card,CUST-3984,Caesar Salad,Food,8.72,1,8.72,8.72,1
ORD-002343,2025-03-26 15:08:37,Wednesday,Campus,In Store,,Mobile Wallet,,Drip Coffee,Beverage,2.93,1,2.93,2.93,1
ORD-001018,2025-03-26 18:31:07,Wednesday,Campus,In Store,,Debit Card,,Bag of Chips,Snack,2.42,1,2.42,27.96,5
ORD-001018,2025-03-26 18:31:07,Wednesday,Campus,In Store,,Debit Card,,Turkey & Swiss Sandwich,Food,8.46,1,8.46,27.96,5
ORD-001018,2025-03-26 18:31:07,Wednesday,Campus,In Store,,Debit Card,,Matcha Latte,Beverage,4.87,1,4.87,27.96,5
ORD-001018,2025-03-26 18:31:07,Wednesday,Campus,In Store,,Debit Card,,Bagel w/ Cream Cheese,Pastry,3.97,1,3.97,27.96,5
ORD-001018,2025-03-26 18:31:07,Wednesday,Campus,In Store,,Debit Card,,Avocado Toast,Food,8.24,1,8.24,27.96,5
ORD-001338,2025-03-27 06:23:39,Thursday,Riverside,Mobile,,Credit Card,CUST-3507,Iced Tea,Beverage,3.12,1,3.12,15.68,3
ORD-001338,2025-03-27 06:23:39,Thursday,Riverside,Mobile,,Credit Card,CUST-3507,Protein Box,Snack,7.18,1,7.18,15.68,3
ORD-001338,2025-03-27 06:23:39,Thursday,Riverside,Mobile,,Credit Card,CUST-3507,Mocha,Beverage,5.38,1,5.38,15.68,3
ORD-002057,2025-03-27 08:49:13,Thursday,Campus,In Store,,Cash,CUST-3105,Cinnamon Roll,Pastry,4.31,1,4.31,4.31,1
ORD-001488,2025-03-27 09:04:02,Thursday,Riverside,In Store,,Debit Card,CUST-4987,Breakfast Burrito,Food,7.17,2,14.34,14.34,1
ORD-001947,2025-03-27 09:10:14,Thursday,Uptown,In Store,,Cash,,Avocado Toast,Food,7.89,2,15.78,15.78,1
ORD-002495,2025-03-27 11:11:15,Thursday,Campus,In Store,,Mobile Wallet,CUST-4415,Breakfast Burrito,Food,7.01,1,7.01,7.01,1
ORD-000676,2025-03-27 12:13:22,Thursday,Uptown,In Store,,Cash,,Scone,Pastry,3.9,1,3.9,11.08,2
ORD-000676,2025-03-27 12:13:22,Thursday,Uptown,In Store,,Cash,,Hot Chocolate,Beverage,3.59,2,7.18,11.08,2
ORD-002967,2025-03-27 13:50:13,Thursday,Riverside,Mobile,,Mobile Wallet,CUST-2672,Bagel w/ Cream Cheese,Pastry,3.67,1,3.67,21.41,2
ORD-002967,2025-03-27 13:50:13,Thursday,Riverside,Mobile,,Mobile Wallet,CUST-2672,Turkey & Swiss Sandwich,Food,8.87,2,17.74,21.41,2
ORD-000316,2025-03-27 13:59:21,Thursday,Campus,In Store,,Cash,CUST-2407,Iced Tea,Beverage,3.28,1,3.28,3.28,1
ORD-000456,2025-03-28 07:12:21,Friday,Campus,In Store,,Cash,CUST-2739,Grilled Cheese,Food,6.52,2,13.04,22.54,3
ORD-000456,2025-03-28 07:12:21,Friday,Campus,In Store,,Cash,CUST-2739,Matcha Latte,Beverage,5.2,1,5.2,22.54,3
ORD-000456,2025-03-28 07:12:21,Friday,Campus,In Store,,Cash,CUST-2739,Fruit Cup,Snack,4.3,1,4.3,22.54,3
ORD-001512,2025-03-28 09:14:28,Friday,Riverside,In Store,,Cash,,Matcha Latte,Beverage,5.34,1,5.34,5.34,1
ORD-002556,2025-03-28 10:42:02,Friday,Riverside,In Store,,Credit Card,,Cold Brew,Beverage,4.7,1,4.7,33.09,3
ORD-002556,2025-03-28 10:42:02,Friday,Riverside,In Store,,Credit Card,,Croissant,Pastry,3.67,3,11.01,33.09,3
ORD-002556,2025-03-28 10:42:02,Friday,Riverside,In Store,,Credit Card,,Turkey & Swiss Sandwich,Food,8.69,2,17.38,33.09,3
ORD-002630,2025-03-28 11:38:25,Friday,Uptown,Mobile,,Mobile Wallet,CUST-1943,Latte,Beverage,4.76,3,14.28,18.48,2
ORD-002630,2025-03-28 11:38:25,Friday,Uptown,Mobile,,Mobile Wallet,CUST-1943,Hot Chocolate,Beverage,4.2,1,4.2,18.48,2
ORD-000245,2025-03-28 12:10:31,Friday,Downtown,Mobile,,Credit Card,CUST-3516,Blueberry Muffin,Pastry,3.4,1,3.4,6.01,2
ORD-000245,2025-03-28 12:10:31,Friday,Downtown,Mobile,,Credit Card,CUST-3516,Chocolate Chip Cookie,Pastry,2.61,1,2.61,6.01,2
ORD-000030,2025-03-28 13:18:32,Friday,Riverside,Mobile,,Credit Card,CUST-4352,Mocha,Beverage,4.99,1,4.99,52.75,5
ORD-000030,2025-03-28 13:18:32,Friday,Riverside,Mobile,,Credit Card,CUST-4352,Protein Box,Snack,7.13,2,14.26,52.75,5
ORD-000030,2025-03-28 13:18:32,Friday,Riverside,Mobile,,Credit Card,CUST-4352,Hot Chocolate,Beverage,3.84,1,3.84,52.75,5
ORD-000030,2025-03-28 13:18:32,Friday,Riverside,Mobile,,Credit Card,CUST-4352,Chai Latte,Beverage,4.28,1,4.28,52.75,5
ORD-000030,2025-03-28 13:18:32,Friday,Riverside,Mobile,,Credit Card,CUST-4352,Caesar Salad,Food,8.46,3,25.38,52.75,5
ORD-000488,2025-03-28 14:52:17,Friday,Uptown,In Store,,Cash,,Chocolate Chip Cookie,Pastry,2.62,1,2.62,6.87,2
ORD-000488,2025-03-28 14:52:17,Friday,Uptown,In Store,,Cash,,Cappuccino,Beverage,4.25,1,4.25,6.87,2
ORD-000589,2025-03-28 15:00:06,Friday,Campus,In Store,,Mobile Wallet,,Grilled Cheese,Food,6.41,1,6.41,14.6,3
ORD-000589,2025-03-28 15:00:06,Friday,Campus,In Store,,Mobile Wallet,,Croissant,Pastry,3.33,1,3.33,14.6,3
ORD-000589,2025-03-28 15:00:06,Friday,Campus,In Store,,Mobile Wallet,,Cold Brew,Beverage,4.86,1,4.86,14.6,3
ORD-000529,2025-03-28 15:34:27,Friday,Campus,Delivery,DoorDash,Credit Card,,Breakfast Burrito,Food,7.69,1,7.69,34.37,5
ORD-000529,2025-03-28 15:34:27,Friday,Campus,Delivery,DoorDash,Credit Card,,Drip Coffee,Beverage,2.71,2,5.42,34.37,5
ORD-000529,2025-03-28 15:34:27,Friday,Campus,Delivery,DoorDash,Credit Card,,Cold Brew,Beverage,4.66,2,9.32,34.37,5
ORD-000529,2025-03-28 15:34:27,Friday,Campus,Delivery,DoorDash,Credit Card,,Veggie Wrap,Food,8.25,1,8.25,34.37,5
ORD-000529,2025-03-28 15:34:27,Friday,Campus,Delivery,DoorDash,Credit Card,,Hot Chocolate,Beverage,3.69,1,3.69,34.37,5
ORD-001211,2025-03-28 15:57:30,Friday,Downtown,In Store,,Cash,,Protein Box,Snack,6.89,1,6.89,6.89,1
ORD-002419,2025-03-28 15:59:33,Friday,Uptown,Delivery,Uber Eats,Debit Card,,Cold Brew,Beverage,5.02,1,5.02,25.78,3
ORD-002419,2025-03-28 15:59:33,Friday,Uptown,Delivery,Uber Eats,Debit Card,,Mocha,Beverage,5.26,1,5.26,25.78,3
ORD-002419,2025-03-28 15:59:33,Friday,Uptown,Delivery,Uber Eats,Debit Card,,Breakfast Burrito,Food,7.75,2,15.5,25.78,3
ORD-002373,2025-03-29 08:23:37,Saturday,Downtown,In Store,,Credit Card,,Latte,Beverage,4.69,1,4.69,16.21,3
ORD-002373,2025-03-29 08:23:37,Saturday,Downtown,In Store,,Credit Card,,Grilled Cheese,Food,6.3,1,6.3,16.21,3
ORD-002373,2025-03-29 08:23:37,Saturday,Downtown,In Store,,Credit Card,,Granola & Yogurt Cup,Snack,5.22,1,5.22,16.21,3
ORD-002354,2025-03-29 08:40:06,Saturday,Campus,In Store,,Cash,,Breakfast Burrito,Food,7.19,1,7.19,7.19,1
ORD-002836,2025-03-29 10:01:18,Saturday,Uptown,Delivery,Uber Eats,Debit Card,,Chocolate Chip Cookie,Pastry,2.97,1,2.97,2.97,1
ORD-000005,2025-03-29 12:15:10,Saturday,Riverside,In Store,,Credit Card,,Latte,Beverage,4.3,1,4.3,22.26,3
ORD-000005,2025-03-29 12:15:10,Saturday,Riverside,In Store,,Credit Card,,Fruit Cup,Snack,4.3,2,8.6,22.26,3
ORD-000005,2025-03-29 12:15:10,Saturday,Riverside,In Store,,Credit Card,,Chai Latte,Beverage,4.68,2,9.36,22.26,3
ORD-002048,2025-03-29 12:37:08,Saturday,Downtown,In Store,,Debit Card,CUST-4351,Breakfast Burrito,Food,7.31,3,21.93,21.93,1
ORD-002723,2025-03-29 12:39:59,Saturday,Downtown,In Store,,Credit Card,CUST-2188,Veggie Wrap,Food,7.72,1,7.72,7.72,1
ORD-001419,2025-03-29 15:34:56,Saturday,Riverside,In Store,,Mobile Wallet,CUST-3277,Caesar Salad,Food,8.04,1,8.04,11.35,2
ORD-001419,2025-03-29 15:34:56,Saturday,Riverside,In Store,,Mobile Wallet,CUST-3277,Scone,Pastry,3.31,1,3.31,11.35,2
ORD-000900,2025-03-30 08:39:31,Sunday,Uptown,In Store,,Debit Card,CUST-3798,Avocado Toast,Food,8.31,1,8.31,34.66,4
ORD-000900,2025-03-30 08:39:31,Sunday,Uptown,In Store,,Debit Card,CUST-3798,Croissant,Pastry,3.38,2,6.76,34.66,4
ORD-000900,2025-03-30 08:39:31,Sunday,Uptown,In Store,,Debit Card,CUST-3798,Breakfast Burrito,Food,7.53,2,15.06,34.66,4
ORD-000900,2025-03-30 08:39:31,Sunday,Uptown,In Store,,Debit Card,CUST-3798,Cold Brew,Beverage,4.53,1,4.53,34.66,4
ORD-000232,2025-03-30 09:09:39,Sunday,Campus,Mobile,,Credit Card,CUST-2621,Latte,Beverage,4.62,1,4.62,29.56,4
ORD-000232,2025-03-30 09:09:39,Sunday,Campus,Mobile,,Credit Card,CUST-2621,Chai Latte,Beverage,4.48,2,8.96,29.56,4
ORD-000232,2025-03-30 09:09:39,Sunday,Campus,Mobile,,Credit Card,CUST-2621,Grilled Cheese,Food,6.27,2,12.54,29.56,4
ORD-000232,2025-03-30 09:09:39,Sunday,Campus,Mobile,,Credit Card,CUST-2621,Iced Tea,Beverage,3.44,1,3.44,29.56,4
ORD-002524,2025-03-30 09:46:13,Sunday,Campus,In Store,,Debit Card,,Americano,Beverage,3.0,1,3.0,6.86,2
ORD-002524,2025-03-30 09:46:13,Sunday,Campus,In Store,,Debit Card,,Croissant,Pastry,3.86,1,3.86,6.86,2
ORD-001327,2025-03-30 17:47:37,Sunday,Riverside,In Store,,Mobile Wallet,CUST-1118,Grilled Cheese,Food,6.84,2,13.68,13.68,1
ORD-001167,2025-03-30 18:16:30,Sunday,Uptown,Mobile,,Debit Card,CUST-2891,Latte,Beverage,4.64,1,4.64,8.22,2
ORD-001167,2025-03-30 18:16:30,Sunday,Uptown,Mobile,,Debit Card,CUST-2891,Americano,Beverage,3.58,1,3.58,8.22,2
ORD-000077,2025-03-31 09:08:47,Monday,Downtown,In Store,,Cash,,Scone,Pastry,3.32,1,3.32,18.55,3
ORD-000077,2025-03-31 09:08:47,Monday,Downtown,In Store,,Cash,,Avocado Toast,Food,8.25,1,8.25,18.55,3
ORD-000077,2025-03-31 09:08:47,Monday,Downtown,In Store,,Cash,,Americano,Beverage,3.49,2,6.98,18.55,3
ORD-000548,2025-03-31 10:35:15,Monday,Downtown,In Store,,Credit Card,,Espresso Shot,Beverage,2.75,2,5.5,19.22,4
ORD-000548,2025-03-31 10:35:15,Monday,Downtown,In Store,,Credit Card,,Drip Coffee,Beverage,3.09,1,3.09,19.22,4
ORD-000548,2025-03-31 10:35:15,Monday,Downtown,In Store,,Credit Card,,Bag of Chips,Snack,2.45,1,2.45,19.22,4
ORD-000548,2025-03-31 10:35:15,Monday,Downtown,In Store,,Credit Card,,Caesar Salad,Food,8.18,1,8.18,19.22,4
ORD-000311,2025-03-31 11:07:44,Monday,Riverside,In Store,,Cash,CUST-1863,Americano,Beverage,3.65,1,3.65,6.6,2
ORD-000311,2025-03-31 11:07:44,Monday,Riverside,In Store,,Cash,CUST-1863,Iced Tea,Beverage,2.95,1,2.95,6.6,2
ORD-000149,2025-03-31 13:27:35,Monday,Riverside,In Store,,Mobile Wallet,,Chocolate Chip Cookie,Pastry,2.47,1,2.47,2.47,1
ORD-002542,2025-03-31 13:36:43,Monday,Campus,Mobile,,Debit Card,CUST-4593,Protein Box,Snack,7.07,1,7.07,7.07,1
ORD-000979,2025-03-31 17:18:54,Monday,Riverside,In Store,,Debit Card,,Mocha,Beverage,4.83,1,4.83,11.33,3
ORD-000979,2025-03-31 17:18:54,Monday,Riverside,In Store,,Debit Card,,Cappuccino,Beverage,4.56,1,4.56,11.33,3
ORD-000979,2025-03-31 17:18:54,Monday,Riverside,In Store,,Debit Card,,Bag of Chips,Snack,1.94,1,1.94,11.33,3
ORD-000396,2025-03-31 17:47:09,Monday,Riverside,Mobile,,Credit Card,CUST-2070,Bagel w/ Cream Cheese,Pastry,3.56,1,3.56,13.66,3
ORD-000396,2025-03-31 17:47:09,Monday,Riverside,Mobile,,Credit Card,CUST-2070,Cold Brew,Beverage,5.2,1,5.2,13.66,3
ORD-000396,2025-03-31 17:47:09,Monday,Riverside,Mobile,,Credit Card,CUST-2070,Chai Latte,Beverage,4.9,1,4.9,13.66,3
ORD-002310,2025-04-01 07:18:09,Tuesday,Campus,In Store,,Mobile Wallet,CUST-3930,Croissant,Pastry,3.44,1,3.44,3.44,1
ORD-000703,2025-04-01 12:33:38,Tuesday,Campus,In Store,,Cash,,Chai Latte,Beverage,4.43,1,4.43,8.1,2
ORD-000703,2025-04-01 12:33:38,Tuesday,Campus,In Store,,Cash,,Americano,Beverage,3.67,1,3.67,8.1,2
ORD-002883,2025-04-01 14:39:31,Tuesday,Uptown,In Store,,Mobile Wallet,,Matcha Latte,Beverage,5.42,1,5.42,12.2,2
ORD-002883,2025-04-01 14:39:31,Tuesday,Uptown,In Store,,Mobile Wallet,,Protein Box,Snack,6.78,1,6.78,12.2,2
ORD-000790,2025-04-02 06:23:54,Wednesday,Riverside,In Store,,Mobile Wallet,CUST-3292,Mocha,Beverage,5.45,2,10.9,23.04,4
ORD-000790,2025-04-02 06:23:54,Wednesday,Riverside,In Store,,Mobile Wallet,CUST-3292,Blueberry Muffin,Pastry,3.27,1,3.27,23.04,4
ORD-000790,2025-04-02 06:23:54,Wednesday,Riverside,In Store,,Mobile Wallet,CUST-3292,Croissant,Pastry,3.69,1,3.69,23.04,4
ORD-000790,2025-04-02 06:23:54,Wednesday,Riverside,In Store,,Mobile Wallet,CUST-3292,Cold Brew,Beverage,5.18,1,5.18,23.04,4
ORD-001537,2025-04-02 06:47:18,Wednesday,Uptown,Mobile,,Debit Card,CUST-1664,Chocolate Chip Cookie,Pastry,2.52,1,2.52,15.85,3
ORD-001537,2025-04-02 06:47:18,Wednesday,Uptown,Mobile,,Debit Card,CUST-1664,Mocha,Beverage,4.82,2,9.64,15.85,3
ORD-001537,2025-04-02 06:47:18,Wednesday,Uptown,Mobile,,Debit Card,CUST-1664,Croissant,Pastry,3.69,1,3.69,15.85,3
ORD-001976,2025-04-02 08:48:30,Wednesday,Downtown,Delivery,Grubhub,Mobile Wallet,,Bag of Chips,Snack,1.79,1,1.79,1.79,1
ORD-001581,2025-04-02 09:04:13,Wednesday,Riverside,In Store,,Debit Card,,Grilled Cheese,Food,6.45,1,6.45,6.45,1
ORD-000419,2025-04-02 10:08:29,Wednesday,Riverside,Mobile,,Debit Card,CUST-1828,Latte,Beverage,4.29,1,4.29,4.29,1
ORD-002180,2025-04-02 10:14:03,Wednesday,Campus,In Store,,Debit Card,CUST-4903,Drip Coffee,Beverage,2.69,1,2.69,32.68,4
ORD-002180,2025-04-02 10:14:03,Wednesday,Campus,In Store,,Debit Card,CUST-4903,Cinnamon Roll,Pastry,4.32,2,8.64,32.68,4
ORD-002180,2025-04-02 10:14:03,Wednesday,Campus,In Store,,Debit Card,CUST-4903,Breakfast Burrito,Food,7.55,1,7.55,32.68,4
ORD-002180,2025-04-02 10:14:03,Wednesday,Campus,In Store,,Debit Card,CUST-4903,Chai Latte,Beverage,4.6,3,13.8,32.68,4
ORD-000649,2025-04-02 11:21:38,Wednesday,Campus,In Store,,Credit Card,,Breakfast Burrito,Food,7.08,1,7.08,19.8,3
ORD-000649,2025-04-02 11:21:38,Wednesday,Campus,In Store,,Credit Card,,Hot Chocolate,Beverage,4.11,2,8.22,19.8,3
ORD-000649,2025-04-02 11:21:38,Wednesday,Campus,In Store,,Credit Card,,Bag of Chips,Snack,2.25,2,4.5,19.8,3
ORD-000267,2025-04-02 12:44:40,Wednesday,Downtown,In Store,,Debit Card,,Caesar Salad,Food,8.56,1,8.56,21.48,2
ORD-000267,2025-04-02 12:44:40,Wednesday,Downtown,In Store,,Debit Card,,Grilled Cheese,Food,6.46,2,12.92,21.48,2
ORD-001005,2025-04-02 12:49:29,Wednesday,Riverside,In Store,,Credit Card,CUST-4818,Protein Box,Snack,7.34,1,7.34,7.34,1
ORD-001260,2025-04-02 15:56:44,Wednesday,Riverside,In Store,,Debit Card,,Cinnamon Roll,Pastry,4.42,3,13.26,13.26,1
ORD-000897,2025-04-03 07:59:31,Thursday,Riverside,Mobile,,Credit Card,CUST-1385,Grilled Cheese,Food,6.89,1,6.89,34.42,4
ORD-000897,2025-04-03 07:59:31,Thursday,Riverside,Mobile,,Credit Card,CUST-1385,Avocado Toast,Food,7.99,2,15.98,34.42,4
ORD-000897,2025-04-03 07:59:31,Thursday,Riverside,Mobile,,Credit Card,CUST-1385,Caesar Salad,Food,8.23,1,8.23,34.42,4
ORD-000897,2025-04-03 07:59:31,Thursday,Riverside,Mobile,,Credit Card,CUST-1385,Blueberry Muffin,Pastry,3.32,1,3.32,34.42,4
ORD-001416,2025-04-03 08:37:17,Thursday,Uptown,Mobile,,Mobile Wallet,CUST-4743,Drip Coffee,Beverage,2.86,1,2.86,21.23,4
ORD-001416,2025-04-03 08:37:17,Thursday,Uptown,Mobile,,Mobile Wallet,CUST-4743,Avocado Toast,Food,8.16,1,8.16,21.23,4
ORD-001416,2025-04-03 08:37:17,Thursday,Uptown,Mobile,,Mobile Wallet,CUST-4743,Matcha Latte,Beverage,4.89,1,4.89,21.23,4
ORD-001416,2025-04-03 08:37:17,Thursday,Uptown,Mobile,,Mobile Wallet,CUST-4743,Granola & Yogurt Cup,Snack,5.32,1,5.32,21.23,4
ORD-002938,2025-04-03 09:37:04,Thursday,Riverside,In Store,,Mobile Wallet,,Fruit Cup,Snack,3.9,1,3.9,11.2,2
ORD-002938,2025-04-03 09:37:04,Thursday,Riverside,In Store,,Mobile Wallet,,Croissant,Pastry,3.65,2,7.3,11.2,2
ORD-001570,2025-04-03 09:44:48,Thursday,Downtown,In Store,,Debit Card,CUST-1055,Blueberry Muffin,Pastry,3.4,1,3.4,3.4,1
ORD-002106,2025-04-03 11:55:53,Thursday,Campus,In Store,,Mobile Wallet,,Matcha Latte,Beverage,4.94,1,4.94,4.94,1
ORD-001755,2025-04-03 13:03:39,Thursday,Downtown,Mobile,,Debit Card,CUST-3892,Cinnamon Roll,Pastry,3.82,1,3.82,3.82,1
ORD-002568,2025-04-04 08:22:52,Friday,Downtown,In Store,,Mobile Wallet,CUST-1962,Americano,Beverage,3.21,1,3.21,3.21,1
ORD-002700,2025-04-04 09:42:11,Friday,Riverside,In Store,,Mobile Wallet,,Espresso Shot,Beverage,2.4,2,4.8,16.14,3
ORD-002700,2025-04-04 09:42:11,Friday,Riverside,In Store,,Mobile Wallet,,Breakfast Burrito,Food,7.75,1,7.75,16.14,3
ORD-002700,2025-04-04 09:42:11,Friday,Riverside,In Store,,Mobile Wallet,,Hot Chocolate,Beverage,3.59,1,3.59,16.14,3
ORD-000295,2025-04-04 13:32:16,Friday,Riverside,In Store,,Mobile Wallet,,Blueberry Muffin,Pastry,3.08,1,3.08,3.08,1
ORD-001330,2025-04-04 18:03:24,Friday,Uptown,In Store,,Mobile Wallet,CUST-3775,Iced Tea,Beverage,2.99,1,2.99,5.94,2
ORD-001330,2025-04-04 18:03:24,Friday,Uptown,In Store,,Mobile Wallet,CUST-3775,Espresso Shot,Beverage,2.95,1,2.95,5.94,2
ORD-001802,2025-04-05 07:01:22,Saturday,Riverside,In Store,,Cash,,Chai Latte,Beverage,4.65,1,4.65,17.79,5
ORD-001802,2025-04-05 07:01:22,Saturday,Riverside,In Store,,Cash,,Chocolate Chip Cookie,Pastry,2.39,1,2.39,17.79,5
ORD-001802,2025-04-05 07:01:22,Saturday,Riverside,In Store,,Cash,,Americano,Beverage,3.63,1,3.63,17.79,5
ORD-001802,2025-04-05 07:01:22,Saturday,Riverside,In Store,,Cash,,Cinnamon Roll,Pastry,4.35,1,4.35,17.79,5
ORD-001802,2025-04-05 07:01:22,Saturday,Riverside,In Store,,Cash,,Drip Coffee,Beverage,2.77,1,2.77,17.79,5
ORD-001303,2025-04-05 07:51:00,Saturday,Downtown,Mobile,,Debit Card,CUST-1691,Caesar Salad,Food,8.07,1,8.07,13.04,2
ORD-001303,2025-04-05 07:51:00,Saturday,Downtown,Mobile,,Debit Card,CUST-1691,Cold Brew,Beverage,4.97,1,4.97,13.04,2
ORD-001543,2025-04-05 08:26:36,Saturday,Downtown,Mobile,,Debit Card,CUST-2707,Avocado Toast,Food,7.98,2,15.96,19.84,2
ORD-001543,2025-04-05 08:26:36,Saturday,Downtown,Mobile,,Debit Card,CUST-2707,Cinnamon Roll,Pastry,3.88,1,3.88,19.84,2
ORD-002486,2025-04-05 10:36:48,Saturday,Uptown,Mobile,,Credit Card,CUST-2341,Cold Brew,Beverage,5.12,1,5.12,7.34,2
ORD-002486,2025-04-05 10:36:48,Saturday,Uptown,Mobile,,Credit Card,CUST-2341,Bag of Chips,Snack,2.22,1,2.22,7.34,2
ORD-001874,2025-04-05 12:06:09,Saturday,Riverside,In Store,,Debit Card,CUST-2707,Cappuccino,Beverage,4.69,2,9.38,9.38,1
ORD-000983,2025-04-05 12:07:35,Saturday,Uptown,In Store,,Credit Card,CUST-4058,Latte,Beverage,4.48,1,4.48,10.44,3
ORD-000983,2025-04-05 12:07:35,Saturday,Uptown,In Store,,Credit Card,CUST-4058,Croissant,Pastry,3.45,1,3.45,10.44,3
ORD-000983,2025-04-05 12:07:35,Saturday,Uptown,In Store,,Credit Card,CUST-4058,Drip Coffee,Beverage,2.51,1,2.51,10.44,3
ORD-000150,2025-04-05 14:30:15,Saturday,Riverside,Mobile,,Mobile Wallet,CUST-1591,Latte,Beverage,4.67,3,14.01,25.18,3
ORD-000150,2025-04-05 14:30:15,Saturday,Riverside,Mobile,,Mobile Wallet,CUST-1591,Turkey & Swiss Sandwich,Food,8.43,1,8.43,25.18,3
ORD-000150,2025-04-05 14:30:15,Saturday,Riverside,Mobile,,Mobile Wallet,CUST-1591,Chocolate Chip Cookie,Pastry,2.74,1,2.74,25.18,3
ORD-000155,2025-04-05 17:34:41,Saturday,Downtown,Delivery,Grubhub,Credit Card,CUST-1026,Bag of Chips,Snack,2.28,1,2.28,10.16,2
ORD-000155,2025-04-05 17:34:41,Saturday,Downtown,Delivery,Grubhub,Credit Card,CUST-1026,Veggie Wrap,Food,7.88,1,7.88,10.16,2
ORD-000137,2025-04-06 06:21:50,Sunday,Uptown,In Store,,Credit Card,,Blueberry Muffin,Pastry,3.25,1,3.25,5.07,2
ORD-000137,2025-04-06 06:21:50,Sunday,Uptown,In Store,,Credit Card,,Bag of Chips,Snack,1.82,1,1.82,5.07,2
ORD-001259,2025-04-06 07:37:47,Sunday,Campus,In Store,,Debit Card,CUST-1190,Bag of Chips,Snack,2.25,1,2.25,2.25,1
ORD-001203,2025-04-06 08:09:18,Sunday,Campus,In Store,,Mobile Wallet,,Bagel w/ Cream Cheese,Pastry,3.55,1,3.55,11.65,2
ORD-001203,2025-04-06 08:09:18,Sunday,Campus,In Store,,Mobile Wallet,,Caesar Salad,Food,8.1,1,8.1,11.65,2
ORD-000562,2025-04-06 08:58:24,Sunday,Uptown,In Store,,Debit Card,,Latte,Beverage,4.26,1,4.26,4.26,1
ORD-000684,2025-04-06 09:57:14,Sunday,Uptown,In Store,,Mobile Wallet,,Espresso Shot,Beverage,2.7,1,2.7,12.01,3
ORD-000684,2025-04-06 09:57:14,Sunday,Uptown,In Store,,Mobile Wallet,,Cappuccino,Beverage,4.08,1,4.08,12.01,3
ORD-000684,2025-04-06 09:57:14,Sunday,Uptown,In Store,,Mobile Wallet,,Matcha Latte,Beverage,5.23,1,5.23,12.01,3
ORD-002032,2025-04-06 09:58:39,Sunday,Riverside,In Store,,Debit Card,CUST-3130,Chai Latte,Beverage,4.81,2,9.62,9.62,1
ORD-002235,2025-04-06 12:30:10,Sunday,Riverside,In Store,,Mobile Wallet,,Grilled Cheese,Food,6.62,1,6.62,9.72,2
ORD-002235,2025-04-06 12:30:10,Sunday,Riverside,In Store,,Mobile Wallet,,Blueberry Muffin,Pastry,3.1,1,3.1,9.72,2
ORD-000110,2025-04-06 12:31:23,Sunday,Riverside,Delivery,Grubhub,Credit Card,,Cold Brew,Beverage,5.0,1,5.0,6.99,2
ORD-000110,2025-04-06 12:31:23,Sunday,Riverside,Delivery,Grubhub,Credit Card,,Bag of Chips,Snack,1.99,1,1.99,6.99,2
ORD-001762,2025-04-06 12:41:38,Sunday,Downtown,Mobile,,Debit Card,CUST-2193,Chai Latte,Beverage,4.65,1,4.65,11.61,2
ORD-001762,2025-04-06 12:41:38,Sunday,Downtown,Mobile,,Debit Card,CUST-2193,Protein Box,Snack,6.96,1,6.96,11.61,2
ORD-002370,2025-04-06 13:41:12,Sunday,Riverside,In Store,,Mobile Wallet,,Bag of Chips,Snack,2.39,1,2.39,2.39,1
ORD-000766,2025-04-06 14:18:08,Sunday,Downtown,In Store,,Credit Card,CUST-1275,Breakfast Burrito,Food,7.03,1,7.03,12.19,2
ORD-000766,2025-04-06 14:18:08,Sunday,Downtown,In Store,,Credit Card,CUST-1275,Mocha,Beverage,5.16,1,5.16,12.19,2
ORD-001640,2025-04-07 11:28:29,Monday,Campus,In Store,,Mobile Wallet,,Drip Coffee,Beverage,2.71,2,5.42,29.5,5
ORD-001640,2025-04-07 11:28:29,Monday,Campus,In Store,,Mobile Wallet,,Iced Tea,Beverage,3.39,1,3.39,29.5,5
ORD-001640,2025-04-07 11:28:29,Monday,Campus,In Store,,Mobile Wallet,,Granola & Yogurt Cup,Snack,5.21,1,5.21,29.5,5
ORD-001640,2025-04-07 11:28:29,Monday,Campus,In Store,,Mobile Wallet,,Blueberry Muffin,Pastry,3.2,3,9.6,29.5,5
ORD-001640,2025-04-07 11:28:29,Monday,Campus,In Store,,Mobile Wallet,,Espresso Shot,Beverage,2.94,2,5.88,29.5,5
ORD-000915,2025-04-07 15:46:20,Monday,Downtown,In Store,,Credit Card,CUST-4892,Cold Brew,Beverage,4.65,1,4.65,4.65,1
ORD-002611,2025-04-07 17:50:39,Monday,Riverside,In Store,,Cash,,Cold Brew,Beverage,5.07,1,5.07,25.64,3
ORD-002611,2025-04-07 17:50:39,Monday,Riverside,In Store,,Cash,,Chai Latte,Beverage,4.54,3,13.62,25.64,3
ORD-002611,2025-04-07 17:50:39,Monday,Riverside,In Store,,Cash,,Grilled Cheese,Food,6.95,1,6.95,25.64,3
ORD-001354,2025-04-08 08:32:50,Tuesday,Uptown,In Store,,Credit Card,CUST-3214,Croissant,Pastry,3.49,1,3.49,18.48,3
ORD-001354,2025-04-08 08:32:50,Tuesday,Uptown,In Store,,Credit Card,CUST-3214,Chai Latte,Beverage,4.89,1,4.89,18.48,3
ORD-001354,2025-04-08 08:32:50,Tuesday,Uptown,In Store,,Credit Card,CUST-3214,Granola & Yogurt Cup,Snack,5.05,2,10.1,18.48,3
ORD-002873,2025-04-08 15:44:55,Tuesday,Campus,In Store,,Mobile Wallet,,Iced Tea,Beverage,3.38,2,6.76,11.62,2
ORD-002873,2025-04-08 15:44:55,Tuesday,Campus,In Store,,Mobile Wallet,,Matcha Latte,Beverage,4.86,1,4.86,11.62,2
ORD-001656,2025-04-09 08:11:23,Wednesday,Campus,In Store,,Cash,,Granola & Yogurt Cup,Snack,4.95,1,4.95,4.95,1
ORD-002152,2025-04-09 08:15:34,Wednesday,Riverside,In Store,,Credit Card,,Scone,Pastry,3.82,1,3.82,7.64,2
ORD-002152,2025-04-09 08:15:34,Wednesday,Riverside,In Store,,Credit Card,,Hot Chocolate,Beverage,3.82,1,3.82,7.64,2
ORD-000785,2025-04-09 09:52:58,Wednesday,Riverside,Mobile,,Debit Card,CUST-3557,Turkey & Swiss Sandwich,Food,8.8,1,8.8,21.31,3
ORD-000785,2025-04-09 09:52:58,Wednesday,Riverside,Mobile,,Debit Card,CUST-3557,Matcha Latte,Beverage,4.81,1,4.81,21.31,3
ORD-000785,2025-04-09 09:52:58,Wednesday,Riverside,Mobile,,Debit Card,CUST-3557,Veggie Wrap,Food,7.7,1,7.7,21.31,3
ORD-001028,2025-04-09 10:03:02,Wednesday,Riverside,Mobile,,Debit Card,CUST-1764,Cinnamon Roll,Pastry,4.4,1,4.4,16.54,3
ORD-001028,2025-04-09 10:03:02,Wednesday,Riverside,Mobile,,Debit Card,CUST-1764,Caesar Salad,Food,8.61,1,8.61,16.54,3
ORD-001028,2025-04-09 10:03:02,Wednesday,Riverside,Mobile,,Debit Card,CUST-1764,Blueberry Muffin,Pastry,3.53,1,3.53,16.54,3
ORD-002888,2025-04-09 10:03:08,Wednesday,Uptown,Mobile,,Debit Card,CUST-3103,Protein Box,Snack,6.91,1,6.91,9.27,2
ORD-002888,2025-04-09 10:03:08,Wednesday,Uptown,Mobile,,Debit Card,CUST-3103,Espresso Shot,Beverage,2.36,1,2.36,9.27,2
ORD-001834,2025-04-09 13:01:53,Wednesday,Uptown,Mobile,,Debit Card,CUST-1519,Veggie Wrap,Food,7.72,2,15.44,15.44,1
ORD-002901,2025-04-10 07:19:57,Thursday,Riverside,Mobile,,Mobile Wallet,CUST-4969,Matcha Latte,Beverage,5.03,1,5.03,12.05,2
ORD-002901,2025-04-10 07:19:57,Thursday,Riverside,Mobile,,Mobile Wallet,CUST-4969,Protein Box,Snack,7.02,1,7.02,12.05,2
ORD-000304,2025-04-10 07:38:32,Thursday,Uptown,In Store,,Credit Card,,Drip Coffee,Beverage,2.8,1,2.8,25.51,2
ORD-000304,2025-04-10 07:38:32,Thursday,Uptown,In Store,,Credit Card,,Veggie Wrap,Food,7.57,3,22.71,25.51,2
ORD-001013,2025-04-10 09:32:10,Thursday,Downtown,In Store,,Credit Card,,Latte,Beverage,4.72,1,4.72,7.56,2
ORD-001013,2025-04-10 09:32:10,Thursday,Downtown,In Store,,Credit Card,,Drip Coffee,Beverage,2.84,1,2.84,7.56,2
ORD-001919,2025-04-10 13:04:17,Thursday,Campus,In Store,,Debit Card,CUST-3601,Breakfast Burrito,Food,7.3,1,7.3,7.3,1
ORD-001850,2025-04-10 14:13:16,Thursday,Riverside,In Store,,Credit Card,,Scone,Pastry,3.43,1,3.43,3.43,1
ORD-001490,2025-04-10 14:15:12,Thursday,Riverside,Mobile,,Credit Card,CUST-2614,Avocado Toast,Food,7.72,2,15.44,28.73,4
ORD-001490,2025-04-10 14:15:12,Thursday,Riverside,Mobile,,Credit Card,CUST-2614,Espresso Shot,Beverage,2.42,3,7.26,28.73,4
ORD-001490,2025-04-10 14:15:12,Thursday,Riverside,Mobile,,Credit Card,CUST-2614,Chocolate Chip Cookie,Pastry,2.81,1,2.81,28.73,4
ORD-001490,2025-04-10 14:15:12,Thursday,Riverside,Mobile,,Credit Card,CUST-2614,Drip Coffee,Beverage,3.22,1,3.22,28.73,4
ORD-000445,2025-04-10 15:11:48,Thursday,Uptown,In Store,,Debit Card,,Caesar Salad,Food,8.52,1,8.52,19.23,3
ORD-000445,2025-04-10 15:11:48,Thursday,Uptown,In Store,,Debit Card,,Hot Chocolate,Beverage,3.61,1,3.61,19.23,3
ORD-000445,2025-04-10 15:11:48,Thursday,Uptown,In Store,,Debit Card,,Protein Box,Snack,7.1,1,7.1,19.23,3
ORD-002965,2025-04-10 16:51:13,Thursday,Uptown,In Store,,Cash,CUST-2341,Fruit Cup,Snack,3.75,1,3.75,8.57,2
ORD-002965,2025-04-10 16:51:13,Thursday,Uptown,In Store,,Cash,CUST-2341,Granola & Yogurt Cup,Snack,4.82,1,4.82,8.57,2
ORD-001269,2025-04-11 06:52:03,Friday,Uptown,In Store,,Mobile Wallet,,Avocado Toast,Food,7.87,1,7.87,11.38,2
ORD-001269,2025-04-11 06:52:03,Friday,Uptown,In Store,,Mobile Wallet,,Americano,Beverage,3.51,1,3.51,11.38,2
ORD-001337,2025-04-11 08:18:18,Friday,Downtown,In Store,,Debit Card,,Breakfast Burrito,Food,7.02,1,7.02,10.42,2
ORD-001337,2025-04-11 08:18:18,Friday,Downtown,In Store,,Debit Card,,Scone,Pastry,3.4,1,3.4,10.42,2
ORD-001069,2025-04-11 11:24:49,Friday,Downtown,In Store,,Cash,,Latte,Beverage,4.78,1,4.78,4.78,1
ORD-001513,2025-04-11 12:24:36,Friday,Downtown,In Store,,Credit Card,,Turkey & Swiss Sandwich,Food,8.42,1,8.42,8.42,1
ORD-001126,2025-04-11 12:42:11,Friday,Campus,In Store,,Debit Card,,Breakfast Burrito,Food,7.47,1,7.47,7.47,1
ORD-001446,2025-04-11 13:17:05,Friday,Uptown,Mobile,,Credit Card,CUST-4535,Grilled Cheese,Food,6.48,1,6.48,6.48,1
ORD-002517,2025-04-11 14:51:33,Friday,Campus,In Store,,Debit Card,,Caesar Salad,Food,8.44,1,8.44,8.44,1
ORD-002510,2025-04-11 16:34:01,Friday,Downtown,In Store,,Debit Card,CUST-2240,Iced Tea,Beverage,3.26,1,3.26,3.26,1
ORD-002567,2025-04-12 07:27:59,Saturday,Riverside,In Store,,Credit Card,,Grilled Cheese,Food,6.68,1,6.68,6.68,1
ORD-001648,2025-04-12 08:05:07,Saturday,Campus,In Store,,Mobile Wallet,,Cappuccino,Beverage,4.52,1,4.52,4.52,1
ORD-000859,2025-04-12 08:24:37,Saturday,Downtown,Mobile,,Credit Card,CUST-3075,Cold Brew,Beverage,5.24,1,5.24,16.87,4
ORD-000859,2025-04-12 08:24:37,Saturday,Downtown,Mobile,,Credit Card,CUST-3075,Scone,Pastry,3.6,1,3.6,16.87,4
ORD-000859,2025-04-12 08:24:37,Saturday,Downtown,Mobile,,Credit Card,CUST-3075,Granola & Yogurt Cup,Snack,4.79,1,4.79,16.87,4
ORD-000859,2025-04-12 08:24:37,Saturday,Downtown,Mobile,,Credit Card,CUST-3075,Americano,Beverage,3.24,1,3.24,16.87,4
ORD-000329,2025-04-12 10:03:55,Saturday,Downtown,Mobile,,Credit Card,CUST-3592,Drip Coffee,Beverage,2.94,1,2.94,7.62,2
ORD-000329,2025-04-12 10:03:55,Saturday,Downtown,Mobile,,Credit Card,CUST-3592,Cold Brew,Beverage,4.68,1,4.68,7.62,2
ORD-002198,2025-04-12 13:32:22,Saturday,Riverside,Mobile,,Credit Card,CUST-2983,Caesar Salad,Food,8.08,2,16.16,39.5,5
ORD-002198,2025-04-12 13:32:22,Saturday,Riverside,Mobile,,Credit Card,CUST-2983,Protein Box,Snack,6.85,1,6.85,39.5,5
ORD-002198,2025-04-12 13:32:22,Saturday,Riverside,Mobile,,Credit Card,CUST-2983,Latte,Beverage,4.56,1,4.56,39.5,5
ORD-002198,2025-04-12 13:32:22,Saturday,Riverside,Mobile,,Credit Card,CUST-2983,Bag of Chips,Snack,2.33,2,4.66,39.5,5
ORD-002198,2025-04-12 13:32:22,Saturday,Riverside,Mobile,,Credit Card,CUST-2983,Breakfast Burrito,Food,7.27,1,7.27,39.5,5
ORD-002364,2025-04-12 13:40:59,Saturday,Campus,Mobile,,Mobile Wallet,CUST-3892,Bagel w/ Cream Cheese,Pastry,3.84,1,3.84,17.39,4
ORD-002364,2025-04-12 13:40:59,Saturday,Campus,Mobile,,Mobile Wallet,CUST-3892,Blueberry Muffin,Pastry,3.65,1,3.65,17.39,4
ORD-002364,2025-04-12 13:40:59,Saturday,Campus,Mobile,,Mobile Wallet,CUST-3892,Grilled Cheese,Food,6.92,1,6.92,17.39,4
ORD-002364,2025-04-12 13:40:59,Saturday,Campus,Mobile,,Mobile Wallet,CUST-3892,Chocolate Chip Cookie,Pastry,2.98,1,2.98,17.39,4
ORD-001725,2025-04-13 06:04:08,Sunday,Uptown,Delivery,DoorDash,Credit Card,,Matcha Latte,Beverage,5.49,1,5.49,13.4,3
ORD-001725,2025-04-13 06:04:08,Sunday,Uptown,Delivery,DoorDash,Credit Card,,Hot Chocolate,Beverage,4.15,1,4.15,13.4,3
ORD-001725,2025-04-13 06:04:08,Sunday,Uptown,Delivery,DoorDash,Credit Card,,Scone,Pastry,3.76,1,3.76,13.4,3
ORD-000590,2025-04-13 07:11:51,Sunday,Riverside,Mobile,,Debit Card,CUST-2805,Breakfast Burrito,Food,7.12,2,14.24,17.52,2
ORD-000590,2025-04-13 07:11:51,Sunday,Riverside,Mobile,,Debit Card,CUST-2805,Americano,Beverage,3.28,1,3.28,17.52,2
ORD-000441,2025-04-13 08:24:18,Sunday,Downtown,In Store,,Debit Card,,Turkey & Swiss Sandwich,Food,8.42,1,8.42,8.42,1
ORD-001379,2025-04-13 09:41:33,Sunday,Uptown,Delivery,DoorDash,Debit Card,,Protein Box,Snack,7.06,1,7.06,16.16,2
ORD-001379,2025-04-13 09:41:33,Sunday,Uptown,Delivery,DoorDash,Debit Card,,Cold Brew,Beverage,4.55,2,9.1,16.16,2
ORD-000466,2025-04-13 11:16:39,Sunday,Uptown,In Store,,Cash,,Cold Brew,Beverage,5.0,1,5.0,21.8,2
ORD-000466,2025-04-13 11:16:39,Sunday,Uptown,In Store,,Cash,,Avocado Toast,Food,8.4,2,16.8,21.8,2
ORD-000493,2025-04-13 11:56:24,Sunday,Campus,In Store,,Cash,,Cold Brew,Beverage,5.23,1,5.23,15.04,3
ORD-000493,2025-04-13 11:56:24,Sunday,Campus,In Store,,Cash,,Chocolate Chip Cookie,Pastry,2.74,1,2.74,15.04,3
ORD-000493,2025-04-13 11:56:24,Sunday,Campus,In Store,,Cash,,Breakfast Burrito,Food,7.07,1,7.07,15.04,3
ORD-001753,2025-04-13 15:05:58,Sunday,Downtown,In Store,,Cash,,Chai Latte,Beverage,4.64,1,4.64,9.25,2
ORD-001753,2025-04-13 15:05:58,Sunday,Downtown,In Store,,Cash,,Cappuccino,Beverage,4.61,1,4.61,9.25,2
ORD-001858,2025-04-13 16:08:26,Sunday,Downtown,In Store,,Cash,,Cinnamon Roll,Pastry,4.5,1,4.5,4.5,1
ORD-000459,2025-04-14 09:31:31,Monday,Riverside,In Store,,Cash,,Chocolate Chip Cookie,Pastry,2.34,2,4.68,4.68,1
ORD-000296,2025-04-14 12:58:32,Monday,Uptown,Mobile,,Mobile Wallet,CUST-1394,Breakfast Burrito,Food,7.66,1,7.66,7.66,1
ORD-000218,2025-04-14 15:21:45,Monday,Riverside,In Store,,Cash,CUST-3402,Espresso Shot,Beverage,2.9,2,5.8,24.34,3
ORD-000218,2025-04-14 15:21:45,Monday,Riverside,In Store,,Cash,CUST-3402,Fruit Cup,Snack,3.98,3,11.94,24.34,3
ORD-000218,2025-04-14 15:21:45,Monday,Riverside,In Store,,Cash,CUST-3402,Americano,Beverage,3.3,2,6.6,24.34,3
ORD-002614,2025-04-14 17:10:32,Monday,Campus,In Store,,Credit Card,CUST-2240,Avocado Toast,Food,8.03,1,8.03,22.02,4
ORD-002614,2025-04-14 17:10:32,Monday,Campus,In Store,,Credit Card,CUST-2240,Drip Coffee,Beverage,2.91,2,5.82,22.02,4
ORD-002614,2025-04-14 17:10:32,Monday,Campus,In Store,,Credit Card,CUST-2240,Hot Chocolate,Beverage,3.83,1,3.83,22.02,4
ORD-002614,2025-04-14 17:10:32,Monday,Campus,In Store,,Credit Card,CUST-2240,Cinnamon Roll,Pastry,4.34,1,4.34,22.02,4
ORD-000190,2025-04-14 20:58:08,Monday,Riverside,Delivery,Uber Eats,Credit Card,CUST-2476,Croissant,Pastry,3.74,1,3.74,3.74,1
ORD-001378,2025-04-15 07:14:31,Tuesday,Downtown,In Store,,Credit Card,CUST-3170,Cappuccino,Beverage,4.05,2,8.1,8.1,1
ORD-002298,2025-04-15 08:10:25,Tuesday,Downtown,In Store,,Credit Card,,Avocado Toast,Food,8.37,1,8.37,20.37,3
ORD-002298,2025-04-15 08:10:25,Tuesday,Downtown,In Store,,Credit Card,,Grilled Cheese,Food,6.62,1,6.62,20.37,3
ORD-002298,2025-04-15 08:10:25,Tuesday,Downtown,In Store,,Credit Card,,Mocha,Beverage,5.38,1,5.38,20.37,3
ORD-001353,2025-04-15 08:30:26,Tuesday,Downtown,Delivery,Uber Eats,Mobile Wallet,,Fruit Cup,Snack,4.42,1,4.42,22.17,4
ORD-001353,2025-04-15 08:30:26,Tuesday,Downtown,Delivery,Uber Eats,Mobile Wallet,,Bag of Chips,Snack,2.48,1,2.48,22.17,4
ORD-001353,2025-04-15 08:30:26,Tuesday,Downtown,Delivery,Uber Eats,Mobile Wallet,,Turkey & Swiss Sandwich,Food,8.38,1,8.38,22.17,4
ORD-001353,2025-04-15 08:30:26,Tuesday,Downtown,Delivery,Uber Eats,Mobile Wallet,,Protein Box,Snack,6.89,1,6.89,22.17,4
ORD-001096,2025-04-15 10:25:56,Tuesday,Downtown,Mobile,,Debit Card,CUST-1630,Granola & Yogurt Cup,Snack,4.74,1,4.74,12.39,3
ORD-001096,2025-04-15 10:25:56,Tuesday,Downtown,Mobile,,Debit Card,CUST-1630,Iced Tea,Beverage,2.94,1,2.94,12.39,3
ORD-001096,2025-04-15 10:25:56,Tuesday,Downtown,Mobile,,Debit Card,CUST-1630,Cappuccino,Beverage,4.71,1,4.71,12.39,3
ORD-001054,2025-04-15 11:56:18,Tuesday,Riverside,In Store,,Credit Card,,Protein Box,Snack,6.75,1,6.75,6.75,1
ORD-002174,2025-04-15 12:13:53,Tuesday,Riverside,In Store,,Mobile Wallet,CUST-2259,Caesar Salad,Food,8.0,1,8.0,10.48,2
ORD-002174,2025-04-15 12:13:53,Tuesday,Riverside,In Store,,Mobile Wallet,CUST-2259,Bag of Chips,Snack,2.48,1,2.48,10.48,2
ORD-002899,2025-04-15 12:24:03,Tuesday,Uptown,In Store,,Mobile Wallet,,Hot Chocolate,Beverage,3.65,1,3.65,9.43,2
ORD-002899,2025-04-15 12:24:03,Tuesday,Uptown,In Store,,Mobile Wallet,,Espresso Shot,Beverage,2.89,2,5.78,9.43,2
ORD-002708,2025-04-15 13:42:59,Tuesday,Campus,In Store,,Credit Card,,Grilled Cheese,Food,6.7,1,6.7,17.5,4
ORD-002708,2025-04-15 13:42:59,Tuesday,Campus,In Store,,Credit Card,,Blueberry Muffin,Pastry,3.44,1,3.44,17.5,4
ORD-002708,2025-04-15 13:42:59,Tuesday,Campus,In Store,,Credit Card,,Iced Tea,Beverage,3.19,1,3.19,17.5,4
ORD-002708,2025-04-15 13:42:59,Tuesday,Campus,In Store,,Credit Card,,Hot Chocolate,Beverage,4.17,1,4.17,17.5,4
ORD-002993,2025-04-15 14:01:15,Tuesday,Campus,Mobile,,Mobile Wallet,CUST-1120,Turkey & Swiss Sandwich,Food,8.45,1,8.45,11.41,2
ORD-002993,2025-04-15 14:01:15,Tuesday,Campus,Mobile,,Mobile Wallet,CUST-1120,Iced Tea,Beverage,2.96,1,2.96,11.41,2
ORD-001867,2025-04-15 17:04:32,Tuesday,Downtown,Mobile,,Credit Card,CUST-2455,Mocha,Beverage,5.43,2,10.86,16.01,2
ORD-001867,2025-04-15 17:04:32,Tuesday,Downtown,Mobile,,Credit Card,CUST-2455,Matcha Latte,Beverage,5.15,1,5.15,16.01,2
ORD-000740,2025-04-15 17:53:33,Tuesday,Uptown,In Store,,Cash,,Chai Latte,Beverage,4.28,1,4.28,11.36,3
ORD-000740,2025-04-15 17:53:33,Tuesday,Uptown,In Store,,Cash,,Latte,Beverage,4.34,1,4.34,11.36,3
ORD-000740,2025-04-15 17:53:33,Tuesday,Uptown,In Store,,Cash,,Espresso Shot,Beverage,2.74,1,2.74,11.36,3
ORD-001438,2025-04-15 19:19:31,Tuesday,Riverside,Mobile,,Credit Card,CUST-2432,Chocolate Chip Cookie,Pastry,2.56,1,2.56,7.27,2
ORD-001438,2025-04-15 19:19:31,Tuesday,Riverside,Mobile,,Credit Card,CUST-2432,Cappuccino,Beverage,4.71,1,4.71,7.27,2
ORD-002742,2025-04-15 19:27:49,Tuesday,Downtown,Delivery,Uber Eats,Debit Card,CUST-3194,Caesar Salad,Food,8.28,1,8.28,11.73,2
ORD-002742,2025-04-15 19:27:49,Tuesday,Downtown,Delivery,Uber Eats,Debit Card,CUST-3194,Iced Tea,Beverage,3.45,1,3.45,11.73,2
ORD-001826,2025-04-16 08:39:30,Wednesday,Campus,In Store,,Mobile Wallet,CUST-3836,Bagel w/ Cream Cheese,Pastry,4.03,1,4.03,4.03,1
ORD-001072,2025-04-16 08:50:14,Wednesday,Downtown,Mobile,,Mobile Wallet,CUST-1605,Chocolate Chip Cookie,Pastry,2.49,1,2.49,6.9,2
ORD-001072,2025-04-16 08:50:14,Wednesday,Downtown,Mobile,,Mobile Wallet,CUST-1605,Cappuccino,Beverage,4.41,1,4.41,6.9,2
ORD-000742,2025-04-16 10:42:27,Wednesday,Riverside,In Store,,Cash,,Drip Coffee,Beverage,3.07,2,6.14,6.14,1
ORD-001394,2025-04-16 10:57:21,Wednesday,Campus,Delivery,Uber Eats,Credit Card,,Cinnamon Roll,Pastry,4.27,1,4.27,4.27,1
ORD-002951,2025-04-16 12:08:54,Wednesday,Campus,Mobile,,Debit Card,CUST-2827,Granola & Yogurt Cup,Snack,5.19,1,5.19,8.65,2
ORD-002951,2025-04-16 12:08:54,Wednesday,Campus,Mobile,,Debit Card,CUST-2827,Americano,Beverage,3.46,1,3.46,8.65,2
ORD-000206,2025-04-16 12:15:26,Wednesday,Downtown,In Store,,Credit Card,,Chai Latte,Beverage,4.64,2,9.28,9.28,1
ORD-000579,2025-04-16 12:58:58,Wednesday,Uptown,Mobile,,Mobile Wallet,CUST-3851,Scone,Pastry,3.29,1,3.29,14.27,3
ORD-000579,2025-04-16 12:58:58,Wednesday,Uptown,Mobile,,Mobile Wallet,CUST-3851,Blueberry Muffin,Pastry,3.65,1,3.65,14.27,3
ORD-000579,2025-04-16 12:58:58,Wednesday,Uptown,Mobile,,Mobile Wallet,CUST-3851,Breakfast Burrito,Food,7.33,1,7.33,14.27,3
ORD-002809,2025-04-16 14:38:38,Wednesday,Uptown,Mobile,,Debit Card,CUST-1315,Veggie Wrap,Food,7.76,1,7.76,11.37,2
ORD-002809,2025-04-16 14:38:38,Wednesday,Uptown,Mobile,,Debit Card,CUST-1315,Americano,Beverage,3.61,1,3.61,11.37,2
ORD-000998,2025-04-16 17:31:27,Wednesday,Riverside,Mobile,,Debit Card,CUST-1084,Breakfast Burrito,Food,7.45,2,14.9,18.43,2
ORD-000998,2025-04-16 17:31:27,Wednesday,Riverside,Mobile,,Debit Card,CUST-1084,Blueberry Muffin,Pastry,3.53,1,3.53,18.43,2
ORD-000512,2025-04-16 17:39:50,Wednesday,Campus,Mobile,,Mobile Wallet,CUST-2414,Blueberry Muffin,Pastry,3.56,1,3.56,22.68,4
ORD-000512,2025-04-16 17:39:50,Wednesday,Campus,Mobile,,Mobile Wallet,CUST-2414,Fruit Cup,Snack,4.44,1,4.44,22.68,4
ORD-000512,2025-04-16 17:39:50,Wednesday,Campus,Mobile,,Mobile Wallet,CUST-2414,Protein Box,Snack,6.93,1,6.93,22.68,4
ORD-000512,2025-04-16 17:39:50,Wednesday,Campus,Mobile,,Mobile Wallet,CUST-2414,Veggie Wrap,Food,7.75,1,7.75,22.68,4
ORD-000366,2025-04-17 07:09:03,Thursday,Downtown,Mobile,,Credit Card,CUST-4497,Avocado Toast,Food,7.92,2,15.84,15.84,1
ORD-001856,2025-04-17 07:37:03,Thursday,Downtown,Mobile,,Mobile Wallet,CUST-4486,Latte,Beverage,4.53,1,4.53,4.53,1
ORD-000974,2025-04-17 08:49:43,Thursday,Riverside,In Store,,Mobile Wallet,,Caesar Salad,Food,8.29,1,8.29,12.06,2
ORD-000974,2025-04-17 08:49:43,Thursday,Riverside,In Store,,Mobile Wallet,,Croissant,Pastry,3.77,1,3.77,12.06,2
ORD-001391,2025-04-17 08:50:23,Thursday,Riverside,In Store,,Cash,,Granola & Yogurt Cup,Snack,5.2,1,5.2,8.21,2
ORD-001391,2025-04-17 08:50:23,Thursday,Riverside,In Store,,Cash,,Drip Coffee,Beverage,3.01,1,3.01,8.21,2
ORD-001597,2025-04-17 08:59:13,Thursday,Campus,Delivery,Grubhub,Mobile Wallet,,Protein Box,Snack,7.17,1,7.17,16.69,3
ORD-001597,2025-04-17 08:59:13,Thursday,Campus,Delivery,Grubhub,Mobile Wallet,,Bag of Chips,Snack,2.2,1,2.2,16.69,3
ORD-001597,2025-04-17 08:59:13,Thursday,Campus,Delivery,Grubhub,Mobile Wallet,,Breakfast Burrito,Food,7.32,1,7.32,16.69,3
ORD-000975,2025-04-17 09:39:37,Thursday,Downtown,Delivery,Uber Eats,Mobile Wallet,,Drip Coffee,Beverage,3.06,1,3.06,6.67,2
ORD-000975,2025-04-17 09:39:37,Thursday,Downtown,Delivery,Uber Eats,Mobile Wallet,,Croissant,Pastry,3.61,1,3.61,6.67,2
ORD-002534,2025-04-17 10:27:01,Thursday,Downtown,In Store,,Cash,,Matcha Latte,Beverage,5.15,1,5.15,5.15,1
ORD-000336,2025-04-17 13:59:56,Thursday,Campus,Mobile,,Mobile Wallet,CUST-1248,Chocolate Chip Cookie,Pastry,2.71,1,2.71,13.31,2
ORD-000336,2025-04-17 13:59:56,Thursday,Campus,Mobile,,Mobile Wallet,CUST-1248,Granola & Yogurt Cup,Snack,5.3,2,10.6,13.31,2
ORD-001635,2025-04-17 14:08:36,Thursday,Riverside,Mobile,,Mobile Wallet,CUST-2508,Cold Brew,Beverage,4.76,1,4.76,48.94,4
ORD-001635,2025-04-17 14:08:36,Thursday,Riverside,Mobile,,Mobile Wallet,CUST-2508,Veggie Wrap,Food,8.05,2,16.1,48.94,4
ORD-001635,2025-04-17 14:08:36,Thursday,Riverside,Mobile,,Mobile Wallet,CUST-2508,Caesar Salad,Food,8.17,3,24.51,48.94,4
ORD-001635,2025-04-17 14:08:36,Thursday,Riverside,Mobile,,Mobile Wallet,CUST-2508,Hot Chocolate,Beverage,3.57,1,3.57,48.94,4
ORD-001470,2025-04-17 14:58:25,Thursday,Uptown,In Store,,Debit Card,,Scone,Pastry,3.53,1,3.53,3.53,1
ORD-002250,2025-04-17 15:26:12,Thursday,Campus,Delivery,Grubhub,Debit Card,,Chocolate Chip Cookie,Pastry,2.41,1,2.41,6.52,2
ORD-002250,2025-04-17 15:26:12,Thursday,Campus,Delivery,Grubhub,Debit Card,,Cinnamon Roll,Pastry,4.11,1,4.11,6.52,2
ORD-001752,2025-04-17 16:31:56,Thursday,Uptown,In Store,,Cash,,Mocha,Beverage,5.33,2,10.66,23.11,3
ORD-001752,2025-04-17 16:31:56,Thursday,Uptown,In Store,,Cash,,Chai Latte,Beverage,4.54,2,9.08,23.11,3
ORD-001752,2025-04-17 16:31:56,Thursday,Uptown,In Store,,Cash,,Iced Tea,Beverage,3.37,1,3.37,23.11,3
ORD-001646,2025-04-17 16:50:17,Thursday,Riverside,Mobile,,Mobile Wallet,CUST-2635,Turkey & Swiss Sandwich,Food,8.6,1,8.6,17.94,2
ORD-001646,2025-04-17 16:50:17,Thursday,Riverside,Mobile,,Mobile Wallet,CUST-2635,Cold Brew,Beverage,4.67,2,9.34,17.94,2
ORD-002273,2025-04-17 17:15:31,Thursday,Campus,In Store,,Cash,CUST-3840,Drip Coffee,Beverage,3.07,1,3.07,7.14,2
ORD-002273,2025-04-17 17:15:31,Thursday,Campus,In Store,,Cash,CUST-3840,Bagel w/ Cream Cheese,Pastry,4.07,1,4.07,7.14,2
ORD-001499,2025-04-17 17:48:10,Thursday,Campus,In Store,,Debit Card,CUST-4574,Cold Brew,Beverage,5.22,1,5.22,10.01,2
ORD-001499,2025-04-17 17:48:10,Thursday,Campus,In Store,,Debit Card,CUST-4574,Latte,Beverage,4.79,1,4.79,10.01,2
ORD-001306,2025-04-17 18:43:36,Thursday,Riverside,Delivery,DoorDash,Credit Card,,Blueberry Muffin,Pastry,3.02,1,3.02,6.31,2
ORD-001306,2025-04-17 18:43:36,Thursday,Riverside,Delivery,DoorDash,Credit Card,,Iced Tea,Beverage,3.29,1,3.29,6.31,2
ORD-001339,2025-04-18 08:56:38,Friday,Campus,Mobile,,Credit Card,CUST-2097,Bagel w/ Cream Cheese,Pastry,4.1,1,4.1,4.1,1
ORD-001779,2025-04-18 10:56:04,Friday,Campus,In Store,,Debit Card,,Caesar Salad,Food,8.37,1,8.37,20.36,3
ORD-001779,2025-04-18 10:56:04,Friday,Campus,In Store,,Debit Card,,Bag of Chips,Snack,2.35,1,2.35,20.36,3
ORD-001779,2025-04-18 10:56:04,Friday,Campus,In Store,,Debit Card,,Chai Latte,Beverage,4.82,2,9.64,20.36,3
ORD-001705,2025-04-18 11:53:00,Friday,Uptown,In Store,,Debit Card,,Bag of Chips,Snack,2.37,1,2.37,23.09,5
ORD-001705,2025-04-18 11:53:00,Friday,Uptown,In Store,,Debit Card,,Americano,Beverage,3.23,1,3.23,23.09,5
ORD-001705,2025-04-18 11:53:00,Friday,Uptown,In Store,,Debit Card,,Cold Brew,Beverage,4.93,1,4.93,23.09,5
ORD-001705,2025-04-18 11:53:00,Friday,Uptown,In Store,,Debit Card,,Chai Latte,Beverage,4.36,1,4.36,23.09,5
ORD-001705,2025-04-18 11:53:00,Friday,Uptown,In Store,,Debit Card,,Avocado Toast,Food,8.2,1,8.2,23.09,5
ORD-000640,2025-04-18 12:00:41,Friday,Riverside,In Store,,Debit Card,CUST-3889,Matcha Latte,Beverage,4.97,2,9.94,30.43,4
ORD-000640,2025-04-18 12:00:41,Friday,Riverside,In Store,,Debit Card,CUST-3889,Granola & Yogurt Cup,Snack,5.17,3,15.51,30.43,4
ORD-000640,2025-04-18 12:00:41,Friday,Riverside,In Store,,Debit Card,CUST-3889,Espresso Shot,Beverage,2.52,1,2.52,30.43,4
ORD-000640,2025-04-18 12:00:41,Friday,Riverside,In Store,,Debit Card,CUST-3889,Chocolate Chip Cookie,Pastry,2.46,1,2.46,30.43,4
ORD-001993,2025-04-18 12:09:01,Friday,Uptown,Mobile,,Debit Card,CUST-3167,Chocolate Chip Cookie,Pastry,2.78,1,2.78,9.12,3
ORD-001993,2025-04-18 12:09:01,Friday,Uptown,Mobile,,Debit Card,CUST-3167,Iced Tea,Beverage,2.93,1,2.93,9.12,3
ORD-001993,2025-04-18 12:09:01,Friday,Uptown,Mobile,,Debit Card,CUST-3167,Croissant,Pastry,3.41,1,3.41,9.12,3
ORD-000886,2025-04-18 12:55:35,Friday,Campus,Mobile,,Debit Card,CUST-4198,Bagel w/ Cream Cheese,Pastry,3.9,1,3.9,16.32,3
ORD-000886,2025-04-18 12:55:35,Friday,Campus,Mobile,,Debit Card,CUST-4198,Cappuccino,Beverage,4.72,2,9.44,16.32,3
ORD-000886,2025-04-18 12:55:35,Friday,Campus,Mobile,,Debit Card,CUST-4198,Iced Tea,Beverage,2.98,1,2.98,16.32,3
ORD-000021,2025-04-18 14:13:43,Friday,Riverside,Mobile,,Mobile Wallet,CUST-3001,Latte,Beverage,4.57,1,4.57,4.57,1
ORD-001726,2025-04-19 11:28:43,Saturday,Downtown,In Store,,Credit Card,,Breakfast Burrito,Food,7.48,1,7.48,18.73,3
ORD-001726,2025-04-19 11:28:43,Saturday,Downtown,In Store,,Credit Card,,Blueberry Muffin,Pastry,3.29,1,3.29,18.73,3
ORD-001726,2025-04-19 11:28:43,Saturday,Downtown,In Store,,Credit Card,,Bagel w/ Cream Cheese,Pastry,3.98,2,7.96,18.73,3
ORD-002060,2025-04-19 12:31:47,Saturday,Riverside,In Store,,Credit Card,,Turkey & Swiss Sandwich,Food,8.74,1,8.74,20.2,3
ORD-002060,2025-04-19 12:31:47,Saturday,Riverside,In Store,,Credit Card,,Breakfast Burrito,Food,7.58,1,7.58,20.2,3
ORD-002060,2025-04-19 12:31:47,Saturday,Riverside,In Store,,Credit Card,,Scone,Pastry,3.88,1,3.88,20.2,3
ORD-002497,2025-04-19 15:11:18,Saturday,Uptown,Mobile,,Debit Card,CUST-1895,Scone,Pastry,3.83,1,3.83,12.03,3
ORD-002497,2025-04-19 15:11:18,Saturday,Uptown,Mobile,,Debit Card,CUST-1895,Bagel w/ Cream Cheese,Pastry,3.96,1,3.96,12.03,3
ORD-002497,2025-04-19 15:11:18,Saturday,Uptown,Mobile,,Debit Card,CUST-1895,Fruit Cup,Snack,4.24,1,4.24,12.03,3
ORD-002848,2025-04-19 15:46:37,Saturday,Campus,Mobile,,Debit Card,CUST-1190,Matcha Latte,Beverage,5.11,1,5.11,23.02,3
ORD-002848,2025-04-19 15:46:37,Saturday,Campus,Mobile,,Debit Card,CUST-1190,Protein Box,Snack,6.78,2,13.56,23.02,3
ORD-002848,2025-04-19 15:46:37,Saturday,Campus,Mobile,,Debit Card,CUST-1190,Cinnamon Roll,Pastry,4.35,1,4.35,23.02,3
ORD-002329,2025-04-19 20:24:18,Saturday,Downtown,Mobile,,Mobile Wallet,CUST-3466,Hot Chocolate,Beverage,4.15,2,8.3,18.48,3
ORD-002329,2025-04-19 20:24:18,Saturday,Downtown,Mobile,,Mobile Wallet,CUST-3466,Granola & Yogurt Cup,Snack,5.17,1,5.17,18.48,3
ORD-002329,2025-04-19 20:24:18,Saturday,Downtown,Mobile,,Mobile Wallet,CUST-3466,Matcha Latte,Beverage,5.01,1,5.01,18.48,3
ORD-001377,2025-04-20 10:09:19,Sunday,Riverside,In Store,,Cash,,Croissant,Pastry,3.4,1,3.4,15.38,3
ORD-001377,2025-04-20 10:09:19,Sunday,Riverside,In Store,,Cash,,Avocado Toast,Food,8.38,1,8.38,15.38,3
ORD-001377,2025-04-20 10:09:19,Sunday,Riverside,In Store,,Cash,,Americano,Beverage,3.6,1,3.6,15.38,3
ORD-000453,2025-04-20 12:26:07,Sunday,Riverside,Mobile,,Credit Card,CUST-2908,Espresso Shot,Beverage,2.52,1,2.52,2.52,1
ORD-000302,2025-04-20 12:50:21,Sunday,Downtown,Mobile,,Credit Card,CUST-2593,Protein Box,Snack,6.9,1,6.9,19.5,5
ORD-000302,2025-04-20 12:50:21,Sunday,Downtown,Mobile,,Credit Card,CUST-2593,Cappuccino,Beverage,4.46,1,4.46,19.5,5
ORD-000302,2025-04-20 12:50:21,Sunday,Downtown,Mobile,,Credit Card,CUST-2593,Drip Coffee,Beverage,2.95,1,2.95,19.5,5
ORD-000302,2025-04-20 12:50:21,Sunday,Downtown,Mobile,,Credit Card,CUST-2593,Bag of Chips,Snack,2.45,1,2.45,19.5,5
ORD-000302,2025-04-20 12:50:21,Sunday,Downtown,Mobile,,Credit Card,CUST-2593,Espresso Shot,Beverage,2.74,1,2.74,19.5,5
ORD-002398,2025-04-20 13:03:16,Sunday,Uptown,Mobile,,Mobile Wallet,CUST-1414,Granola & Yogurt Cup,Snack,4.91,1,4.91,16.4,3
ORD-002398,2025-04-20 13:03:16,Sunday,Uptown,Mobile,,Mobile Wallet,CUST-1414,Breakfast Burrito,Food,7.3,1,7.3,16.4,3
ORD-002398,2025-04-20 13:03:16,Sunday,Uptown,Mobile,,Mobile Wallet,CUST-1414,Cinnamon Roll,Pastry,4.19,1,4.19,16.4,3
ORD-001284,2025-04-20 14:03:28,Sunday,Uptown,In Store,,Mobile Wallet,CUST-4936,Veggie Wrap,Food,8.2,1,8.2,28.14,4
ORD-001284,2025-04-20 14:03:28,Sunday,Uptown,In Store,,Mobile Wallet,CUST-4936,Turkey & Swiss Sandwich,Food,8.52,1,8.52,28.14,4
ORD-001284,2025-04-20 14:03:28,Sunday,Uptown,In Store,,Mobile Wallet,CUST-4936,Drip Coffee,Beverage,2.87,1,2.87,28.14,4
ORD-001284,2025-04-20 14:03:28,Sunday,Uptown,In Store,,Mobile Wallet,CUST-4936,Caesar Salad,Food,8.55,1,8.55,28.14,4
ORD-000016,2025-04-20 16:57:03,Sunday,Downtown,In Store,,Mobile Wallet,CUST-4211,Grilled Cheese,Food,6.47,1,6.47,22.01,3
ORD-000016,2025-04-20 16:57:03,Sunday,Downtown,In Store,,Mobile Wallet,CUST-4211,Chocolate Chip Cookie,Pastry,2.79,1,2.79,22.01,3
ORD-000016,2025-04-20 16:57:03,Sunday,Downtown,In Store,,Mobile Wallet,CUST-4211,Hot Chocolate,Beverage,4.25,3,12.75,22.01,3
ORD-000452,2025-04-20 17:54:45,Sunday,Uptown,In Store,,Mobile Wallet,,Bag of Chips,Snack,2.03,1,2.03,2.03,1
ORD-000947,2025-04-21 11:00:19,Monday,Riverside,Mobile,,Mobile Wallet,CUST-2272,Americano,Beverage,3.1,1,3.1,13.03,3
ORD-000947,2025-04-21 11:00:19,Monday,Riverside,Mobile,,Mobile Wallet,CUST-2272,Chocolate Chip Cookie,Pastry,2.65,1,2.65,13.03,3
ORD-000947,2025-04-21 11:00:19,Monday,Riverside,Mobile,,Mobile Wallet,CUST-2272,Breakfast Burrito,Food,7.28,1,7.28,13.03,3
ORD-002963,2025-04-21 11:39:25,Monday,Campus,Delivery,Grubhub,Mobile Wallet,,Matcha Latte,Beverage,4.89,2,9.78,9.78,1
ORD-001673,2025-04-21 11:42:26,Monday,Uptown,Mobile,,Mobile Wallet,CUST-2120,Americano,Beverage,3.42,1,3.42,7.12,2
ORD-001673,2025-04-21 11:42:26,Monday,Uptown,Mobile,,Mobile Wallet,CUST-2120,Hot Chocolate,Beverage,3.7,1,3.7,7.12,2
ORD-002610,2025-04-21 13:01:13,Monday,Riverside,Mobile,,Mobile Wallet,CUST-2143,Cinnamon Roll,Pastry,3.82,1,3.82,8.04,2
ORD-002610,2025-04-21 13:01:13,Monday,Riverside,Mobile,,Mobile Wallet,CUST-2143,Fruit Cup,Snack,4.22,1,4.22,8.04,2
ORD-001645,2025-04-21 18:50:58,Monday,Riverside,Mobile,,Credit Card,CUST-4984,Protein Box,Snack,6.75,1,6.75,6.75,1
ORD-001296,2025-04-21 19:09:09,Monday,Downtown,Delivery,DoorDash,Mobile Wallet,,Espresso Shot,Beverage,2.99,1,2.99,2.99,1
ORD-002266,2025-04-22 08:45:16,Tuesday,Riverside,Mobile,,Credit Card,CUST-1187,Croissant,Pastry,3.92,1,3.92,9.51,3
ORD-002266,2025-04-22 08:45:16,Tuesday,Riverside,Mobile,,Credit Card,CUST-1187,Espresso Shot,Beverage,2.9,1,2.9,9.51,3
ORD-002266,2025-04-22 08:45:16,Tuesday,Riverside,Mobile,,Credit Card,CUST-1187,Chocolate Chip Cookie,Pastry,2.69,1,2.69,9.51,3
ORD-002739,2025-04-22 16:23:02,Tuesday,Downtown,Mobile,,Debit Card,CUST-1336,Latte,Beverage,4.39,1,4.39,14.45,3
ORD-002739,2025-04-22 16:23:02,Tuesday,Downtown,Mobile,,Debit Card,CUST-1336,Breakfast Burrito,Food,7.41,1,7.41,14.45,3
ORD-002739,2025-04-22 16:23:02,Tuesday,Downtown,Mobile,,Debit Card,CUST-1336,Chocolate Chip Cookie,Pastry,2.65,1,2.65,14.45,3
ORD-001506,2025-04-23 09:48:12,Wednesday,Uptown,In Store,,Credit Card,CUST-4425,Cappuccino,Beverage,4.64,1,4.64,12.65,2
ORD-001506,2025-04-23 09:48:12,Wednesday,Uptown,In Store,,Credit Card,CUST-4425,Avocado Toast,Food,8.01,1,8.01,12.65,2
ORD-001891,2025-04-23 11:17:46,Wednesday,Riverside,In Store,,Mobile Wallet,CUST-1325,Veggie Wrap,Food,8.2,1,8.2,8.2,1
ORD-000216,2025-04-23 12:51:24,Wednesday,Uptown,In Store,,Credit Card,CUST-2302,Grilled Cheese,Food,6.78,1,6.78,21.96,3
ORD-000216,2025-04-23 12:51:24,Wednesday,Uptown,In Store,,Credit Card,CUST-2302,Croissant,Pastry,3.67,2,7.34,21.96,3
ORD-000216,2025-04-23 12:51:24,Wednesday,Uptown,In Store,,Credit Card,CUST-2302,Avocado Toast,Food,7.84,1,7.84,21.96,3
ORD-001852,2025-04-23 16:56:28,Wednesday,Riverside,In Store,,Mobile Wallet,,Caesar Salad,Food,8.29,2,16.58,21.74,2
ORD-001852,2025-04-23 16:56:28,Wednesday,Riverside,In Store,,Mobile Wallet,,Chocolate Chip Cookie,Pastry,2.58,2,5.16,21.74,2
ORD-000572,2025-04-23 18:06:51,Wednesday,Uptown,Mobile,,Mobile Wallet,CUST-1684,Scone,Pastry,3.4,1,3.4,3.4,1
ORD-001806,2025-04-23 18:23:23,Wednesday,Campus,In Store,,Cash,CUST-4465,Bag of Chips,Snack,2.04,1,2.04,26.26,4
ORD-001806,2025-04-23 18:23:23,Wednesday,Campus,In Store,,Cash,CUST-4465,Bagel w/ Cream Cheese,Pastry,3.62,3,10.86,26.26,4
ORD-001806,2025-04-23 18:23:23,Wednesday,Campus,In Store,,Cash,CUST-4465,Granola & Yogurt Cup,Snack,5.22,1,5.22,26.26,4
ORD-001806,2025-04-23 18:23:23,Wednesday,Campus,In Store,,Cash,CUST-4465,Hot Chocolate,Beverage,4.07,2,8.14,26.26,4
ORD-001189,2025-04-24 09:25:34,Thursday,Uptown,Mobile,,Mobile Wallet,CUST-1168,Blueberry Muffin,Pastry,3.02,1,3.02,18.35,4
ORD-001189,2025-04-24 09:25:34,Thursday,Uptown,Mobile,,Mobile Wallet,CUST-1168,Matcha Latte,Beverage,5.2,1,5.2,18.35,4
ORD-001189,2025-04-24 09:25:34,Thursday,Uptown,Mobile,,Mobile Wallet,CUST-1168,Bagel w/ Cream Cheese,Pastry,3.57,2,7.14,18.35,4
ORD-001189,2025-04-24 09:25:34,Thursday,Uptown,Mobile,,Mobile Wallet,CUST-1168,Espresso Shot,Beverage,2.99,1,2.99,18.35,4
ORD-000237,2025-04-24 13:43:13,Thursday,Campus,In Store,,Cash,,Veggie Wrap,Food,8.14,2,16.28,38.36,5
ORD-000237,2025-04-24 13:43:13,Thursday,Campus,In Store,,Cash,,Bagel w/ Cream Cheese,Pastry,4.03,2,8.06,38.36,5
ORD-000237,2025-04-24 13:43:13,Thursday,Campus,In Store,,Cash,,Drip Coffee,Beverage,2.96,1,2.96,38.36,5
ORD-000237,2025-04-24 13:43:13,Thursday,Campus,In Store,,Cash,,Espresso Shot,Beverage,2.46,1,2.46,38.36,5
ORD-000237,2025-04-24 13:43:13,Thursday,Campus,In Store,,Cash,,Caesar Salad,Food,8.6,1,8.6,38.36,5
ORD-000908,2025-04-24 14:04:45,Thursday,Uptown,In Store,,Cash,CUST-2562,Grilled Cheese,Food,6.47,1,6.47,6.47,1
ORD-001293,2025-04-24 15:14:08,Thursday,Campus,In Store,,Cash,,Latte,Beverage,4.37,1,4.37,39.59,5
ORD-001293,2025-04-24 15:14:08,Thursday,Campus,In Store,,Cash,,Cappuccino,Beverage,4.09,1,4.09,39.59,5
ORD-001293,2025-04-24 15:14:08,Thursday,Campus,In Store,,Cash,,Bagel w/ Cream Cheese,Pastry,3.53,3,10.59,39.59,5
ORD-001293,2025-04-24 15:14:08,Thursday,Campus,In Store,,Cash,,Turkey & Swiss Sandwich,Food,8.54,2,17.08,39.59,5
ORD-001293,2025-04-24 15:14:08,Thursday,Campus,In Store,,Cash,,Blueberry Muffin,Pastry,3.46,1,3.46,39.59,5
ORD-002429,2025-04-24 18:03:28,Thursday,Campus,In Store,,Mobile Wallet,,Bagel w/ Cream Cheese,Pastry,4.24,1,4.24,11.45,2
ORD-002429,2025-04-24 18:03:28,Thursday,Campus,In Store,,Mobile Wallet,,Protein Box,Snack,7.21,1,7.21,11.45,2
ORD-001694,2025-04-25 06:14:48,Friday,Downtown,In Store,,Credit Card,,Caesar Salad,Food,8.54,1,8.54,11.71,2
ORD-001694,2025-04-25 06:14:48,Friday,Downtown,In Store,,Credit Card,,Americano,Beverage,3.17,1,3.17,11.71,2
ORD-001109,2025-04-25 06:42:54,Friday,Campus,In Store,,Mobile Wallet,CUST-1225,Fruit Cup,Snack,3.85,1,3.85,3.85,1
ORD-000639,2025-04-25 07:15:18,Friday,Uptown,In Store,,Debit Card,,Protein Box,Snack,7.44,1,7.44,7.44,1
ORD-002666,2025-04-25 08:14:24,Friday,Campus,Mobile,,Mobile Wallet,CUST-4101,Hot Chocolate,Beverage,3.76,3,11.28,31.06,4
ORD-002666,2025-04-25 08:14:24,Friday,Campus,Mobile,,Mobile Wallet,CUST-4101,Veggie Wrap,Food,8.12,1,8.12,31.06,4
ORD-002666,2025-04-25 08:14:24,Friday,Campus,Mobile,,Mobile Wallet,CUST-4101,Turkey & Swiss Sandwich,Food,8.33,1,8.33,31.06,4
ORD-002666,2025-04-25 08:14:24,Friday,Campus,Mobile,,Mobile Wallet,CUST-4101,Blueberry Muffin,Pastry,3.33,1,3.33,31.06,4
ORD-001664,2025-04-25 09:13:42,Friday,Riverside,In Store,,Mobile Wallet,CUST-3366,Protein Box,Snack,7.25,1,7.25,7.25,1
ORD-002256,2025-04-25 13:03:23,Friday,Campus,In Store,,Mobile Wallet,,Croissant,Pastry,3.81,1,3.81,18.52,4
ORD-002256,2025-04-25 13:03:23,Friday,Campus,In Store,,Mobile Wallet,,Bagel w/ Cream Cheese,Pastry,3.65,1,3.65,18.52,4
ORD-002256,2025-04-25 13:03:23,Friday,Campus,In Store,,Mobile Wallet,,Americano,Beverage,3.37,1,3.37,18.52,4
ORD-002256,2025-04-25 13:03:23,Friday,Campus,In Store,,Mobile Wallet,,Breakfast Burrito,Food,7.69,1,7.69,18.52,4
ORD-002386,2025-04-25 13:41:40,Friday,Downtown,Mobile,,Debit Card,CUST-3075,Matcha Latte,Beverage,5.3,1,5.3,9.99,2
ORD-002386,2025-04-25 13:41:40,Friday,Downtown,Mobile,,Debit Card,CUST-3075,Latte,Beverage,4.69,1,4.69,9.99,2
ORD-000270,2025-04-25 14:35:24,Friday,Riverside,In Store,,Cash,,Caesar Salad,Food,8.19,1,8.19,15.3,2
ORD-000270,2025-04-25 14:35:24,Friday,Riverside,In Store,,Cash,,Protein Box,Snack,7.11,1,7.11,15.3,2
ORD-002599,2025-04-25 16:06:04,Friday,Campus,Mobile,,Credit Card,CUST-2397,Blueberry Muffin,Pastry,3.74,1,3.74,11.98,2
ORD-002599,2025-04-25 16:06:04,Friday,Campus,Mobile,,Credit Card,CUST-2397,Cinnamon Roll,Pastry,4.12,2,8.24,11.98,2
ORD-002030,2025-04-25 16:09:12,Friday,Downtown,In Store,,Mobile Wallet,,Mocha,Beverage,5.16,2,10.32,13.71,2
ORD-002030,2025-04-25 16:09:12,Friday,Downtown,In Store,,Mobile Wallet,,Iced Tea,Beverage,3.39,1,3.39,13.71,2
ORD-001999,2025-04-25 17:18:02,Friday,Campus,In Store,,Mobile Wallet,,Croissant,Pastry,3.89,2,7.78,36.57,5
ORD-001999,2025-04-25 17:18:02,Friday,Campus,In Store,,Mobile Wallet,,Cold Brew,Beverage,4.7,1,4.7,36.57,5
ORD-001999,2025-04-25 17:18:02,Friday,Campus,In Store,,Mobile Wallet,,Caesar Salad,Food,8.01,2,16.02,36.57,5
ORD-001999,2025-04-25 17:18:02,Friday,Campus,In Store,,Mobile Wallet,,Cappuccino,Beverage,4.65,1,4.65,36.57,5
ORD-001999,2025-04-25 17:18:02,Friday,Campus,In Store,,Mobile Wallet,,Americano,Beverage,3.42,1,3.42,36.57,5
ORD-000357,2025-04-26 07:48:00,Saturday,Campus,Delivery,Grubhub,Credit Card,,Mocha,Beverage,5.4,1,5.4,5.4,1
ORD-002240,2025-04-26 09:38:38,Saturday,Riverside,In Store,,Mobile Wallet,,Bag of Chips,Snack,2.41,2,4.82,16.41,3
ORD-002240,2025-04-26 09:38:38,Saturday,Riverside,In Store,,Mobile Wallet,,Cappuccino,Beverage,4.53,1,4.53,16.41,3
ORD-002240,2025-04-26 09:38:38,Saturday,Riverside,In Store,,Mobile Wallet,,Scone,Pastry,3.53,2,7.06,16.41,3
ORD-000428,2025-04-26 09:57:17,Saturday,Campus,In Store,,Debit Card,CUST-2527,Bagel w/ Cream Cheese,Pastry,4.12,1,4.12,4.12,1
ORD-001444,2025-04-26 10:37:50,Saturday,Uptown,In Store,,Cash,,Protein Box,Snack,6.72,1,6.72,6.72,1
ORD-000880,2025-04-26 12:05:46,Saturday,Riverside,Mobile,,Credit Card,CUST-4560,Grilled Cheese,Food,6.79,1,6.79,20.65,3
ORD-000880,2025-04-26 12:05:46,Saturday,Riverside,Mobile,,Credit Card,CUST-4560,Bag of Chips,Snack,2.4,1,2.4,20.65,3
ORD-000880,2025-04-26 12:05:46,Saturday,Riverside,Mobile,,Credit Card,CUST-4560,Bagel w/ Cream Cheese,Pastry,3.82,3,11.46,20.65,3
ORD-000603,2025-04-26 14:03:59,Saturday,Uptown,Mobile,,Debit Card,CUST-3979,Bag of Chips,Snack,1.87,2,3.74,12.03,2
ORD-000603,2025-04-26 14:03:59,Saturday,Uptown,Mobile,,Debit Card,CUST-3979,Caesar Salad,Food,8.29,1,8.29,12.03,2
ORD-001085,2025-04-26 14:23:15,Saturday,Uptown,In Store,,Debit Card,CUST-4983,Breakfast Burrito,Food,7.05,2,14.1,14.1,1
ORD-001019,2025-04-26 15:27:30,Saturday,Riverside,In Store,,Mobile Wallet,,Latte,Beverage,4.36,1,4.36,39.94,5
ORD-001019,2025-04-26 15:27:30,Saturday,Riverside,In Store,,Mobile Wallet,,Avocado Toast,Food,8.29,1,8.29,39.94,5
ORD-001019,2025-04-26 15:27:30,Saturday,Riverside,In Store,,Mobile Wallet,,Hot Chocolate,Beverage,3.69,2,7.38,39.94,5
ORD-001019,2025-04-26 15:27:30,Saturday,Riverside,In Store,,Mobile Wallet,,Matcha Latte,Beverage,5.13,1,5.13,39.94,5
ORD-001019,2025-04-26 15:27:30,Saturday,Riverside,In Store,,Mobile Wallet,,Protein Box,Snack,7.39,2,14.78,39.94,5
ORD-001866,2025-04-26 15:30:41,Saturday,Riverside,In Store,,Cash,,Fruit Cup,Snack,4.06,2,8.12,17.38,3
ORD-001866,2025-04-26 15:30:41,Saturday,Riverside,In Store,,Cash,,Grilled Cheese,Food,6.94,1,6.94,17.38,3
ORD-001866,2025-04-26 15:30:41,Saturday,Riverside,In Store,,Cash,,Chocolate Chip Cookie,Pastry,2.32,1,2.32,17.38,3
ORD-000228,2025-04-26 16:36:03,Saturday,Downtown,In Store,,Cash,,Chocolate Chip Cookie,Pastry,2.3,1,2.3,31.05,3
ORD-000228,2025-04-26 16:36:03,Saturday,Downtown,In Store,,Cash,,Fruit Cup,Snack,4.09,1,4.09,31.05,3
ORD-000228,2025-04-26 16:36:03,Saturday,Downtown,In Store,,Cash,,Avocado Toast,Food,8.22,3,24.66,31.05,3
ORD-001224,2025-04-26 19:00:51,Saturday,Riverside,In Store,,Cash,,Avocado Toast,Food,7.73,1,7.73,16.61,3
ORD-001224,2025-04-26 19:00:51,Saturday,Riverside,In Store,,Cash,,Fruit Cup,Snack,3.85,1,3.85,16.61,3
ORD-001224,2025-04-26 19:00:51,Saturday,Riverside,In Store,,Cash,,Matcha Latte,Beverage,5.03,1,5.03,16.61,3
ORD-000058,2025-04-26 20:58:07,Saturday,Downtown,In Store,,Credit Card,,Scone,Pastry,3.51,1,3.51,14.99,3
ORD-000058,2025-04-26 20:58:07,Saturday,Downtown,In Store,,Credit Card,,Grilled Cheese,Food,6.59,1,6.59,14.99,3
ORD-000058,2025-04-26 20:58:07,Saturday,Downtown,In Store,,Credit Card,,Matcha Latte,Beverage,4.89,1,4.89,14.99,3
ORD-000735,2025-04-27 06:03:01,Sunday,Uptown,Mobile,,Mobile Wallet,CUST-3490,Granola & Yogurt Cup,Snack,4.79,1,4.79,24.33,4
ORD-000735,2025-04-27 06:03:01,Sunday,Uptown,Mobile,,Mobile Wallet,CUST-3490,Caesar Salad,Food,8.29,1,8.29,24.33,4
ORD-000735,2025-04-27 06:03:01,Sunday,Uptown,Mobile,,Mobile Wallet,CUST-3490,Turkey & Swiss Sandwich,Food,8.34,1,8.34,24.33,4
ORD-000735,2025-04-27 06:03:01,Sunday,Uptown,Mobile,,Mobile Wallet,CUST-3490,Drip Coffee,Beverage,2.91,1,2.91,24.33,4
ORD-002424,2025-04-27 08:08:39,Sunday,Uptown,In Store,,Debit Card,,Scone,Pastry,3.73,2,7.46,19.61,3
ORD-002424,2025-04-27 08:08:39,Sunday,Uptown,In Store,,Debit Card,,Latte,Beverage,4.53,2,9.06,19.61,3
ORD-002424,2025-04-27 08:08:39,Sunday,Uptown,In Store,,Debit Card,,Iced Tea,Beverage,3.09,1,3.09,19.61,3
ORD-000958,2025-04-27 09:41:43,Sunday,Downtown,In Store,,Credit Card,,Fruit Cup,Snack,3.81,1,3.81,3.81,1
ORD-002181,2025-04-27 10:27:32,Sunday,Uptown,In Store,,Debit Card,,Espresso Shot,Beverage,2.27,1,2.27,9.41,3
ORD-002181,2025-04-27 10:27:32,Sunday,Uptown,In Store,,Debit Card,,Americano,Beverage,3.47,1,3.47,9.41,3
ORD-002181,2025-04-27 10:27:32,Sunday,Uptown,In Store,,Debit Card,,Croissant,Pastry,3.67,1,3.67,9.41,3
ORD-000852,2025-04-27 11:21:12,Sunday,Riverside,Mobile,,Debit Card,CUST-3472,Drip Coffee,Beverage,2.82,1,2.82,14.62,3
ORD-000852,2025-04-27 11:21:12,Sunday,Riverside,Mobile,,Debit Card,CUST-3472,Espresso Shot,Beverage,2.85,2,5.7,14.62,3
ORD-000852,2025-04-27 11:21:12,Sunday,Riverside,Mobile,,Debit Card,CUST-3472,Americano,Beverage,3.05,2,6.1,14.62,3
ORD-000708,2025-04-27 12:10:48,Sunday,Downtown,In Store,,Cash,CUST-4015,Bagel w/ Cream Cheese,Pastry,4.24,1,4.24,4.24,1
ORD-000839,2025-04-27 13:29:11,Sunday,Riverside,In Store,,Debit Card,CUST-1778,Scone,Pastry,3.22,1,3.22,10.2,3
ORD-000839,2025-04-27 13:29:11,Sunday,Riverside,In Store,,Debit Card,CUST-1778,Espresso Shot,Beverage,2.82,1,2.82,10.2,3
ORD-000839,2025-04-27 13:29:11,Sunday,Riverside,In Store,,Debit Card,CUST-1778,Cappuccino,Beverage,4.16,1,4.16,10.2,3
ORD-000972,2025-04-27 13:50:21,Sunday,Riverside,In Store,,Debit Card,,Caesar Salad,Food,8.43,1,8.43,10.7,2
ORD-000972,2025-04-27 13:50:21,Sunday,Riverside,In Store,,Debit Card,,Bag of Chips,Snack,2.27,1,2.27,10.7,2
ORD-002347,2025-04-27 15:37:41,Sunday,Riverside,Delivery,DoorDash,Credit Card,,Hot Chocolate,Beverage,3.87,1,3.87,3.87,1
ORD-000279,2025-04-27 17:26:24,Sunday,Campus,In Store,,Mobile Wallet,CUST-2595,Drip Coffee,Beverage,2.53,1,2.53,26.37,3
ORD-000279,2025-04-27 17:26:24,Sunday,Campus,In Store,,Mobile Wallet,CUST-2595,Turkey & Swiss Sandwich,Food,8.3,1,8.3,26.37,3
ORD-000279,2025-04-27 17:26:24,Sunday,Campus,In Store,,Mobile Wallet,CUST-2595,Veggie Wrap,Food,7.77,2,15.54,26.37,3
ORD-002629,2025-04-27 19:08:17,Sunday,Downtown,Mobile,,Credit Card,CUST-4634,Latte,Beverage,4.52,1,4.52,9.49,2
ORD-002629,2025-04-27 19:08:17,Sunday,Downtown,Mobile,,Credit Card,CUST-4634,Chai Latte,Beverage,4.97,1,4.97,9.49,2
ORD-001078,2025-04-27 20:23:42,Sunday,Riverside,In Store,,Credit Card,,Turkey & Swiss Sandwich,Food,8.41,1,8.41,13.13,2
ORD-001078,2025-04-27 20:23:42,Sunday,Riverside,In Store,,Credit Card,,Latte,Beverage,4.72,1,4.72,13.13,2
ORD-000421,2025-04-28 07:54:33,Monday,Uptown,In Store,,Mobile Wallet,,Granola & Yogurt Cup,Snack,5.35,1,5.35,5.35,1
ORD-001002,2025-04-28 07:58:10,Monday,Downtown,In Store,,Debit Card,CUST-4817,Espresso Shot,Beverage,2.89,1,2.89,2.89,1
ORD-000319,2025-04-28 09:18:28,Monday,Uptown,Mobile,,Mobile Wallet,CUST-4434,Latte,Beverage,4.9,1,4.9,4.9,1
ORD-000621,2025-04-28 09:54:05,Monday,Campus,Delivery,DoorDash,Debit Card,,Chai Latte,Beverage,4.37,2,8.74,8.74,1
ORD-001977,2025-04-28 10:20:58,Monday,Downtown,In Store,,Credit Card,CUST-1540,Bag of Chips,Snack,2.28,1,2.28,2.28,1
ORD-002377,2025-04-28 10:55:19,Monday,Riverside,Mobile,,Credit Card,CUST-4908,Cinnamon Roll,Pastry,4.36,1,4.36,14.14,3
ORD-002377,2025-04-28 10:55:19,Monday,Riverside,Mobile,,Credit Card,CUST-4908,Cold Brew,Beverage,5.07,1,5.07,14.14,3
ORD-002377,2025-04-28 10:55:19,Monday,Riverside,Mobile,,Credit Card,CUST-4908,Cappuccino,Beverage,4.71,1,4.71,14.14,3
ORD-000554,2025-04-28 12:29:32,Monday,Campus,Mobile,,Debit Card,CUST-2915,Croissant,Pastry,3.45,1,3.45,10.48,2
ORD-000554,2025-04-28 12:29:32,Monday,Campus,Mobile,,Debit Card,CUST-2915,Protein Box,Snack,7.03,1,7.03,10.48,2
ORD-002040,2025-04-28 14:22:48,Monday,Riverside,Delivery,DoorDash,Credit Card,CUST-1547,Breakfast Burrito,Food,7.02,1,7.02,7.02,1
ORD-001084,2025-04-28 14:23:21,Monday,Uptown,In Store,,Debit Card,CUST-4544,Cappuccino,Beverage,4.61,1,4.61,19.83,4
ORD-001084,2025-04-28 14:23:21,Monday,Uptown,In Store,,Debit Card,CUST-4544,Drip Coffee,Beverage,2.81,1,2.81,19.83,4
ORD-001084,2025-04-28 14:23:21,Monday,Uptown,In Store,,Debit Card,CUST-4544,Bagel w/ Cream Cheese,Pastry,4.19,1,4.19,19.83,4
ORD-001084,2025-04-28 14:23:21,Monday,Uptown,In Store,,Debit Card,CUST-4544,Caesar Salad,Food,8.22,1,8.22,19.83,4
ORD-002479,2025-04-28 14:28:47,Monday,Uptown,In Store,,Mobile Wallet,,Espresso Shot,Beverage,2.92,1,2.92,10.84,2
ORD-002479,2025-04-28 14:28:47,Monday,Uptown,In Store,,Mobile Wallet,,Veggie Wrap,Food,7.92,1,7.92,10.84,2
ORD-002840,2025-04-28 15:10:44,Monday,Campus,In Store,,Mobile Wallet,,Hot Chocolate,Beverage,3.57,3,10.71,10.71,1
ORD-002322,2025-04-28 15:58:14,Monday,Riverside,In Store,,Debit Card,,Grilled Cheese,Food,6.56,2,13.12,20.13,3
ORD-002322,2025-04-28 15:58:14,Monday,Riverside,In Store,,Debit Card,,Cappuccino,Beverage,4.22,1,4.22,20.13,3
ORD-002322,2025-04-28 15:58:14,Monday,Riverside,In Store,,Debit Card,,Iced Tea,Beverage,2.79,1,2.79,20.13,3
ORD-001788,2025-04-28 16:33:58,Monday,Downtown,In Store,,Debit Card,,Veggie Wrap,Food,7.91,1,7.91,23.73,4
ORD-001788,2025-04-28 16:33:58,Monday,Downtown,In Store,,Debit Card,,Hot Chocolate,Beverage,3.53,1,3.53,23.73,4
ORD-001788,2025-04-28 16:33:58,Monday,Downtown,In Store,,Debit Card,,Caesar Salad,Food,8.18,1,8.18,23.73,4
ORD-001788,2025-04-28 16:33:58,Monday,Downtown,In Store,,Debit Card,,Cappuccino,Beverage,4.11,1,4.11,23.73,4
ORD-001836,2025-04-28 18:16:13,Monday,Downtown,In Store,,Mobile Wallet,,Latte,Beverage,4.47,1,4.47,9.75,2
ORD-001836,2025-04-28 18:16:13,Monday,Downtown,In Store,,Mobile Wallet,,Granola & Yogurt Cup,Snack,5.28,1,5.28,9.75,2
ORD-001163,2025-04-28 19:07:09,Monday,Campus,In Store,,Debit Card,,Blueberry Muffin,Pastry,3.1,1,3.1,10.48,2
ORD-001163,2025-04-28 19:07:09,Monday,Campus,In Store,,Debit Card,,Hot Chocolate,Beverage,3.69,2,7.38,10.48,2
ORD-000727,2025-04-29 07:06:31,Tuesday,Campus,Delivery,DoorDash,Debit Card,,Chai Latte,Beverage,4.94,3,14.82,27.17,3
ORD-000727,2025-04-29 07:06:31,Tuesday,Campus,Delivery,DoorDash,Debit Card,,Protein Box,Snack,6.99,1,6.99,27.17,3
ORD-000727,2025-04-29 07:06:31,Tuesday,Campus,Delivery,DoorDash,Debit Card,,Granola & Yogurt Cup,Snack,5.36,1,5.36,27.17,3
ORD-000289,2025-04-29 07:23:14,Tuesday,Uptown,In Store,,Debit Card,,Veggie Wrap,Food,8.13,2,16.26,27.55,4
ORD-000289,2025-04-29 07:23:14,Tuesday,Uptown,In Store,,Debit Card,,Americano,Beverage,3.49,1,3.49,27.55,4
ORD-000289,2025-04-29 07:23:14,Tuesday,Uptown,In Store,,Debit Card,,Iced Tea,Beverage,3.16,1,3.16,27.55,4
ORD-000289,2025-04-29 07:23:14,Tuesday,Uptown,In Store,,Debit Card,,Latte,Beverage,4.64,1,4.64,27.55,4
ORD-000732,2025-04-29 07:34:21,Tuesday,Riverside,In Store,,Debit Card,,Cold Brew,Beverage,4.93,1,4.93,13.33,2
ORD-000732,2025-04-29 07:34:21,Tuesday,Riverside,In Store,,Debit Card,,Hot Chocolate,Beverage,4.2,2,8.4,13.33,2
ORD-001627,2025-04-29 08:57:45,Tuesday,Campus,In Store,,Debit Card,,Chai Latte,Beverage,4.6,1,4.6,8.88,2
ORD-001627,2025-04-29 08:57:45,Tuesday,Campus,In Store,,Debit Card,,Latte,Beverage,4.28,1,4.28,8.88,2
ORD-000759,2025-04-29 09:21:03,Tuesday,Campus,In Store,,Debit Card,CUST-2304,Latte,Beverage,4.57,1,4.57,12.8,3
ORD-000759,2025-04-29 09:21:03,Tuesday,Campus,In Store,,Debit Card,CUST-2304,Espresso Shot,Beverage,2.91,2,5.82,12.8,3
ORD-000759,2025-04-29 09:21:03,Tuesday,Campus,In Store,,Debit Card,CUST-2304,Bag of Chips,Snack,2.41,1,2.41,12.8,3
ORD-001541,2025-04-29 11:24:25,Tuesday,Campus,Mobile,,Debit Card,CUST-3397,Croissant,Pastry,3.68,1,3.68,3.68,1
ORD-002631,2025-04-29 11:25:22,Tuesday,Riverside,In Store,,Credit Card,,Granola & Yogurt Cup,Snack,5.09,3,15.27,18.66,2
ORD-002631,2025-04-29 11:25:22,Tuesday,Riverside,In Store,,Credit Card,,Croissant,Pastry,3.39,1,3.39,18.66,2
ORD-002192,2025-04-29 12:11:19,Tuesday,Campus,In Store,,Mobile Wallet,CUST-1422,Avocado Toast,Food,7.88,1,7.88,7.88,1
ORD-002448,2025-04-29 12:57:06,Tuesday,Riverside,In Store,,Debit Card,,Bag of Chips,Snack,2.45,2,4.9,11.94,2
ORD-002448,2025-04-29 12:57:06,Tuesday,Riverside,In Store,,Debit Card,,Protein Box,Snack,7.04,1,7.04,11.94,2
ORD-001974,2025-04-29 13:25:37,Tuesday,Riverside,In Store,,Credit Card,,Cold Brew,Beverage,4.89,1,4.89,18.2,3
ORD-001974,2025-04-29 13:25:37,Tuesday,Riverside,In Store,,Credit Card,,Grilled Cheese,Food,6.44,1,6.44,18.2,3
ORD-001974,2025-04-29 13:25:37,Tuesday,Riverside,In Store,,Credit Card,,Protein Box,Snack,6.87,1,6.87,18.2,3
ORD-000502,2025-04-29 14:33:01,Tuesday,Riverside,In Store,,Cash,CUST-3655,Americano,Beverage,3.52,1,3.52,7.72,2
ORD-000502,2025-04-29 14:33:01,Tuesday,Riverside,In Store,,Cash,CUST-3655,Bagel w/ Cream Cheese,Pastry,4.2,1,4.2,7.72,2
ORD-001633,2025-04-29 15:27:46,Tuesday,Riverside,Mobile,,Credit Card,CUST-1271,Breakfast Burrito,Food,7.5,1,7.5,9.91,2
ORD-001633,2025-04-29 15:27:46,Tuesday,Riverside,Mobile,,Credit Card,CUST-1271,Espresso Shot,Beverage,2.41,1,2.41,9.91,2
ORD-000787,2025-04-29 20:05:59,Tuesday,Uptown,Mobile,,Credit Card,CUST-1675,Drip Coffee,Beverage,3.23,1,3.23,6.59,2
ORD-000787,2025-04-29 20:05:59,Tuesday,Uptown,Mobile,,Credit Card,CUST-1675,Iced Tea,Beverage,3.36,1,3.36,6.59,2
ORD-001786,2025-04-30 07:53:27,Wednesday,Uptown,In Store,,Debit Card,,Latte,Beverage,4.71,1,4.71,8.23,2
ORD-001786,2025-04-30 07:53:27,Wednesday,Uptown,In Store,,Debit Card,,Bagel w/ Cream Cheese,Pastry,3.52,1,3.52,8.23,2
ORD-002518,2025-04-30 09:48:25,Wednesday,Riverside,Mobile,,Credit Card,CUST-3908,Cappuccino,Beverage,4.41,1,4.41,4.41,1
ORD-002921,2025-04-30 12:42:34,Wednesday,Uptown,In Store,,Credit Card,,Breakfast Burrito,Food,7.38,1,7.38,19.84,3
ORD-002921,2025-04-30 12:42:34,Wednesday,Uptown,In Store,,Credit Card,,Fruit Cup,Snack,4.36,1,4.36,19.84,3
ORD-002921,2025-04-30 12:42:34,Wednesday,Uptown,In Store,,Credit Card,,Caesar Salad,Food,8.1,1,8.1,19.84,3
ORD-000858,2025-04-30 18:13:49,Wednesday,Uptown,In Store,,Mobile Wallet,CUST-4883,Granola & Yogurt Cup,Snack,5.03,1,5.03,12.85,2
ORD-000858,2025-04-30 18:13:49,Wednesday,Uptown,In Store,,Mobile Wallet,CUST-4883,Cinnamon Roll,Pastry,3.91,2,7.82,12.85,2
ORD-000260,2025-05-01 07:28:51,Thursday,Downtown,In Store,,Mobile Wallet,,Bagel w/ Cream Cheese,Pastry,3.51,1,3.51,3.51,1
ORD-001971,2025-05-01 10:00:02,Thursday,Uptown,Mobile,,Mobile Wallet,CUST-3305,Latte,Beverage,4.73,1,4.73,4.73,1
ORD-000553,2025-05-01 10:19:27,Thursday,Uptown,Delivery,Uber Eats,Debit Card,,Cappuccino,Beverage,4.39,1,4.39,4.39,1
ORD-000808,2025-05-01 10:21:32,Thursday,Campus,Mobile,,Credit Card,CUST-3644,Bagel w/ Cream Cheese,Pastry,3.66,1,3.66,3.66,1
ORD-002339,2025-05-01 10:38:37,Thursday,Downtown,In Store,,Credit Card,,Breakfast Burrito,Food,7.11,1,7.11,18.02,3
ORD-002339,2025-05-01 10:38:37,Thursday,Downtown,In Store,,Credit Card,,Cappuccino,Beverage,4.32,2,8.64,18.02,3
ORD-002339,2025-05-01 10:38:37,Thursday,Downtown,In Store,,Credit Card,,Bag of Chips,Snack,2.27,1,2.27,18.02,3
ORD-002204,2025-05-01 12:04:00,Thursday,Downtown,In Store,,Credit Card,CUST-2271,Hot Chocolate,Beverage,4.18,1,4.18,7.22,2
ORD-002204,2025-05-01 12:04:00,Thursday,Downtown,In Store,,Credit Card,CUST-2271,Blueberry Muffin,Pastry,3.04,1,3.04,7.22,2
ORD-001800,2025-05-01 12:35:10,Thursday,Uptown,In Store,,Credit Card,CUST-3253,Cappuccino,Beverage,4.17,1,4.17,26.41,3
ORD-001800,2025-05-01 12:35:10,Thursday,Uptown,In Store,,Credit Card,CUST-3253,Caesar Salad,Food,8.5,2,17.0,26.41,3
ORD-001800,2025-05-01 12:35:10,Thursday,Uptown,In Store,,Credit Card,CUST-3253,Granola & Yogurt Cup,Snack,5.24,1,5.24,26.41,3
ORD-000313,2025-05-01 12:54:24,Thursday,Uptown,In Store,,Mobile Wallet,,Bagel w/ Cream Cheese,Pastry,4.17,1,4.17,4.17,1
ORD-000073,2025-05-01 17:08:24,Thursday,Campus,In Store,,Credit Card,,Bagel w/ Cream Cheese,Pastry,3.78,1,3.78,13.95,3
ORD-000073,2025-05-01 17:08:24,Thursday,Campus,In Store,,Credit Card,,Bag of Chips,Snack,2.46,1,2.46,13.95,3
ORD-000073,2025-05-01 17:08:24,Thursday,Campus,In Store,,Credit Card,,Breakfast Burrito,Food,7.71,1,7.71,13.95,3
ORD-001221,2025-05-01 17:18:59,Thursday,Uptown,In Store,,Cash,,Protein Box,Snack,7.26,1,7.26,20.2,3
ORD-001221,2025-05-01 17:18:59,Thursday,Uptown,In Store,,Cash,,Bagel w/ Cream Cheese,Pastry,3.98,2,7.96,20.2,3
ORD-001221,2025-05-01 17:18:59,Thursday,Uptown,In Store,,Cash,,Matcha Latte,Beverage,4.98,1,4.98,20.2,3
ORD-002053,2025-05-02 06:58:22,Friday,Downtown,Mobile,,Mobile Wallet,CUST-4109,Bag of Chips,Snack,2.38,2,4.76,7.81,2
ORD-002053,2025-05-02 06:58:22,Friday,Downtown,Mobile,,Mobile Wallet,CUST-4109,Americano,Beverage,3.05,1,3.05,7.81,2
ORD-001940,2025-05-02 07:14:11,Friday,Campus,In Store,,Mobile Wallet,CUST-4092,Fruit Cup,Snack,4.3,1,4.3,21.51,5
ORD-001940,2025-05-02 07:14:11,Friday,Campus,In Store,,Mobile Wallet,CUST-4092,Drip Coffee,Beverage,2.91,2,5.82,21.51,5
ORD-001940,2025-05-02 07:14:11,Friday,Campus,In Store,,Mobile Wallet,CUST-4092,Iced Tea,Beverage,2.78,1,2.78,21.51,5
ORD-001940,2025-05-02 07:14:11,Friday,Campus,In Store,,Mobile Wallet,CUST-4092,Matcha Latte,Beverage,4.96,1,4.96,21.51,5
ORD-001940,2025-05-02 07:14:11,Friday,Campus,In Store,,Mobile Wallet,CUST-4092,Americano,Beverage,3.65,1,3.65,21.51,5
ORD-001789,2025-05-02 08:16:08,Friday,Riverside,In Store,,Mobile Wallet,,Breakfast Burrito,Food,7.54,1,7.54,7.54,1
ORD-001142,2025-05-02 08:56:52,Friday,Downtown,Delivery,Uber Eats,Debit Card,CUST-1022,Bagel w/ Cream Cheese,Pastry,3.65,1,3.65,3.65,1
ORD-001487,2025-05-02 13:17:16,Friday,Downtown,In Store,,Credit Card,CUST-1642,Mocha,Beverage,4.83,1,4.83,4.83,1
ORD-002206,2025-05-02 14:52:43,Friday,Riverside,In Store,,Debit Card,,Grilled Cheese,Food,6.73,1,6.73,13.13,2
ORD-002206,2025-05-02 14:52:43,Friday,Riverside,In Store,,Debit Card,,Scone,Pastry,3.2,2,6.4,13.13,2
ORD-000024,2025-05-02 16:51:51,Friday,Campus,In Store,,Cash,CUST-4786,Chocolate Chip Cookie,Pastry,2.9,2,5.8,5.8,1
ORD-002328,2025-05-02 19:49:36,Friday,Downtown,In Store,,Cash,,Cappuccino,Beverage,4.37,1,4.37,14.46,3
ORD-002328,2025-05-02 19:49:36,Friday,Downtown,In Store,,Cash,,Avocado Toast,Food,7.89,1,7.89,14.46,3
ORD-002328,2025-05-02 19:49:36,Friday,Downtown,In Store,,Cash,,Bag of Chips,Snack,2.2,1,2.2,14.46,3
ORD-001572,2025-05-03 11:00:23,Saturday,Downtown,In Store,,Mobile Wallet,CUST-1032,Avocado Toast,Food,7.86,1,7.86,10.95,2
ORD-001572,2025-05-03 11:00:23,Saturday,Downtown,In Store,,Mobile Wallet,CUST-1032,Americano,Beverage,3.09,1,3.09,10.95,2
ORD-002302,2025-05-03 11:50:41,Saturday,Downtown,In Store,,Mobile Wallet,,Cold Brew,Beverage,5.24,1,5.24,33.59,4
ORD-002302,2025-05-03 11:50:41,Saturday,Downtown,In Store,,Mobile Wallet,,Avocado Toast,Food,7.99,2,15.98,33.59,4
ORD-002302,2025-05-03 11:50:41,Saturday,Downtown,In Store,,Mobile Wallet,,Breakfast Burrito,Food,7.23,1,7.23,33.59,4
ORD-002302,2025-05-03 11:50:41,Saturday,Downtown,In Store,,Mobile Wallet,,Matcha Latte,Beverage,5.14,1,5.14,33.59,4
ORD-001680,2025-05-03 12:05:02,Saturday,Campus,Delivery,Grubhub,Debit Card,,Blueberry Muffin,Pastry,3.21,1,3.21,13.68,3
ORD-001680,2025-05-03 12:05:02,Saturday,Campus,Delivery,Grubhub,Debit Card,,Americano,Beverage,3.11,1,3.11,13.68,3
ORD-001680,2025-05-03 12:05:02,Saturday,Campus,Delivery,Grubhub,Debit Card,,Protein Box,Snack,7.36,1,7.36,13.68,3
ORD-001934,2025-05-03 17:20:54,Saturday,Riverside,In Store,,Debit Card,,Fruit Cup,Snack,3.82,1,3.82,8.78,2
ORD-001934,2025-05-03 17:20:54,Saturday,Riverside,In Store,,Debit Card,,Mocha,Beverage,4.96,1,4.96,8.78,2
ORD-002476,2025-05-04 09:51:26,Sunday,Uptown,Mobile,,Credit Card,CUST-3915,Blueberry Muffin,Pastry,3.59,1,3.59,3.59,1
ORD-002773,2025-05-04 12:34:58,Sunday,Campus,In Store,,Credit Card,CUST-1354,Cappuccino,Beverage,4.54,1,4.54,22.56,4
ORD-002773,2025-05-04 12:34:58,Sunday,Campus,In Store,,Credit Card,CUST-1354,Protein Box,Snack,7.02,1,7.02,22.56,4
ORD-002773,2025-05-04 12:34:58,Sunday,Campus,In Store,,Credit Card,CUST-1354,Drip Coffee,Beverage,2.72,1,2.72,22.56,4
ORD-002773,2025-05-04 12:34:58,Sunday,Campus,In Store,,Credit Card,CUST-1354,Avocado Toast,Food,8.28,1,8.28,22.56,4
ORD-000698,2025-05-04 12:42:31,Sunday,Riverside,Delivery,Uber Eats,Mobile Wallet,CUST-2080,Grilled Cheese,Food,6.9,1,6.9,14.76,3
ORD-000698,2025-05-04 12:42:31,Sunday,Riverside,Delivery,Uber Eats,Mobile Wallet,CUST-2080,Cappuccino,Beverage,4.55,1,4.55,14.76,3
ORD-000698,2025-05-04 12:42:31,Sunday,Riverside,Delivery,Uber Eats,Mobile Wallet,CUST-2080,Croissant,Pastry,3.31,1,3.31,14.76,3
ORD-000909,2025-05-04 13:58:53,Sunday,Uptown,In Store,,Mobile Wallet,,Blueberry Muffin,Pastry,3.5,1,3.5,5.36,2
ORD-000909,2025-05-04 13:58:53,Sunday,Uptown,In Store,,Mobile Wallet,,Bag of Chips,Snack,1.86,1,1.86,5.36,2
ORD-000400,2025-05-04 14:37:49,Sunday,Riverside,In Store,,Credit Card,CUST-1043,Cappuccino,Beverage,4.26,1,4.26,9.09,3
ORD-000400,2025-05-04 14:37:49,Sunday,Riverside,In Store,,Credit Card,CUST-1043,Bag of Chips,Snack,2.14,1,2.14,9.09,3
ORD-000400,2025-05-04 14:37:49,Sunday,Riverside,In Store,,Credit Card,CUST-1043,Drip Coffee,Beverage,2.69,1,2.69,9.09,3
ORD-002842,2025-05-04 16:40:08,Sunday,Riverside,In Store,,Mobile Wallet,,Cold Brew,Beverage,5.23,1,5.23,11.82,2
ORD-002842,2025-05-04 16:40:08,Sunday,Riverside,In Store,,Mobile Wallet,,Grilled Cheese,Food,6.59,1,6.59,11.82,2
ORD-000240,2025-05-04 17:51:54,Sunday,Campus,Mobile,,Mobile Wallet,CUST-2309,Granola & Yogurt Cup,Snack,4.92,1,4.92,18.46,3
ORD-000240,2025-05-04 17:51:54,Sunday,Campus,Mobile,,Mobile Wallet,CUST-2309,Drip Coffee,Beverage,2.8,2,5.6,18.46,3
ORD-000240,2025-05-04 17:51:54,Sunday,Campus,Mobile,,Mobile Wallet,CUST-2309,Veggie Wrap,Food,7.94,1,7.94,18.46,3
ORD-001647,2025-05-04 18:04:16,Sunday,Riverside,Delivery,Grubhub,Debit Card,,Caesar Salad,Food,8.44,1,8.44,8.44,1
ORD-001824,2025-05-05 06:49:51,Monday,Campus,In Store,,Debit Card,,Avocado Toast,Food,8.29,1,8.29,16.29,2
ORD-001824,2025-05-05 06:49:51,Monday,Campus,In Store,,Debit Card,,Veggie Wrap,Food,8.0,1,8.0,16.29,2
ORD-000646,2025-05-05 07:44:17,Monday,Downtown,Mobile,,Credit Card,CUST-4378,Turkey & Swiss Sandwich,Food,8.63,1,8.63,8.63,1
ORD-000655,2025-05-05 08:14:03,Monday,Downtown,Mobile,,Mobile Wallet,CUST-3883,Granola & Yogurt Cup,Snack,5.42,1,5.42,5.42,1
ORD-002979,2025-05-05 08:20:57,Monday,Riverside,In Store,,Credit Card,,Chai Latte,Beverage,4.61,1,4.61,12.15,3
ORD-002979,2025-05-05 08:20:57,Monday,Riverside,In Store,,Credit Card,,Matcha Latte,Beverage,5.18,1,5.18,12.15,3
ORD-002979,2025-05-05 08:20:57,Monday,Riverside,In Store,,Credit Card,,Espresso Shot,Beverage,2.36,1,2.36,12.15,3
ORD-002830,2025-05-05 08:56:50,Monday,Downtown,Delivery,Uber Eats,Debit Card,,Breakfast Burrito,Food,7.67,1,7.67,10.86,2
ORD-002830,2025-05-05 08:56:50,Monday,Downtown,Delivery,Uber Eats,Debit Card,,Drip Coffee,Beverage,3.19,1,3.19,10.86,2
ORD-001659,2025-05-05 09:36:35,Monday,Riverside,Mobile,,Credit Card,CUST-3547,Croissant,Pastry,3.38,1,3.38,8.21,2
ORD-001659,2025-05-05 09:36:35,Monday,Riverside,Mobile,,Credit Card,CUST-3547,Chai Latte,Beverage,4.83,1,4.83,8.21,2
ORD-001949,2025-05-05 11:53:03,Monday,Campus,In Store,,Debit Card,CUST-4628,Turkey & Swiss Sandwich,Food,8.82,1,8.82,15.87,3
ORD-001949,2025-05-05 11:53:03,Monday,Campus,In Store,,Debit Card,CUST-4628,Hot Chocolate,Beverage,3.59,1,3.59,15.87,3
ORD-001949,2025-05-05 11:53:03,Monday,Campus,In Store,,Debit Card,CUST-4628,Iced Tea,Beverage,3.46,1,3.46,15.87,3
ORD-000807,2025-05-05 15:06:24,Monday,Uptown,In Store,,Mobile Wallet,,Bag of Chips,Snack,2.15,1,2.15,29.57,4
ORD-000807,2025-05-05 15:06:24,Monday,Uptown,In Store,,Mobile Wallet,,Caesar Salad,Food,8.5,1,8.5,29.57,4
ORD-000807,2025-05-05 15:06:24,Monday,Uptown,In Store,,Mobile Wallet,,Granola & Yogurt Cup,Snack,4.72,3,14.16,29.57,4
ORD-000807,2025-05-05 15:06:24,Monday,Uptown,In Store,,Mobile Wallet,,Chocolate Chip Cookie,Pastry,2.38,2,4.76,29.57,4
ORD-000753,2025-05-05 15:23:14,Monday,Downtown,In Store,,Credit Card,,Scone,Pastry,3.33,2,6.66,34.75,5
ORD-000753,2025-05-05 15:23:14,Monday,Downtown,In Store,,Credit Card,,Turkey & Swiss Sandwich,Food,8.99,2,17.98,34.75,5
ORD-000753,2025-05-05 15:23:14,Monday,Downtown,In Store,,Credit Card,,Croissant,Pastry,3.42,1,3.42,34.75,5
ORD-000753,2025-05-05 15:23:14,Monday,Downtown,In Store,,Credit Card,,Chocolate Chip Cookie,Pastry,2.52,1,2.52,34.75,5
ORD-000753,2025-05-05 15:23:14,Monday,Downtown,In Store,,Credit Card,,Cappuccino,Beverage,4.17,1,4.17,34.75,5
ORD-001970,2025-05-05 16:48:41,Monday,Campus,Mobile,,Mobile Wallet,CUST-2701,Croissant,Pastry,3.8,1,3.8,18.69,4
ORD-001970,2025-05-05 16:48:41,Monday,Campus,Mobile,,Mobile Wallet,CUST-2701,Cappuccino,Beverage,4.12,1,4.12,18.69,4
ORD-001970,2025-05-05 16:48:41,Monday,Campus,Mobile,,Mobile Wallet,CUST-2701,Protein Box,Snack,6.82,1,6.82,18.69,4
ORD-001970,2025-05-05 16:48:41,Monday,Campus,Mobile,,Mobile Wallet,CUST-2701,Bagel w/ Cream Cheese,Pastry,3.95,1,3.95,18.69,4
ORD-001427,2025-05-06 07:01:58,Tuesday,Riverside,In Store,,Credit Card,CUST-1486,Granola & Yogurt Cup,Snack,4.77,1,4.77,17.36,4
ORD-001427,2025-05-06 07:01:58,Tuesday,Riverside,In Store,,Credit Card,CUST-1486,Bag of Chips,Snack,1.99,2,3.98,17.36,4
ORD-001427,2025-05-06 07:01:58,Tuesday,Riverside,In Store,,Credit Card,CUST-1486,Chai Latte,Beverage,4.67,1,4.67,17.36,4
ORD-001427,2025-05-06 07:01:58,Tuesday,Riverside,In Store,,Credit Card,CUST-1486,Cinnamon Roll,Pastry,3.94,1,3.94,17.36,4
ORD-002496,2025-05-06 07:49:29,Tuesday,Riverside,In Store,,Mobile Wallet,,Americano,Beverage,3.65,1,3.65,12.94,3
ORD-002496,2025-05-06 07:49:29,Tuesday,Riverside,In Store,,Mobile Wallet,,Drip Coffee,Beverage,2.98,1,2.98,12.94,3
ORD-002496,2025-05-06 07:49:29,Tuesday,Riverside,In Store,,Mobile Wallet,,Grilled Cheese,Food,6.31,1,6.31,12.94,3
ORD-001713,2025-05-06 08:12:43,Tuesday,Riverside,In Store,,Credit Card,CUST-1565,Scone,Pastry,3.32,1,3.32,11.31,2
ORD-001713,2025-05-06 08:12:43,Tuesday,Riverside,In Store,,Credit Card,CUST-1565,Veggie Wrap,Food,7.99,1,7.99,11.31,2
ORD-002397,2025-05-06 08:53:24,Tuesday,Campus,Mobile,,Mobile Wallet,CUST-4654,Protein Box,Snack,6.74,2,13.48,13.48,1
ORD-001851,2025-05-06 09:34:04,Tuesday,Uptown,Mobile,,Credit Card,CUST-1910,Chocolate Chip Cookie,Pastry,2.29,1,2.29,10.83,2
ORD-001851,2025-05-06 09:34:04,Tuesday,Uptown,Mobile,,Credit Card,CUST-1910,Caesar Salad,Food,8.54,1,8.54,10.83,2
ORD-002280,2025-05-06 10:25:22,Tuesday,Downtown,In Store,,Credit Card,CUST-3446,Americano,Beverage,3.6,1,3.6,18.2,2
ORD-002280,2025-05-06 10:25:22,Tuesday,Downtown,In Store,,Credit Card,CUST-3446,Protein Box,Snack,7.3,2,14.6,18.2,2
ORD-001007,2025-05-06 11:45:07,Tuesday,Uptown,Mobile,,Mobile Wallet,CUST-3482,Blueberry Muffin,Pastry,3.51,1,3.51,10.52,3
ORD-001007,2025-05-06 11:45:07,Tuesday,Uptown,Mobile,,Mobile Wallet,CUST-3482,Espresso Shot,Beverage,2.66,1,2.66,10.52,3
ORD-001007,2025-05-06 11:45:07,Tuesday,Uptown,Mobile,,Mobile Wallet,CUST-3482,Cappuccino,Beverage,4.35,1,4.35,10.52,3
ORD-002126,2025-05-06 12:01:44,Tuesday,Campus,In Store,,Cash,,Turkey & Swiss Sandwich,Food,8.57,1,8.57,13.06,2
ORD-002126,2025-05-06 12:01:44,Tuesday,Campus,In Store,,Cash,,Chai Latte,Beverage,4.49,1,4.49,13.06,2
ORD-001551,2025-05-06 13:00:28,Tuesday,Campus,Mobile,,Credit Card,CUST-4835,Iced Tea,Beverage,3.44,1,3.44,26.87,2
ORD-001551,2025-05-06 13:00:28,Tuesday,Campus,Mobile,,Credit Card,CUST-4835,Avocado Toast,Food,7.81,3,23.43,26.87,2
ORD-002555,2025-05-06 14:16:42,Tuesday,Campus,In Store,,Credit Card,CUST-3388,Chocolate Chip Cookie,Pastry,2.87,1,2.87,2.87,1
ORD-000833,2025-05-06 14:21:18,Tuesday,Riverside,Mobile,,Debit Card,CUST-3865,Matcha Latte,Beverage,5.32,1,5.32,5.32,1
ORD-000469,2025-05-06 15:19:29,Tuesday,Campus,In Store,,Mobile Wallet,,Cold Brew,Beverage,4.52,1,4.52,4.52,1
ORD-002440,2025-05-06 15:25:21,Tuesday,Uptown,Mobile,,Mobile Wallet,CUST-3111,Granola & Yogurt Cup,Snack,4.9,2,9.8,9.8,1
ORD-000738,2025-05-06 20:08:38,Tuesday,Downtown,In Store,,Cash,CUST-4843,Bagel w/ Cream Cheese,Pastry,3.77,1,3.77,16.61,2
ORD-000738,2025-05-06 20:08:38,Tuesday,Downtown,In Store,,Cash,CUST-4843,Grilled Cheese,Food,6.42,2,12.84,16.61,2
ORD-001048,2025-05-07 07:10:11,Wednesday,Downtown,Mobile,,Mobile Wallet,CUST-4326,Mocha,Beverage,4.79,1,4.79,4.79,1
ORD-002147,2025-05-07 08:29:03,Wednesday,Downtown,In Store,,Debit Card,,Drip Coffee,Beverage,3.15,1,3.15,3.15,1
ORD-000991,2025-05-07 08:50:40,Wednesday,Uptown,Mobile,,Mobile Wallet,CUST-4316,Chai Latte,Beverage,4.45,1,4.45,7.85,2
ORD-000991,2025-05-07 08:50:40,Wednesday,Uptown,Mobile,,Mobile Wallet,CUST-4316,Blueberry Muffin,Pastry,3.4,1,3.4,7.85,2
ORD-002669,2025-05-07 09:01:02,Wednesday,Uptown,In Store,,Debit Card,,Cappuccino,Beverage,4.57,1,4.57,4.57,1
ORD-000422,2025-05-07 09:37:14,Wednesday,Uptown,Delivery,DoorDash,Mobile Wallet,,Bagel w/ Cream Cheese,Pastry,3.88,1,3.88,3.88,1
ORD-000797,2025-05-07 09:43:41,Wednesday,Uptown,Delivery,Grubhub,Mobile Wallet,CUST-1218,Cold Brew,Beverage,5.13,1,5.13,9.05,2
ORD-000797,2025-05-07 09:43:41,Wednesday,Uptown,Delivery,Grubhub,Mobile Wallet,CUST-1218,Hot Chocolate,Beverage,3.92,1,3.92,9.05,2
ORD-002761,2025-05-07 12:59:20,Wednesday,Riverside,Mobile,,Credit Card,CUST-4345,Drip Coffee,Beverage,2.59,1,2.59,5.2,2
ORD-002761,2025-05-07 12:59:20,Wednesday,Riverside,Mobile,,Credit Card,CUST-4345,Chocolate Chip Cookie,Pastry,2.61,1,2.61,5.2,2
ORD-002352,2025-05-07 13:14:17,Wednesday,Downtown,In Store,,Debit Card,,Caesar Salad,Food,8.5,1,8.5,8.5,1
ORD-000025,2025-05-08 09:50:44,Thursday,Downtown,In Store,,Mobile Wallet,CUST-4344,Croissant,Pastry,3.42,2,6.84,19.4,4
ORD-000025,2025-05-08 09:50:44,Thursday,Downtown,In Store,,Mobile Wallet,CUST-4344,Bag of Chips,Snack,1.8,1,1.8,19.4,4
ORD-000025,2025-05-08 09:50:44,Thursday,Downtown,In Store,,Mobile Wallet,CUST-4344,Hot Chocolate,Beverage,3.8,1,3.8,19.4,4
ORD-000025,2025-05-08 09:50:44,Thursday,Downtown,In Store,,Mobile Wallet,CUST-4344,Protein Box,Snack,6.96,1,6.96,19.4,4
ORD-000495,2025-05-08 12:18:36,Thursday,Downtown,In Store,,Cash,,Americano,Beverage,3.27,2,6.54,9.33,2
ORD-000495,2025-05-08 12:18:36,Thursday,Downtown,In Store,,Cash,,Chocolate Chip Cookie,Pastry,2.79,1,2.79,9.33,2
ORD-001332,2025-05-08 13:28:36,Thursday,Downtown,Mobile,,Credit Card,CUST-1408,Cappuccino,Beverage,4.09,3,12.27,12.27,1
ORD-000645,2025-05-08 15:17:09,Thursday,Downtown,Delivery,DoorDash,Credit Card,,Cappuccino,Beverage,4.61,2,9.22,21.1,3
ORD-000645,2025-05-08 15:17:09,Thursday,Downtown,Delivery,DoorDash,Credit Card,,Mocha,Beverage,5.06,1,5.06,21.1,3
ORD-000645,2025-05-08 15:17:09,Thursday,Downtown,Delivery,DoorDash,Credit Card,,Grilled Cheese,Food,6.82,1,6.82,21.1,3
ORD-000745,2025-05-08 15:18:21,Thursday,Downtown,In Store,,Debit Card,,Fruit Cup,Snack,3.83,1,3.83,18.36,3
ORD-000745,2025-05-08 15:18:21,Thursday,Downtown,In Store,,Debit Card,,Protein Box,Snack,6.79,1,6.79,18.36,3
ORD-000745,2025-05-08 15:18:21,Thursday,Downtown,In Store,,Debit Card,,Veggie Wrap,Food,7.74,1,7.74,18.36,3
ORD-002071,2025-05-09 07:26:19,Friday,Riverside,In Store,,Debit Card,,Americano,Beverage,3.42,1,3.42,25.55,3
ORD-002071,2025-05-09 07:26:19,Friday,Riverside,In Store,,Debit Card,,Cold Brew,Beverage,4.61,3,13.83,25.55,3
ORD-002071,2025-05-09 07:26:19,Friday,Riverside,In Store,,Debit Card,,Fruit Cup,Snack,4.15,2,8.3,25.55,3
ORD-001405,2025-05-09 07:45:00,Friday,Downtown,Mobile,,Debit Card,CUST-1790,Chocolate Chip Cookie,Pastry,2.35,1,2.35,25.27,2
ORD-001405,2025-05-09 07:45:00,Friday,Downtown,Mobile,,Debit Card,CUST-1790,Veggie Wrap,Food,7.64,3,22.92,25.27,2
ORD-001876,2025-05-09 08:47:07,Friday,Uptown,In Store,,Mobile Wallet,,Veggie Wrap,Food,7.79,1,7.79,25.59,4
ORD-001876,2025-05-09 08:47:07,Friday,Uptown,In Store,,Mobile Wallet,,Cappuccino,Beverage,4.63,1,4.63,25.59,4
ORD-001876,2025-05-09 08:47:07,Friday,Uptown,In Store,,Mobile Wallet,,Caesar Salad,Food,8.13,1,8.13,25.59,4
ORD-001876,2025-05-09 08:47:07,Friday,Uptown,In Store,,Mobile Wallet,,Espresso Shot,Beverage,2.52,2,5.04,25.59,4
ORD-000714,2025-05-09 08:56:18,Friday,Uptown,Mobile,,Credit Card,CUST-3921,Granola & Yogurt Cup,Snack,5.14,1,5.14,5.14,1
ORD-001614,2025-05-09 09:41:55,Friday,Downtown,Mobile,,Credit Card,CUST-4970,Scone,Pastry,3.72,1,3.72,3.72,1
ORD-002728,2025-05-09 11:30:17,Friday,Uptown,In Store,,Cash,CUST-3079,Cinnamon Roll,Pastry,4.04,1,4.04,4.04,1
ORD-001511,2025-05-09 12:11:39,Friday,Riverside,Delivery,DoorDash,Debit Card,,Americano,Beverage,3.06,1,3.06,22.44,4
ORD-001511,2025-05-09 12:11:39,Friday,Riverside,Delivery,DoorDash,Debit Card,,Scone,Pastry,3.61,2,7.22,22.44,4
ORD-001511,2025-05-09 12:11:39,Friday,Riverside,Delivery,DoorDash,Debit Card,,Cinnamon Roll,Pastry,3.78,1,3.78,22.44,4
ORD-001511,2025-05-09 12:11:39,Friday,Riverside,Delivery,DoorDash,Debit Card,,Turkey & Swiss Sandwich,Food,8.38,1,8.38,22.44,4
ORD-002490,2025-05-09 12:16:56,Friday,Uptown,In Store,,Debit Card,CUST-4920,Grilled Cheese,Food,6.32,1,6.32,9.27,2
ORD-002490,2025-05-09 12:16:56,Friday,Uptown,In Store,,Debit Card,CUST-4920,Iced Tea,Beverage,2.95,1,2.95,9.27,2
ORD-002823,2025-05-09 12:25:10,Friday,Riverside,In Store,,Debit Card,CUST-2800,Drip Coffee,Beverage,3.21,1,3.21,19.26,4
ORD-002823,2025-05-09 12:25:10,Friday,Riverside,In Store,,Debit Card,CUST-2800,Croissant,Pastry,3.34,1,3.34,19.26,4
ORD-002823,2025-05-09 12:25:10,Friday,Riverside,In Store,,Debit Card,CUST-2800,Iced Tea,Beverage,3.39,1,3.39,19.26,4
ORD-002823,2025-05-09 12:25:10,Friday,Riverside,In Store,,Debit Card,CUST-2800,Chai Latte,Beverage,4.66,2,9.32,19.26,4
ORD-001059,2025-05-09 13:17:37,Friday,Campus,In Store,,Debit Card,CUST-2932,Iced Tea,Beverage,2.93,1,2.93,7.43,2
ORD-001059,2025-05-09 13:17:37,Friday,Campus,In Store,,Debit Card,CUST-2932,Chai Latte,Beverage,4.5,1,4.5,7.43,2
ORD-002254,2025-05-09 16:45:38,Friday,Downtown,In Store,,Debit Card,,Scone,Pastry,3.44,2,6.88,15.31,2
ORD-002254,2025-05-09 16:45:38,Friday,Downtown,In Store,,Debit Card,,Caesar Salad,Food,8.43,1,8.43,15.31,2
ORD-000318,2025-05-09 18:44:47,Friday,Uptown,In Store,,Mobile Wallet,CUST-1261,Drip Coffee,Beverage,2.79,2,5.58,38.77,4
ORD-000318,2025-05-09 18:44:47,Friday,Uptown,In Store,,Mobile Wallet,CUST-1261,Turkey & Swiss Sandwich,Food,8.33,3,24.99,38.77,4
ORD-000318,2025-05-09 18:44:47,Friday,Uptown,In Store,,Mobile Wallet,CUST-1261,Bagel w/ Cream Cheese,Pastry,3.89,1,3.89,38.77,4
ORD-000318,2025-05-09 18:44:47,Friday,Uptown,In Store,,Mobile Wallet,CUST-1261,Latte,Beverage,4.31,1,4.31,38.77,4
ORD-000365,2025-05-10 06:31:54,Saturday,Downtown,In Store,,Mobile Wallet,CUST-3411,Cappuccino,Beverage,4.62,1,4.62,13.29,3
ORD-000365,2025-05-10 06:31:54,Saturday,Downtown,In Store,,Mobile Wallet,CUST-3411,Chocolate Chip Cookie,Pastry,2.46,2,4.92,13.29,3
ORD-000365,2025-05-10 06:31:54,Saturday,Downtown,In Store,,Mobile Wallet,CUST-3411,Cinnamon Roll,Pastry,3.75,1,3.75,13.29,3
ORD-002136,2025-05-10 07:51:58,Saturday,Uptown,Mobile,,Debit Card,CUST-2238,Turkey & Swiss Sandwich,Food,8.34,3,25.02,33.16,2
ORD-002136,2025-05-10 07:51:58,Saturday,Uptown,Mobile,,Debit Card,CUST-2238,Cappuccino,Beverage,4.07,2,8.14,33.16,2
ORD-002409,2025-05-10 09:58:17,Saturday,Riverside,In Store,,Credit Card,CUST-2749,Latte,Beverage,4.26,1,4.26,4.26,1
ORD-000791,2025-05-10 12:00:38,Saturday,Riverside,In Store,,Mobile Wallet,,Avocado Toast,Food,8.31,1,8.31,45.89,5
ORD-000791,2025-05-10 12:00:38,Saturday,Riverside,In Store,,Mobile Wallet,,Latte,Beverage,4.91,1,4.91,45.89,5
ORD-000791,2025-05-10 12:00:38,Saturday,Riverside,In Store,,Mobile Wallet,,Grilled Cheese,Food,6.9,2,13.8,45.89,5
ORD-000791,2025-05-10 12:00:38,Saturday,Riverside,In Store,,Mobile Wallet,,Matcha Latte,Beverage,5.5,2,11.0,45.89,5
ORD-000791,2025-05-10 12:00:38,Saturday,Riverside,In Store,,Mobile Wallet,,Veggie Wrap,Food,7.87,1,7.87,45.89,5
ORD-000898,2025-05-10 12:11:16,Saturday,Uptown,In Store,,Debit Card,,Cinnamon Roll,Pastry,4.2,1,4.2,7.34,2
ORD-000898,2025-05-10 12:11:16,Saturday,Uptown,In Store,,Debit Card,,Iced Tea,Beverage,3.14,1,3.14,7.34,2
ORD-001727,2025-05-10 12:18:57,Saturday,Uptown,In Store,,Cash,,Chocolate Chip Cookie,Pastry,2.88,1,2.88,7.77,2
ORD-001727,2025-05-10 12:18:57,Saturday,Uptown,In Store,,Cash,,Matcha Latte,Beverage,4.89,1,4.89,7.77,2
ORD-002540,2025-05-10 12:47:51,Saturday,Uptown,Mobile,,Debit Card,CUST-1311,Iced Tea,Beverage,3.31,2,6.62,6.62,1
ORD-001909,2025-05-11 08:21:17,Sunday,Campus,Mobile,,Debit Card,CUST-1390,Iced Tea,Beverage,2.91,1,2.91,10.52,2
ORD-001909,2025-05-11 08:21:17,Sunday,Campus,Mobile,,Debit Card,CUST-1390,Veggie Wrap,Food,7.61,1,7.61,10.52,2
ORD-001273,2025-05-11 09:02:28,Sunday,Campus,Delivery,Grubhub,Credit Card,CUST-4154,Chai Latte,Beverage,4.51,1,4.51,4.51,1
ORD-001772,2025-05-11 10:04:17,Sunday,Campus,In Store,,Mobile Wallet,,Caesar Salad,Food,8.64,1,8.64,24.79,4
ORD-001772,2025-05-11 10:04:17,Sunday,Campus,In Store,,Mobile Wallet,,Mocha,Beverage,5.29,1,5.29,24.79,4
ORD-001772,2025-05-11 10:04:17,Sunday,Campus,In Store,,Mobile Wallet,,Matcha Latte,Beverage,5.46,1,5.46,24.79,4
ORD-001772,2025-05-11 10:04:17,Sunday,Campus,In Store,,Mobile Wallet,,Granola & Yogurt Cup,Snack,5.4,1,5.4,24.79,4
ORD-001636,2025-05-11 12:37:27,Sunday,Downtown,Mobile,,Debit Card,CUST-4728,Hot Chocolate,Beverage,4.13,1,4.13,4.13,1
ORD-001498,2025-05-11 13:43:20,Sunday,Downtown,Mobile,,Mobile Wallet,CUST-1738,Hot Chocolate,Beverage,3.98,1,3.98,14.55,3
ORD-001498,2025-05-11 13:43:20,Sunday,Downtown,Mobile,,Mobile Wallet,CUST-1738,Drip Coffee,Beverage,2.87,1,2.87,14.55,3
ORD-001498,2025-05-11 13:43:20,Sunday,Downtown,Mobile,,Mobile Wallet,CUST-1738,Fruit Cup,Snack,3.85,2,7.7,14.55,3
ORD-001214,2025-05-11 17:23:16,Sunday,Downtown,In Store,,Credit Card,,Bagel w/ Cream Cheese,Pastry,3.99,1,3.99,29.74,4
ORD-001214,2025-05-11 17:23:16,Sunday,Downtown,In Store,,Credit Card,,Breakfast Burrito,Food,7.54,2,15.08,29.74,4
ORD-001214,2025-05-11 17:23:16,Sunday,Downtown,In Store,,Credit Card,,Grilled Cheese,Food,6.59,1,6.59,29.74,4
ORD-001214,2025-05-11 17:23:16,Sunday,Downtown,In Store,,Credit Card,,Cappuccino,Beverage,4.08,1,4.08,29.74,4
ORD-002157,2025-05-11 18:49:54,Sunday,Campus,Delivery,DoorDash,Debit Card,,Mocha,Beverage,5.17,1,5.17,23.35,3
ORD-002157,2025-05-11 18:49:54,Sunday,Campus,Delivery,DoorDash,Debit Card,,Hot Chocolate,Beverage,4.24,1,4.24,23.35,3
ORD-002157,2025-05-11 18:49:54,Sunday,Campus,Delivery,DoorDash,Debit Card,,Protein Box,Snack,6.97,2,13.94,23.35,3
ORD-002444,2025-05-11 19:53:32,Sunday,Downtown,In Store,,Credit Card,CUST-3208,Matcha Latte,Beverage,5.29,1,5.29,18.11,3
ORD-002444,2025-05-11 19:53:32,Sunday,Downtown,In Store,,Credit Card,CUST-3208,Cappuccino,Beverage,4.47,2,8.94,18.11,3
ORD-002444,2025-05-11 19:53:32,Sunday,Downtown,In Store,,Credit Card,CUST-3208,Hot Chocolate,Beverage,3.88,1,3.88,18.11,3
ORD-000709,2025-05-12 13:16:23,Monday,Riverside,In Store,,Debit Card,,Breakfast Burrito,Food,7.75,1,7.75,22.19,4
ORD-000709,2025-05-12 13:16:23,Monday,Riverside,In Store,,Debit Card,,Bag of Chips,Snack,2.06,1,2.06,22.19,4
ORD-000709,2025-05-12 13:16:23,Monday,Riverside,In Store,,Debit Card,,Caesar Salad,Food,8.48,1,8.48,22.19,4
ORD-000709,2025-05-12 13:16:23,Monday,Riverside,In Store,,Debit Card,,Fruit Cup,Snack,3.9,1,3.9,22.19,4
ORD-001757,2025-05-12 15:54:00,Monday,Uptown,Mobile,,Credit Card,CUST-4392,Cappuccino,Beverage,4.16,1,4.16,32.63,4
ORD-001757,2025-05-12 15:54:00,Monday,Uptown,Mobile,,Credit Card,CUST-4392,Latte,Beverage,4.43,1,4.43,32.63,4
ORD-001757,2025-05-12 15:54:00,Monday,Uptown,Mobile,,Credit Card,CUST-4392,Croissant,Pastry,3.57,2,7.14,32.63,4
ORD-001757,2025-05-12 15:54:00,Monday,Uptown,Mobile,,Credit Card,CUST-4392,Caesar Salad,Food,8.45,2,16.9,32.63,4
ORD-001383,2025-05-12 17:40:50,Monday,Riverside,In Store,,Cash,,Protein Box,Snack,6.78,1,6.78,9.7,2
ORD-001383,2025-05-12 17:40:50,Monday,Riverside,In Store,,Cash,,Drip Coffee,Beverage,2.92,1,2.92,9.7,2
ORD-000641,2025-05-12 19:34:42,Monday,Downtown,Delivery,Grubhub,Mobile Wallet,,Turkey & Swiss Sandwich,Food,8.58,1,8.58,28.95,4
ORD-000641,2025-05-12 19:34:42,Monday,Downtown,Delivery,Grubhub,Mobile Wallet,,Matcha Latte,Beverage,5.08,1,5.08,28.95,4
ORD-000641,2025-05-12 19:34:42,Monday,Downtown,Delivery,Grubhub,Mobile Wallet,,Breakfast Burrito,Food,7.64,1,7.64,28.95,4
ORD-000641,2025-05-12 19:34:42,Monday,Downtown,Delivery,Grubhub,Mobile Wallet,,Veggie Wrap,Food,7.65,1,7.65,28.95,4
ORD-001823,2025-05-13 07:13:46,Tuesday,Riverside,Mobile,,Debit Card,CUST-1957,Blueberry Muffin,Pastry,3.04,1,3.04,3.04,1
ORD-000800,2025-05-13 08:16:02,Tuesday,Uptown,Delivery,DoorDash,Debit Card,,Avocado Toast,Food,8.14,1,8.14,8.14,1
ORD-001036,2025-05-13 08:18:42,Tuesday,Uptown,In Store,,Mobile Wallet,CUST-1671,Fruit Cup,Snack,4.11,1,4.11,7.66,2
ORD-001036,2025-05-13 08:18:42,Tuesday,Uptown,In Store,,Mobile Wallet,CUST-1671,Hot Chocolate,Beverage,3.55,1,3.55,7.66,2
ORD-001716,2025-05-13 08:42:35,Tuesday,Campus,In Store,,Mobile Wallet,CUST-1293,Iced Tea,Beverage,2.82,1,2.82,18.24,4
ORD-001716,2025-05-13 08:42:35,Tuesday,Campus,In Store,,Mobile Wallet,CUST-1293,Mocha,Beverage,5.35,1,5.35,18.24,4
ORD-001716,2025-05-13 08:42:35,Tuesday,Campus,In Store,,Mobile Wallet,CUST-1293,Scone,Pastry,3.75,2,7.5,18.24,4
ORD-001716,2025-05-13 08:42:35,Tuesday,Campus,In Store,,Mobile Wallet,CUST-1293,Espresso Shot,Beverage,2.57,1,2.57,18.24,4
ORD-002911,2025-05-13 09:33:29,Tuesday,Downtown,In Store,,Debit Card,,Matcha Latte,Beverage,5.44,1,5.44,10.74,2
ORD-002911,2025-05-13 09:33:29,Tuesday,Downtown,In Store,,Debit Card,,Mocha,Beverage,5.3,1,5.3,10.74,2
ORD-002081,2025-05-13 11:26:23,Tuesday,Riverside,In Store,,Credit Card,,Chocolate Chip Cookie,Pastry,2.68,1,2.68,2.68,1
ORD-001886,2025-05-13 11:36:46,Tuesday,Riverside,In Store,,Credit Card,CUST-1524,Avocado Toast,Food,8.42,2,16.84,20.25,2
ORD-001886,2025-05-13 11:36:46,Tuesday,Riverside,In Store,,Credit Card,CUST-1524,Croissant,Pastry,3.41,1,3.41,20.25,2
ORD-002095,2025-05-13 13:10:03,Tuesday,Campus,In Store,,Debit Card,CUST-4188,Hot Chocolate,Beverage,3.57,2,7.14,24.6,3
ORD-002095,2025-05-13 13:10:03,Tuesday,Campus,In Store,,Debit Card,CUST-4188,Latte,Beverage,4.39,2,8.78,24.6,3
ORD-002095,2025-05-13 13:10:03,Tuesday,Campus,In Store,,Debit Card,CUST-4188,Cinnamon Roll,Pastry,4.34,2,8.68,24.6,3
ORD-000514,2025-05-13 13:22:07,Tuesday,Downtown,In Store,,Mobile Wallet,CUST-4018,Iced Tea,Beverage,3.35,3,10.05,10.05,1
ORD-000242,2025-05-13 14:35:48,Tuesday,Riverside,Delivery,DoorDash,Mobile Wallet,CUST-1914,Chocolate Chip Cookie,Pastry,2.6,1,2.6,16.9,3
ORD-000242,2025-05-13 14:35:48,Tuesday,Riverside,Delivery,DoorDash,Mobile Wallet,CUST-1914,Hot Chocolate,Beverage,3.78,2,7.56,16.9,3
ORD-000242,2025-05-13 14:35:48,Tuesday,Riverside,Delivery,DoorDash,Mobile Wallet,CUST-1914,Protein Box,Snack,6.74,1,6.74,16.9,3
ORD-002875,2025-05-13 17:47:33,Tuesday,Campus,In Store,,Cash,,Turkey & Swiss Sandwich,Food,8.32,2,16.64,16.64,1
ORD-002813,2025-05-14 07:17:50,Wednesday,Campus,In Store,,Credit Card,CUST-2292,Bagel w/ Cream Cheese,Pastry,3.61,1,3.61,19.13,3
ORD-002813,2025-05-14 07:17:50,Wednesday,Campus,In Store,,Credit Card,CUST-2292,Grilled Cheese,Food,6.76,1,6.76,19.13,3
ORD-002813,2025-05-14 07:17:50,Wednesday,Campus,In Store,,Credit Card,CUST-2292,Chai Latte,Beverage,4.38,2,8.76,19.13,3
ORD-001198,2025-05-14 09:38:03,Wednesday,Downtown,In Store,,Cash,CUST-3687,Espresso Shot,Beverage,3.0,2,6.0,16.97,3
ORD-001198,2025-05-14 09:38:03,Wednesday,Downtown,In Store,,Cash,CUST-3687,Hot Chocolate,Beverage,4.23,1,4.23,16.97,3
ORD-001198,2025-05-14 09:38:03,Wednesday,Downtown,In Store,,Cash,CUST-3687,Protein Box,Snack,6.74,1,6.74,16.97,3
ORD-002525,2025-05-14 10:41:04,Wednesday,Uptown,Mobile,,Debit Card,CUST-2966,Caesar Salad,Food,8.13,2,16.26,30.3,4
ORD-002525,2025-05-14 10:41:04,Wednesday,Uptown,Mobile,,Debit Card,CUST-2966,Chai Latte,Beverage,4.4,1,4.4,30.3,4
ORD-002525,2025-05-14 10:41:04,Wednesday,Uptown,Mobile,,Debit Card,CUST-2966,Latte,Beverage,4.79,1,4.79,30.3,4
ORD-002525,2025-05-14 10:41:04,Wednesday,Uptown,Mobile,,Debit Card,CUST-2966,Cold Brew,Beverage,4.85,1,4.85,30.3,4
ORD-000851,2025-05-14 12:52:18,Wednesday,Uptown,Mobile,,Credit Card,CUST-4566,Granola & Yogurt Cup,Snack,5.26,1,5.26,27.81,3
ORD-000851,2025-05-14 12:52:18,Wednesday,Uptown,Mobile,,Credit Card,CUST-4566,Grilled Cheese,Food,6.52,3,19.56,27.81,3
ORD-000851,2025-05-14 12:52:18,Wednesday,Uptown,Mobile,,Credit Card,CUST-4566,Iced Tea,Beverage,2.99,1,2.99,27.81,3
ORD-001728,2025-05-14 13:48:55,Wednesday,Uptown,In Store,,Debit Card,CUST-3675,Cappuccino,Beverage,4.4,1,4.4,18.09,5
ORD-001728,2025-05-14 13:48:55,Wednesday,Uptown,In Store,,Debit Card,CUST-3675,Hot Chocolate,Beverage,3.89,1,3.89,18.09,5
ORD-001728,2025-05-14 13:48:55,Wednesday,Uptown,In Store,,Debit Card,CUST-3675,Iced Tea,Beverage,3.41,1,3.41,18.09,5
ORD-001728,2025-05-14 13:48:55,Wednesday,Uptown,In Store,,Debit Card,CUST-3675,Americano,Beverage,3.53,1,3.53,18.09,5
ORD-001728,2025-05-14 13:48:55,Wednesday,Uptown,In Store,,Debit Card,CUST-3675,Drip Coffee,Beverage,2.86,1,2.86,18.09,5
ORD-002673,2025-05-14 17:49:28,Wednesday,Downtown,In Store,,Cash,CUST-3162,Cold Brew,Beverage,4.96,1,4.96,22.99,3
ORD-002673,2025-05-14 17:49:28,Wednesday,Downtown,In Store,,Cash,CUST-3162,Avocado Toast,Food,7.73,1,7.73,22.99,3
ORD-002673,2025-05-14 17:49:28,Wednesday,Downtown,In Store,,Cash,CUST-3162,Granola & Yogurt Cup,Snack,5.15,2,10.3,22.99,3
ORD-001253,2025-05-15 07:44:57,Thursday,Campus,In Store,,Debit Card,,Mocha,Beverage,5.13,1,5.13,5.13,1
ORD-002793,2025-05-15 08:18:44,Thursday,Riverside,Mobile,,Debit Card,CUST-4632,Chocolate Chip Cookie,Pastry,2.31,1,2.31,2.31,1
ORD-001517,2025-05-15 09:29:03,Thursday,Campus,In Store,,Cash,,Croissant,Pastry,3.6,1,3.6,18.98,2
ORD-001517,2025-05-15 09:29:03,Thursday,Campus,In Store,,Cash,,Veggie Wrap,Food,7.69,2,15.38,18.98,2
ORD-001271,2025-05-15 09:47:34,Thursday,Downtown,Mobile,,Mobile Wallet,CUST-2585,Espresso Shot,Beverage,2.9,1,2.9,18.92,2
ORD-001271,2025-05-15 09:47:34,Thursday,Downtown,Mobile,,Mobile Wallet,CUST-2585,Avocado Toast,Food,8.01,2,16.02,18.92,2
ORD-002221,2025-05-15 10:27:38,Thursday,Riverside,In Store,,Cash,,Matcha Latte,Beverage,4.86,1,4.86,4.86,1
ORD-002919,2025-05-15 10:50:27,Thursday,Uptown,In Store,,Credit Card,,Cinnamon Roll,Pastry,4.49,1,4.49,4.49,1
ORD-001345,2025-05-15 12:03:24,Thursday,Riverside,In Store,,Credit Card,,Latte,Beverage,4.95,1,4.95,22.45,3
ORD-001345,2025-05-15 12:03:24,Thursday,Riverside,In Store,,Credit Card,,Protein Box,Snack,7.07,2,14.14,22.45,3
ORD-001345,2025-05-15 12:03:24,Thursday,Riverside,In Store,,Credit Card,,Blueberry Muffin,Pastry,3.36,1,3.36,22.45,3
ORD-001175,2025-05-15 12:34:49,Thursday,Downtown,Delivery,Grubhub,Mobile Wallet,,Veggie Wrap,Food,7.69,1,7.69,39.45,4
ORD-001175,2025-05-15 12:34:49,Thursday,Downtown,Delivery,Grubhub,Mobile Wallet,,Grilled Cheese,Food,6.3,3,18.9,39.45,4
ORD-001175,2025-05-15 12:34:49,Thursday,Downtown,Delivery,Grubhub,Mobile Wallet,,Avocado Toast,Food,8.08,1,8.08,39.45,4
ORD-001175,2025-05-15 12:34:49,Thursday,Downtown,Delivery,Grubhub,Mobile Wallet,,Matcha Latte,Beverage,4.78,1,4.78,39.45,4
ORD-002293,2025-05-15 13:50:01,Thursday,Downtown,In Store,,Credit Card,,Blueberry Muffin,Pastry,3.37,1,3.37,25.64,5
ORD-002293,2025-05-15 13:50:01,Thursday,Downtown,In Store,,Credit Card,,Croissant,Pastry,3.86,2,7.72,25.64,5
ORD-002293,2025-05-15 13:50:01,Thursday,Downtown,In Store,,Credit Card,,Espresso Shot,Beverage,2.53,1,2.53,25.64,5
ORD-002293,2025-05-15 13:50:01,Thursday,Downtown,In Store,,Credit Card,,Bagel w/ Cream Cheese,Pastry,3.55,1,3.55,25.64,5
ORD-002293,2025-05-15 13:50:01,Thursday,Downtown,In Store,,Credit Card,,Caesar Salad,Food,8.47,1,8.47,25.64,5
ORD-001466,2025-05-15 14:30:34,Thursday,Uptown,Delivery,Grubhub,Debit Card,,Bagel w/ Cream Cheese,Pastry,4.23,1,4.23,4.23,1
ORD-000009,2025-05-15 19:48:11,Thursday,Downtown,In Store,,Debit Card,,Mocha,Beverage,4.82,1,4.82,13.64,2
ORD-000009,2025-05-15 19:48:11,Thursday,Downtown,In Store,,Debit Card,,Espresso Shot,Beverage,2.94,3,8.82,13.64,2
ORD-001399,2025-05-16 07:23:07,Friday,Downtown,In Store,,Credit Card,,Matcha Latte,Beverage,5.06,1,5.06,5.06,1
ORD-001781,2025-05-16 08:27:53,Friday,Uptown,Mobile,,Mobile Wallet,CUST-2408,Latte,Beverage,4.62,1,4.62,4.62,1
ORD-002010,2025-05-16 09:40:37,Friday,Campus,Mobile,,Credit Card,CUST-3475,Americano,Beverage,3.47,1,3.47,48.84,4
ORD-002010,2025-05-16 09:40:37,Friday,Campus,Mobile,,Credit Card,CUST-3475,Chai Latte,Beverage,4.81,1,4.81,48.84,4
ORD-002010,2025-05-16 09:40:37,Friday,Campus,Mobile,,Credit Card,CUST-3475,Breakfast Burrito,Food,7.22,3,21.66,48.84,4
ORD-002010,2025-05-16 09:40:37,Friday,Campus,Mobile,,Credit Card,CUST-3475,Grilled Cheese,Food,6.3,3,18.9,48.84,4
ORD-000019,2025-05-16 10:42:41,Friday,Riverside,In Store,,Cash,CUST-3544,Americano,Beverage,3.7,1,3.7,35.74,5
ORD-000019,2025-05-16 10:42:41,Friday,Riverside,In Store,,Cash,CUST-3544,Cappuccino,Beverage,4.66,2,9.32,35.74,5
ORD-000019,2025-05-16 10:42:41,Friday,Riverside,In Store,,Cash,CUST-3544,Turkey & Swiss Sandwich,Food,8.37,1,8.37,35.74,5
ORD-000019,2025-05-16 10:42:41,Friday,Riverside,In Store,,Cash,CUST-3544,Mocha,Beverage,5.23,2,10.46,35.74,5
ORD-000019,2025-05-16 10:42:41,Friday,Riverside,In Store,,Cash,CUST-3544,Scone,Pastry,3.89,1,3.89,35.74,5
ORD-000497,2025-05-16 10:58:55,Friday,Uptown,Mobile,,Credit Card,CUST-1320,Caesar Salad,Food,8.36,1,8.36,20.6,3
ORD-000497,2025-05-16 10:58:55,Friday,Uptown,Mobile,,Credit Card,CUST-1320,Matcha Latte,Beverage,4.84,1,4.84,20.6,3
ORD-000497,2025-05-16 10:58:55,Friday,Uptown,Mobile,,Credit Card,CUST-1320,Breakfast Burrito,Food,7.4,1,7.4,20.6,3
ORD-001658,2025-05-16 12:27:27,Friday,Uptown,In Store,,Cash,,Croissant,Pastry,3.59,1,3.59,8.31,2
ORD-001658,2025-05-16 12:27:27,Friday,Uptown,In Store,,Cash,,Chai Latte,Beverage,4.72,1,4.72,8.31,2
ORD-000863,2025-05-16 13:01:50,Friday,Downtown,In Store,,Mobile Wallet,CUST-4571,Chocolate Chip Cookie,Pastry,2.53,1,2.53,2.53,1
ORD-000555,2025-05-16 13:22:57,Friday,Downtown,In Store,,Debit Card,,Cappuccino,Beverage,4.41,1,4.41,4.41,1
ORD-001584,2025-05-16 13:35:29,Friday,Downtown,In Store,,Debit Card,,Cold Brew,Beverage,5.25,3,15.75,15.75,1
ORD-002123,2025-05-16 14:27:31,Friday,Uptown,Mobile,,Credit Card,CUST-3915,Cappuccino,Beverage,4.12,3,12.36,12.36,1
ORD-001406,2025-05-16 15:02:59,Friday,Uptown,In Store,,Credit Card,,Granola & Yogurt Cup,Snack,5.05,1,5.05,13.12,2
ORD-001406,2025-05-16 15:02:59,Friday,Uptown,In Store,,Credit Card,,Veggie Wrap,Food,8.07,1,8.07,13.12,2
ORD-002758,2025-05-16 16:49:16,Friday,Campus,In Store,,Debit Card,CUST-2085,Americano,Beverage,3.32,1,3.32,3.32,1
ORD-001207,2025-05-16 18:11:19,Friday,Uptown,In Store,,Debit Card,,Fruit Cup,Snack,4.21,1,4.21,9.19,2
ORD-001207,2025-05-16 18:11:19,Friday,Uptown,In Store,,Debit Card,,Matcha Latte,Beverage,4.98,1,4.98,9.19,2
ORD-001187,2025-05-16 18:27:01,Friday,Riverside,In Store,,Credit Card,CUST-1047,Iced Tea,Beverage,2.86,1,2.86,2.86,1
ORD-000481,2025-05-17 09:31:24,Saturday,Uptown,In Store,,Credit Card,,Caesar Salad,Food,8.14,1,8.14,8.14,1
ORD-002392,2025-05-17 09:48:54,Saturday,Campus,In Store,,Mobile Wallet,,Cold Brew,Beverage,5.0,1,5.0,33.23,5
ORD-002392,2025-05-17 09:48:54,Saturday,Campus,In Store,,Mobile Wallet,,Avocado Toast,Food,8.04,1,8.04,33.23,5
ORD-002392,2025-05-17 09:48:54,Saturday,Campus,In Store,,Mobile Wallet,,Scone,Pastry,3.82,1,3.82,33.23,5
ORD-002392,2025-05-17 09:48:54,Saturday,Campus,In Store,,Mobile Wallet,,Protein Box,Snack,7.39,1,7.39,33.23,5
ORD-002392,2025-05-17 09:48:54,Saturday,Campus,In Store,,Mobile Wallet,,Turkey & Swiss Sandwich,Food,8.98,1,8.98,33.23,5
ORD-001108,2025-05-17 10:09:15,Saturday,Riverside,In Store,,Debit Card,,Drip Coffee,Beverage,2.62,2,5.24,5.24,1
ORD-001661,2025-05-17 11:23:14,Saturday,Riverside,In Store,,Credit Card,CUST-2808,Matcha Latte,Beverage,4.99,1,4.99,12.37,3
ORD-001661,2025-05-17 11:23:14,Saturday,Riverside,In Store,,Credit Card,CUST-2808,Fruit Cup,Snack,3.86,1,3.86,12.37,3
ORD-001661,2025-05-17 11:23:14,Saturday,Riverside,In Store,,Credit Card,CUST-2808,Blueberry Muffin,Pastry,3.52,1,3.52,12.37,3
ORD-000819,2025-05-17 11:50:40,Saturday,Uptown,In Store,,Credit Card,CUST-2329,Breakfast Burrito,Food,7.53,1,7.53,7.53,1
ORD-001024,2025-05-17 12:39:53,Saturday,Riverside,In Store,,Credit Card,CUST-3482,Veggie Wrap,Food,7.71,1,7.71,23.13,4
ORD-001024,2025-05-17 12:39:53,Saturday,Riverside,In Store,,Credit Card,CUST-3482,Grilled Cheese,Food,6.6,1,6.6,23.13,4
ORD-001024,2025-05-17 12:39:53,Saturday,Riverside,In Store,,Credit Card,CUST-3482,Fruit Cup,Snack,3.95,1,3.95,23.13,4
ORD-001024,2025-05-17 12:39:53,Saturday,Riverside,In Store,,Credit Card,CUST-3482,Cold Brew,Beverage,4.87,1,4.87,23.13,4
ORD-002624,2025-05-17 14:54:53,Saturday,Downtown,In Store,,Cash,,Cinnamon Roll,Pastry,4.21,1,4.21,4.21,1
ORD-002671,2025-05-17 15:16:51,Saturday,Downtown,Mobile,,Mobile Wallet,CUST-1270,Chocolate Chip Cookie,Pastry,2.56,2,5.12,8.7,2
ORD-002671,2025-05-17 15:16:51,Saturday,Downtown,Mobile,,Mobile Wallet,CUST-1270,Bagel w/ Cream Cheese,Pastry,3.58,1,3.58,8.7,2
ORD-001430,2025-05-17 17:46:01,Saturday,Downtown,Mobile,,Mobile Wallet,CUST-3076,Espresso Shot,Beverage,2.64,1,2.64,2.64,1
ORD-002337,2025-05-17 17:46:33,Saturday,Campus,In Store,,Credit Card,,Espresso Shot,Beverage,2.62,1,2.62,2.62,1
ORD-000592,2025-05-17 18:30:48,Saturday,Campus,In Store,,Debit Card,,Bag of Chips,Snack,2.02,1,2.02,13.15,4
ORD-000592,2025-05-17 18:30:48,Saturday,Campus,In Store,,Debit Card,,Croissant,Pastry,3.77,1,3.77,13.15,4
ORD-000592,2025-05-17 18:30:48,Saturday,Campus,In Store,,Debit Card,,Iced Tea,Beverage,3.03,1,3.03,13.15,4
ORD-000592,2025-05-17 18:30:48,Saturday,Campus,In Store,,Debit Card,,Chai Latte,Beverage,4.33,1,4.33,13.15,4
ORD-002850,2025-05-17 18:35:17,Saturday,Riverside,In Store,,Mobile Wallet,,Fruit Cup,Snack,4.32,1,4.32,15.98,3
ORD-002850,2025-05-17 18:35:17,Saturday,Riverside,In Store,,Mobile Wallet,,Chocolate Chip Cookie,Pastry,2.93,1,2.93,15.98,3
ORD-002850,2025-05-17 18:35:17,Saturday,Riverside,In Store,,Mobile Wallet,,Caesar Salad,Food,8.73,1,8.73,15.98,3
ORD-002944,2025-05-18 08:43:51,Sunday,Uptown,In Store,,Debit Card,,Avocado Toast,Food,8.31,1,8.31,14.41,3
ORD-002944,2025-05-18 08:43:51,Sunday,Uptown,In Store,,Debit Card,,Espresso Shot,Beverage,2.26,1,2.26,14.41,3
ORD-002944,2025-05-18 08:43:51,Sunday,Uptown,In Store,,Debit Card,,Scone,Pastry,3.84,1,3.84,14.41,3
ORD-001495,2025-05-18 09:08:17,Sunday,Uptown,In Store,,Cash,CUST-3830,Iced Tea,Beverage,2.99,1,2.99,2.99,1
ORD-001776,2025-05-18 10:10:46,Sunday,Downtown,Mobile,,Debit Card,CUST-1807,Fruit Cup,Snack,3.85,1,3.85,3.85,1
ORD-002562,2025-05-18 10:20:53,Sunday,Riverside,In Store,,Debit Card,,Grilled Cheese,Food,6.82,2,13.64,31.91,3
ORD-002562,2025-05-18 10:20:53,Sunday,Riverside,In Store,,Debit Card,,Caesar Salad,Food,8.37,1,8.37,31.91,3
ORD-002562,2025-05-18 10:20:53,Sunday,Riverside,In Store,,Debit Card,,Mocha,Beverage,4.95,2,9.9,31.91,3
ORD-000166,2025-05-18 11:04:10,Sunday,Campus,In Store,,Debit Card,,Matcha Latte,Beverage,5.29,2,10.58,10.58,1
ORD-002070,2025-05-18 11:04:18,Sunday,Riverside,In Store,,Cash,,Iced Tea,Beverage,3.49,1,3.49,16.55,3
ORD-002070,2025-05-18 11:04:18,Sunday,Riverside,In Store,,Cash,,Croissant,Pastry,3.36,2,6.72,16.55,3
ORD-002070,2025-05-18 11:04:18,Sunday,Riverside,In Store,,Cash,,Grilled Cheese,Food,6.34,1,6.34,16.55,3
ORD-000312,2025-05-18 11:39:21,Sunday,Campus,In Store,,Mobile Wallet,CUST-3870,Blueberry Muffin,Pastry,3.51,3,10.53,24.79,3
ORD-000312,2025-05-18 11:39:21,Sunday,Campus,In Store,,Mobile Wallet,CUST-3870,Matcha Latte,Beverage,5.29,2,10.58,24.79,3
ORD-000312,2025-05-18 11:39:21,Sunday,Campus,In Store,,Mobile Wallet,CUST-3870,Croissant,Pastry,3.68,1,3.68,24.79,3
ORD-001491,2025-05-18 14:05:10,Sunday,Downtown,Mobile,,Debit Card,CUST-4195,Breakfast Burrito,Food,7.68,1,7.68,7.68,1
ORD-001130,2025-05-18 15:53:55,Sunday,Uptown,In Store,,Cash,CUST-1673,Caesar Salad,Food,8.25,1,8.25,8.25,1
ORD-001968,2025-05-18 17:40:03,Sunday,Riverside,Delivery,Uber Eats,Credit Card,CUST-4867,Fruit Cup,Snack,4.0,2,8.0,30.13,3
ORD-001968,2025-05-18 17:40:03,Sunday,Riverside,Delivery,Uber Eats,Credit Card,CUST-4867,Cold Brew,Beverage,4.75,3,14.25,30.13,3
ORD-001968,2025-05-18 17:40:03,Sunday,Riverside,Delivery,Uber Eats,Credit Card,CUST-4867,Cinnamon Roll,Pastry,3.94,2,7.88,30.13,3
ORD-000467,2025-05-18 18:34:51,Sunday,Campus,Mobile,,Mobile Wallet,CUST-3976,Mocha,Beverage,5.21,1,5.21,8.47,2
ORD-000467,2025-05-18 18:34:51,Sunday,Campus,Mobile,,Mobile Wallet,CUST-3976,Scone,Pastry,3.26,1,3.26,8.47,2
ORD-002306,2025-05-19 07:24:43,Monday,Uptown,Mobile,,Mobile Wallet,CUST-2694,Grilled Cheese,Food,6.63,1,6.63,14.41,2
ORD-002306,2025-05-19 07:24:43,Monday,Uptown,Mobile,,Mobile Wallet,CUST-2694,Hot Chocolate,Beverage,3.89,2,7.78,14.41,2
ORD-001496,2025-05-19 08:49:08,Monday,Downtown,In Store,,Debit Card,CUST-4446,Cinnamon Roll,Pastry,4.19,1,4.19,4.19,1
ORD-001724,2025-05-19 09:45:59,Monday,Campus,In Store,,Mobile Wallet,CUST-1807,Caesar Salad,Food,8.39,3,25.17,30.07,2
ORD-001724,2025-05-19 09:45:59,Monday,Campus,In Store,,Mobile Wallet,CUST-1807,Chai Latte,Beverage,4.9,1,4.9,30.07,2
ORD-001281,2025-05-19 10:59:46,Monday,Campus,In Store,,Cash,,Iced Tea,Beverage,3.45,1,3.45,14.86,4
ORD-001281,2025-05-19 10:59:46,Monday,Campus,In Store,,Cash,,Cold Brew,Beverage,5.13,1,5.13,14.86,4
ORD-001281,2025-05-19 10:59:46,Monday,Campus,In Store,,Cash,,Cappuccino,Beverage,4.01,1,4.01,14.86,4
ORD-001281,2025-05-19 10:59:46,Monday,Campus,In Store,,Cash,,Espresso Shot,Beverage,2.27,1,2.27,14.86,4
ORD-001916,2025-05-19 12:31:34,Monday,Uptown,In Store,,Debit Card,CUST-1400,Espresso Shot,Beverage,2.84,1,2.84,9.69,2
ORD-001916,2025-05-19 12:31:34,Monday,Uptown,In Store,,Debit Card,CUST-1400,Grilled Cheese,Food,6.85,1,6.85,9.69,2
ORD-000033,2025-05-20 10:57:34,Tuesday,Uptown,In Store,,Credit Card,,Mocha,Beverage,5.01,1,5.01,5.01,1
ORD-001006,2025-05-20 12:01:32,Tuesday,Downtown,In Store,,Mobile Wallet,CUST-1198,Espresso Shot,Beverage,2.88,2,5.76,10.22,2
ORD-001006,2025-05-20 12:01:32,Tuesday,Downtown,In Store,,Mobile Wallet,CUST-1198,Chai Latte,Beverage,4.46,1,4.46,10.22,2
ORD-000689,2025-05-20 15:39:06,Tuesday,Campus,Mobile,,Credit Card,CUST-3323,Bag of Chips,Snack,2.13,1,2.13,9.76,2
ORD-000689,2025-05-20 15:39:06,Tuesday,Campus,Mobile,,Credit Card,CUST-3323,Veggie Wrap,Food,7.63,1,7.63,9.76,2
ORD-000798,2025-05-20 17:11:18,Tuesday,Campus,In Store,,Debit Card,CUST-2454,Croissant,Pastry,3.59,1,3.59,7.91,2
ORD-000798,2025-05-20 17:11:18,Tuesday,Campus,In Store,,Debit Card,CUST-2454,Fruit Cup,Snack,4.32,1,4.32,7.91,2
ORD-000890,2025-05-21 07:14:53,Wednesday,Uptown,Mobile,,Credit Card,CUST-4584,Veggie Wrap,Food,7.61,2,15.22,15.22,1
ORD-001500,2025-05-21 07:33:21,Wednesday,Riverside,Mobile,,Mobile Wallet,CUST-3159,Granola & Yogurt Cup,Snack,5.03,1,5.03,7.51,2
ORD-001500,2025-05-21 07:33:21,Wednesday,Riverside,Mobile,,Mobile Wallet,CUST-3159,Bag of Chips,Snack,2.48,1,2.48,7.51,2
ORD-001504,2025-05-21 07:36:36,Wednesday,Downtown,In Store,,Cash,,Bag of Chips,Snack,2.42,2,4.84,12.37,3
ORD-001504,2025-05-21 07:36:36,Wednesday,Downtown,In Store,,Cash,,Cold Brew,Beverage,4.5,1,4.5,12.37,3
ORD-001504,2025-05-21 07:36:36,Wednesday,Downtown,In Store,,Cash,,Blueberry Muffin,Pastry,3.03,1,3.03,12.37,3
ORD-002284,2025-05-21 16:37:22,Wednesday,Downtown,Mobile,,Mobile Wallet,CUST-2406,Croissant,Pastry,3.6,1,3.6,3.6,1
ORD-002935,2025-05-21 17:30:09,Wednesday,Uptown,Mobile,,Mobile Wallet,CUST-4168,Avocado Toast,Food,8.01,1,8.01,8.01,1
ORD-002393,2025-05-22 06:48:39,Thursday,Downtown,In Store,,Cash,,Americano,Beverage,3.28,1,3.28,3.28,1
ORD-000591,2025-05-22 07:01:37,Thursday,Campus,In Store,,Cash,CUST-2089,Avocado Toast,Food,8.09,1,8.09,19.21,3
ORD-000591,2025-05-22 07:01:37,Thursday,Campus,In Store,,Cash,CUST-2089,Caesar Salad,Food,8.59,1,8.59,19.21,3
ORD-000591,2025-05-22 07:01:37,Thursday,Campus,In Store,,Cash,CUST-2089,Drip Coffee,Beverage,2.53,1,2.53,19.21,3
ORD-000022,2025-05-22 07:21:49,Thursday,Riverside,In Store,,Credit Card,,Chocolate Chip Cookie,Pastry,2.31,1,2.31,20.17,2
ORD-000022,2025-05-22 07:21:49,Thursday,Riverside,In Store,,Credit Card,,Turkey & Swiss Sandwich,Food,8.93,2,17.86,20.17,2
ORD-001932,2025-05-22 08:21:59,Thursday,Uptown,In Store,,Mobile Wallet,,Iced Tea,Beverage,2.86,1,2.86,13.83,3
ORD-001932,2025-05-22 08:21:59,Thursday,Uptown,In Store,,Mobile Wallet,,Cold Brew,Beverage,4.93,1,4.93,13.83,3
ORD-001932,2025-05-22 08:21:59,Thursday,Uptown,In Store,,Mobile Wallet,,Blueberry Muffin,Pastry,3.02,2,6.04,13.83,3
ORD-000877,2025-05-22 08:25:07,Thursday,Uptown,Mobile,,Credit Card,CUST-2816,Matcha Latte,Beverage,4.76,1,4.76,4.76,1
ORD-001861,2025-05-22 10:04:19,Thursday,Campus,Mobile,,Debit Card,CUST-2741,Chocolate Chip Cookie,Pastry,2.84,1,2.84,18.34,4
ORD-001861,2025-05-22 10:04:19,Thursday,Campus,Mobile,,Debit Card,CUST-2741,Fruit Cup,Snack,4.0,1,4.0,18.34,4
ORD-001861,2025-05-22 10:04:19,Thursday,Campus,Mobile,,Debit Card,CUST-2741,Veggie Wrap,Food,7.85,1,7.85,18.34,4
ORD-001861,2025-05-22 10:04:19,Thursday,Campus,Mobile,,Debit Card,CUST-2741,Scone,Pastry,3.65,1,3.65,18.34,4
ORD-002891,2025-05-22 11:14:44,Thursday,Campus,Mobile,,Credit Card,CUST-3903,Grilled Cheese,Food,6.28,1,6.28,14.43,2
ORD-002891,2025-05-22 11:14:44,Thursday,Campus,Mobile,,Credit Card,CUST-3903,Veggie Wrap,Food,8.15,1,8.15,14.43,2
ORD-000895,2025-05-22 12:57:46,Thursday,Campus,In Store,,Mobile Wallet,,Mocha,Beverage,4.87,1,4.87,21.09,4
ORD-000895,2025-05-22 12:57:46,Thursday,Campus,In Store,,Mobile Wallet,,Blueberry Muffin,Pastry,3.52,1,3.52,21.09,4
ORD-000895,2025-05-22 12:57:46,Thursday,Campus,In Store,,Mobile Wallet,,Cinnamon Roll,Pastry,4.32,1,4.32,21.09,4
ORD-000895,2025-05-22 12:57:46,Thursday,Campus,In Store,,Mobile Wallet,,Caesar Salad,Food,8.38,1,8.38,21.09,4
ORD-002344,2025-05-22 13:51:54,Thursday,Downtown,In Store,,Debit Card,CUST-2975,Granola & Yogurt Cup,Snack,4.76,1,4.76,15.81,3
ORD-002344,2025-05-22 13:51:54,Thursday,Downtown,In Store,,Debit Card,CUST-2975,Fruit Cup,Snack,3.93,1,3.93,15.81,3
ORD-002344,2025-05-22 13:51:54,Thursday,Downtown,In Store,,Debit Card,CUST-2975,Bagel w/ Cream Cheese,Pastry,3.56,2,7.12,15.81,3
ORD-001385,2025-05-22 14:32:49,Thursday,Campus,In Store,,Debit Card,,Croissant,Pastry,3.62,1,3.62,5.8,2
ORD-001385,2025-05-22 14:32:49,Thursday,Campus,In Store,,Debit Card,,Bag of Chips,Snack,2.18,1,2.18,5.8,2
ORD-000881,2025-05-22 17:40:32,Thursday,Riverside,In Store,,Debit Card,CUST-1414,Chai Latte,Beverage,4.33,1,4.33,16.5,3
ORD-000881,2025-05-22 17:40:32,Thursday,Riverside,In Store,,Debit Card,CUST-1414,Avocado Toast,Food,8.23,1,8.23,16.5,3
ORD-000881,2025-05-22 17:40:32,Thursday,Riverside,In Store,,Debit Card,CUST-1414,Bagel w/ Cream Cheese,Pastry,3.94,1,3.94,16.5,3
ORD-001606,2025-05-23 10:42:59,Friday,Campus,In Store,,Debit Card,CUST-4107,Croissant,Pastry,3.57,1,3.57,7.79,2
ORD-001606,2025-05-23 10:42:59,Friday,Campus,In Store,,Debit Card,CUST-4107,Bagel w/ Cream Cheese,Pastry,4.22,1,4.22,7.79,2
ORD-002855,2025-05-23 11:26:18,Friday,Downtown,In Store,,Cash,,Chocolate Chip Cookie,Pastry,2.76,2,5.52,26.78,4
ORD-002855,2025-05-23 11:26:18,Friday,Downtown,In Store,,Cash,,Drip Coffee,Beverage,2.56,1,2.56,26.78,4
ORD-002855,2025-05-23 11:26:18,Friday,Downtown,In Store,,Cash,,Avocado Toast,Food,7.96,2,15.92,26.78,4
ORD-002855,2025-05-23 11:26:18,Friday,Downtown,In Store,,Cash,,Iced Tea,Beverage,2.78,1,2.78,26.78,4
ORD-000741,2025-05-23 12:19:52,Friday,Downtown,Delivery,Grubhub,Debit Card,,Blueberry Muffin,Pastry,3.03,1,3.03,3.03,1
ORD-000470,2025-05-23 13:11:41,Friday,Campus,Mobile,,Credit Card,CUST-1226,Hot Chocolate,Beverage,4.04,2,8.08,27.53,4
ORD-000470,2025-05-23 13:11:41,Friday,Campus,Mobile,,Credit Card,CUST-1226,Cappuccino,Beverage,4.68,2,9.36,27.53,4
ORD-000470,2025-05-23 13:11:41,Friday,Campus,Mobile,,Credit Card,CUST-1226,Iced Tea,Beverage,3.02,1,3.02,27.53,4
ORD-000470,2025-05-23 13:11:41,Friday,Campus,Mobile,,Credit Card,CUST-1226,Breakfast Burrito,Food,7.07,1,7.07,27.53,4
ORD-001540,2025-05-23 13:15:55,Friday,Riverside,In Store,,Credit Card,CUST-4581,Chai Latte,Beverage,4.97,3,14.91,22.68,3
ORD-001540,2025-05-23 13:15:55,Friday,Riverside,In Store,,Credit Card,CUST-4581,Cinnamon Roll,Pastry,3.96,1,3.96,22.68,3
ORD-001540,2025-05-23 13:15:55,Friday,Riverside,In Store,,Credit Card,CUST-4581,Bagel w/ Cream Cheese,Pastry,3.81,1,3.81,22.68,3
ORD-000038,2025-05-23 14:53:26,Friday,Downtown,In Store,,Mobile Wallet,CUST-3209,Croissant,Pastry,3.3,1,3.3,3.3,1
ORD-002442,2025-05-23 15:15:55,Friday,Downtown,In Store,,Debit Card,,Caesar Salad,Food,8.23,1,8.23,8.23,1
ORD-001003,2025-05-23 16:11:14,Friday,Uptown,In Store,,Cash,CUST-1377,Avocado Toast,Food,8.35,1,8.35,24.47,2
ORD-001003,2025-05-23 16:11:14,Friday,Uptown,In Store,,Cash,CUST-1377,Veggie Wrap,Food,8.06,2,16.12,24.47,2
ORD-002109,2025-05-23 16:33:18,Friday,Campus,Mobile,,Mobile Wallet,CUST-1992,Caesar Salad,Food,8.74,2,17.48,24.27,2
ORD-002109,2025-05-23 16:33:18,Friday,Campus,Mobile,,Mobile Wallet,CUST-1992,Protein Box,Snack,6.79,1,6.79,24.27,2
ORD-000793,2025-05-23 19:12:41,Friday,Downtown,Mobile,,Debit Card,CUST-4429,Cold Brew,Beverage,4.8,2,9.6,29.26,3
ORD-000793,2025-05-23 19:12:41,Friday,Downtown,Mobile,,Debit Card,CUST-4429,Grilled Cheese,Food,6.64,2,13.28,29.26,3
ORD-000793,2025-05-23 19:12:41,Friday,Downtown,Mobile,,Debit Card,CUST-4429,Iced Tea,Beverage,3.19,2,6.38,29.26,3
ORD-002822,2025-05-23 19:28:56,Friday,Uptown,Mobile,,Mobile Wallet,CUST-1505,Protein Box,Snack,6.75,1,6.75,6.75,1
ORD-002798,2025-05-24 08:48:44,Saturday,Downtown,In Store,,Cash,CUST-2937,Hot Chocolate,Beverage,4.21,1,4.21,4.21,1
ORD-002577,2025-05-24 10:12:12,Saturday,Campus,Delivery,DoorDash,Mobile Wallet,,Drip Coffee,Beverage,3.06,1,3.06,23.02,3
ORD-002577,2025-05-24 10:12:12,Saturday,Campus,Delivery,DoorDash,Mobile Wallet,,Breakfast Burrito,Food,7.37,2,14.74,23.02,3
ORD-002577,2025-05-24 10:12:12,Saturday,Campus,Delivery,DoorDash,Mobile Wallet,,Matcha Latte,Beverage,5.22,1,5.22,23.02,3
ORD-001897,2025-05-24 14:50:47,Saturday,Uptown,In Store,,Mobile Wallet,,Avocado Toast,Food,7.89,1,7.89,15.43,2
ORD-001897,2025-05-24 14:50:47,Saturday,Uptown,In Store,,Mobile Wallet,,Veggie Wrap,Food,7.54,1,7.54,15.43,2
ORD-000551,2025-05-24 16:54:32,Saturday,Campus,Delivery,Grubhub,Credit Card,CUST-2927,Cappuccino,Beverage,4.38,1,4.38,16.79,3
ORD-000551,2025-05-24 16:54:32,Saturday,Campus,Delivery,Grubhub,Credit Card,CUST-2927,Breakfast Burrito,Food,7.56,1,7.56,16.79,3
ORD-000551,2025-05-24 16:54:32,Saturday,Campus,Delivery,Grubhub,Credit Card,CUST-2927,Cold Brew,Beverage,4.85,1,4.85,16.79,3
ORD-002690,2025-05-25 08:20:13,Sunday,Uptown,In Store,,Credit Card,CUST-2474,Fruit Cup,Snack,3.78,1,3.78,21.25,4
ORD-002690,2025-05-25 08:20:13,Sunday,Uptown,In Store,,Credit Card,CUST-2474,Cold Brew,Beverage,4.89,2,9.78,21.25,4
ORD-002690,2025-05-25 08:20:13,Sunday,Uptown,In Store,,Credit Card,CUST-2474,Cinnamon Roll,Pastry,4.0,1,4.0,21.25,4
ORD-002690,2025-05-25 08:20:13,Sunday,Uptown,In Store,,Credit Card,CUST-2474,Bagel w/ Cream Cheese,Pastry,3.69,1,3.69,21.25,4
ORD-000961,2025-05-25 09:23:32,Sunday,Uptown,In Store,,Debit Card,CUST-2339,Hot Chocolate,Beverage,3.79,1,3.79,25.27,4
ORD-000961,2025-05-25 09:23:32,Sunday,Uptown,In Store,,Debit Card,CUST-2339,Veggie Wrap,Food,7.65,1,7.65,25.27,4
ORD-000961,2025-05-25 09:23:32,Sunday,Uptown,In Store,,Debit Card,CUST-2339,Americano,Beverage,3.5,3,10.5,25.27,4
ORD-000961,2025-05-25 09:23:32,Sunday,Uptown,In Store,,Debit Card,CUST-2339,Blueberry Muffin,Pastry,3.33,1,3.33,25.27,4
ORD-002104,2025-05-25 11:43:16,Sunday,Riverside,Mobile,,Debit Card,CUST-2249,Hot Chocolate,Beverage,4.2,1,4.2,18.78,2
ORD-002104,2025-05-25 11:43:16,Sunday,Riverside,Mobile,,Debit Card,CUST-2249,Cold Brew,Beverage,4.86,3,14.58,18.78,2
ORD-002464,2025-05-25 12:12:48,Sunday,Downtown,Delivery,Uber Eats,Debit Card,,Mocha,Beverage,5.41,1,5.41,17.34,3
ORD-002464,2025-05-25 12:12:48,Sunday,Downtown,Delivery,Uber Eats,Debit Card,,Granola & Yogurt Cup,Snack,4.89,1,4.89,17.34,3
ORD-002464,2025-05-25 12:12:48,Sunday,Downtown,Delivery,Uber Eats,Debit Card,,Breakfast Burrito,Food,7.04,1,7.04,17.34,3
ORD-002676,2025-05-25 14:01:21,Sunday,Downtown,Delivery,Grubhub,Mobile Wallet,,Grilled Cheese,Food,6.97,1,6.97,6.97,1
ORD-002731,2025-05-26 07:46:36,Monday,Uptown,In Store,,Debit Card,CUST-1757,Espresso Shot,Beverage,2.8,2,5.6,5.6,1
ORD-001973,2025-05-26 08:15:07,Monday,Campus,In Store,,Credit Card,,Granola & Yogurt Cup,Snack,5.31,3,15.93,22.59,3
ORD-001973,2025-05-26 08:15:07,Monday,Campus,In Store,,Credit Card,,Chocolate Chip Cookie,Pastry,2.68,1,2.68,22.59,3
ORD-001973,2025-05-26 08:15:07,Monday,Campus,In Store,,Credit Card,,Cinnamon Roll,Pastry,3.98,1,3.98,22.59,3
ORD-000513,2025-05-26 08:32:35,Monday,Riverside,In Store,,Credit Card,CUST-4646,Matcha Latte,Beverage,5.13,1,5.13,25.87,3
ORD-000513,2025-05-26 08:32:35,Monday,Riverside,In Store,,Credit Card,CUST-4646,Chai Latte,Beverage,4.88,1,4.88,25.87,3
ORD-000513,2025-05-26 08:32:35,Monday,Riverside,In Store,,Credit Card,CUST-4646,Avocado Toast,Food,7.93,2,15.86,25.87,3
ORD-002443,2025-05-26 08:35:28,Monday,Campus,In Store,,Credit Card,,Cappuccino,Beverage,4.55,2,9.1,20.04,3
ORD-002443,2025-05-26 08:35:28,Monday,Campus,In Store,,Credit Card,,Cold Brew,Beverage,5.1,1,5.1,20.04,3
ORD-002443,2025-05-26 08:35:28,Monday,Campus,In Store,,Credit Card,,Chocolate Chip Cookie,Pastry,2.92,2,5.84,20.04,3
ORD-001837,2025-05-26 09:35:11,Monday,Uptown,In Store,,Debit Card,CUST-2842,Iced Tea,Beverage,2.77,2,5.54,5.54,1
ORD-001032,2025-05-26 10:26:37,Monday,Downtown,Mobile,,Debit Card,CUST-4397,Chai Latte,Beverage,4.75,2,9.5,42.14,4
ORD-001032,2025-05-26 10:26:37,Monday,Downtown,Mobile,,Debit Card,CUST-4397,Cinnamon Roll,Pastry,4.38,2,8.76,42.14,4
ORD-001032,2025-05-26 10:26:37,Monday,Downtown,Mobile,,Debit Card,CUST-4397,Breakfast Burrito,Food,7.2,1,7.2,42.14,4
ORD-001032,2025-05-26 10:26:37,Monday,Downtown,Mobile,,Debit Card,CUST-4397,Avocado Toast,Food,8.34,2,16.68,42.14,4
ORD-001990,2025-05-26 12:13:26,Monday,Downtown,In Store,,Debit Card,,Latte,Beverage,4.53,2,9.06,9.06,1
ORD-000489,2025-05-26 13:43:07,Monday,Downtown,In Store,,Debit Card,CUST-1332,Caesar Salad,Food,8.49,1,8.49,15.21,2
ORD-000489,2025-05-26 13:43:07,Monday,Downtown,In Store,,Debit Card,CUST-1332,Grilled Cheese,Food,6.72,1,6.72,15.21,2
ORD-002759,2025-05-26 19:43:42,Monday,Uptown,In Store,,Mobile Wallet,,Croissant,Pastry,3.74,1,3.74,3.74,1
ORD-002854,2025-05-27 08:23:02,Tuesday,Campus,In Store,,Mobile Wallet,,Chai Latte,Beverage,4.84,1,4.84,8.53,2
ORD-002854,2025-05-27 08:23:02,Tuesday,Campus,In Store,,Mobile Wallet,,Bagel w/ Cream Cheese,Pastry,3.69,1,3.69,8.53,2
ORD-002199,2025-05-27 10:31:52,Tuesday,Riverside,In Store,,Mobile Wallet,,Matcha Latte,Beverage,5.48,1,5.48,13.66,2
ORD-002199,2025-05-27 10:31:52,Tuesday,Riverside,In Store,,Mobile Wallet,,Hot Chocolate,Beverage,4.09,2,8.18,13.66,2
ORD-000395,2025-05-27 11:08:32,Tuesday,Riverside,In Store,,Debit Card,CUST-2150,Matcha Latte,Beverage,4.83,1,4.83,4.83,1
ORD-002178,2025-05-27 13:17:51,Tuesday,Riverside,In Store,,Mobile Wallet,CUST-2928,Caesar Salad,Food,8.45,1,8.45,13.28,2
ORD-002178,2025-05-27 13:17:51,Tuesday,Riverside,In Store,,Mobile Wallet,CUST-2928,Matcha Latte,Beverage,4.83,1,4.83,13.28,2
ORD-000303,2025-05-27 14:38:03,Tuesday,Uptown,Delivery,Uber Eats,Mobile Wallet,,Caesar Salad,Food,8.39,2,16.78,16.78,1
ORD-002131,2025-05-27 17:35:14,Tuesday,Uptown,Mobile,,Mobile Wallet,CUST-2281,Caesar Salad,Food,8.11,2,16.22,16.22,1
ORD-001925,2025-05-27 18:07:33,Tuesday,Riverside,In Store,,Cash,CUST-4773,Scone,Pastry,3.26,1,3.26,6.38,2
ORD-001925,2025-05-27 18:07:33,Tuesday,Riverside,In Store,,Cash,CUST-4773,Drip Coffee,Beverage,3.12,1,3.12,6.38,2
ORD-001576,2025-05-27 18:14:32,Tuesday,Downtown,In Store,,Cash,,Veggie Wrap,Food,8.13,2,16.26,19.67,2
ORD-001576,2025-05-27 18:14:32,Tuesday,Downtown,In Store,,Cash,,Croissant,Pastry,3.41,1,3.41,19.67,2
ORD-001177,2025-05-27 18:31:30,Tuesday,Uptown,In Store,,Credit Card,,Cold Brew,Beverage,4.95,1,4.95,13.31,3
ORD-001177,2025-05-27 18:31:30,Tuesday,Uptown,In Store,,Credit Card,,Mocha,Beverage,5.38,1,5.38,13.31,3
ORD-001177,2025-05-27 18:31:30,Tuesday,Uptown,In Store,,Credit Card,,Chocolate Chip Cookie,Pastry,2.98,1,2.98,13.31,3
ORD-000349,2025-05-28 06:44:51,Wednesday,Campus,In Store,,Mobile Wallet,CUST-1856,Turkey & Swiss Sandwich,Food,8.99,1,8.99,17.75,3
ORD-000349,2025-05-28 06:44:51,Wednesday,Campus,In Store,,Mobile Wallet,CUST-1856,Mocha,Beverage,5.11,1,5.11,17.75,3
ORD-000349,2025-05-28 06:44:51,Wednesday,Campus,In Store,,Mobile Wallet,CUST-1856,Scone,Pastry,3.65,1,3.65,17.75,3
ORD-002802,2025-05-28 08:44:56,Wednesday,Downtown,In Store,,Credit Card,,Chocolate Chip Cookie,Pastry,2.84,1,2.84,2.84,1
ORD-001254,2025-05-28 09:44:23,Wednesday,Downtown,Mobile,,Credit Card,CUST-2608,Blueberry Muffin,Pastry,3.12,2,6.24,10.1,2
ORD-001254,2025-05-28 09:44:23,Wednesday,Downtown,Mobile,,Credit Card,CUST-2608,Fruit Cup,Snack,3.86,1,3.86,10.1,2
ORD-000454,2025-05-28 12:02:05,Wednesday,Downtown,In Store,,Mobile Wallet,CUST-3459,Cinnamon Roll,Pastry,4.42,2,8.84,23.36,3
ORD-000454,2025-05-28 12:02:05,Wednesday,Downtown,In Store,,Mobile Wallet,CUST-3459,Bag of Chips,Snack,2.07,3,6.21,23.36,3
ORD-000454,2025-05-28 12:02:05,Wednesday,Downtown,In Store,,Mobile Wallet,CUST-3459,Caesar Salad,Food,8.31,1,8.31,23.36,3
ORD-001004,2025-05-28 12:27:57,Wednesday,Downtown,In Store,,Credit Card,,Fruit Cup,Snack,4.31,1,4.31,4.31,1
ORD-001076,2025-05-28 12:50:02,Wednesday,Campus,In Store,,Cash,,Breakfast Burrito,Food,7.28,2,14.56,19.31,2
ORD-001076,2025-05-28 12:50:02,Wednesday,Campus,In Store,,Cash,,Latte,Beverage,4.75,1,4.75,19.31,2
ORD-002229,2025-05-28 13:15:09,Wednesday,Downtown,In Store,,Cash,,Matcha Latte,Beverage,5.27,1,5.27,23.4,4
ORD-002229,2025-05-28 13:15:09,Wednesday,Downtown,In Store,,Cash,,Avocado Toast,Food,8.29,1,8.29,23.4,4
ORD-002229,2025-05-28 13:15:09,Wednesday,Downtown,In Store,,Cash,,Granola & Yogurt Cup,Snack,4.91,1,4.91,23.4,4
ORD-002229,2025-05-28 13:15:09,Wednesday,Downtown,In Store,,Cash,,Chai Latte,Beverage,4.93,1,4.93,23.4,4
ORD-000939,2025-05-28 14:37:55,Wednesday,Campus,Mobile,,Credit Card,CUST-3079,Cold Brew,Beverage,4.7,3,14.1,14.1,1
ORD-002291,2025-05-28 14:51:51,Wednesday,Campus,In Store,,Cash,CUST-1254,Breakfast Burrito,Food,7.67,1,7.67,20.92,3
ORD-002291,2025-05-28 14:51:51,Wednesday,Campus,In Store,,Cash,CUST-1254,Croissant,Pastry,3.77,1,3.77,20.92,3
ORD-002291,2025-05-28 14:51:51,Wednesday,Campus,In Store,,Cash,CUST-1254,Iced Tea,Beverage,3.16,3,9.48,20.92,3
ORD-001035,2025-05-28 15:54:15,Wednesday,Campus,Delivery,Grubhub,Mobile Wallet,CUST-3232,Drip Coffee,Beverage,2.99,1,2.99,21.84,3
ORD-001035,2025-05-28 15:54:15,Wednesday,Campus,Delivery,Grubhub,Mobile Wallet,CUST-3232,Caesar Salad,Food,8.02,2,16.04,21.84,3
ORD-001035,2025-05-28 15:54:15,Wednesday,Campus,Delivery,Grubhub,Mobile Wallet,CUST-3232,Chocolate Chip Cookie,Pastry,2.81,1,2.81,21.84,3
ORD-001649,2025-05-29 06:20:18,Thursday,Campus,In Store,,Mobile Wallet,,Grilled Cheese,Food,6.32,1,6.32,10.85,2
ORD-001649,2025-05-29 06:20:18,Thursday,Campus,In Store,,Mobile Wallet,,Latte,Beverage,4.53,1,4.53,10.85,2
ORD-001602,2025-05-29 07:33:03,Thursday,Downtown,In Store,,Credit Card,,Veggie Wrap,Food,7.73,1,7.73,7.73,1
ORD-002502,2025-05-29 08:57:47,Thursday,Campus,In Store,,Mobile Wallet,,Fruit Cup,Snack,4.03,1,4.03,4.03,1
ORD-001152,2025-05-29 09:01:36,Thursday,Riverside,In Store,,Mobile Wallet,,Cold Brew,Beverage,5.15,2,10.3,21.24,3
ORD-001152,2025-05-29 09:01:36,Thursday,Riverside,In Store,,Mobile Wallet,,Cinnamon Roll,Pastry,3.89,1,3.89,21.24,3
ORD-001152,2025-05-29 09:01:36,Thursday,Riverside,In Store,,Mobile Wallet,,Breakfast Burrito,Food,7.05,1,7.05,21.24,3
ORD-001587,2025-05-29 09:11:55,Thursday,Uptown,In Store,,Debit Card,CUST-1671,Blueberry Muffin,Pastry,3.18,1,3.18,14.2,3
ORD-001587,2025-05-29 09:11:55,Thursday,Uptown,In Store,,Debit Card,CUST-1671,Cinnamon Roll,Pastry,3.87,1,3.87,14.2,3
ORD-001587,2025-05-29 09:11:55,Thursday,Uptown,In Store,,Debit Card,CUST-1671,Protein Box,Snack,7.15,1,7.15,14.2,3
ORD-000254,2025-05-29 10:43:20,Thursday,Downtown,In Store,,Cash,,Drip Coffee,Beverage,2.77,1,2.77,36.91,4
ORD-000254,2025-05-29 10:43:20,Thursday,Downtown,In Store,,Cash,,Espresso Shot,Beverage,2.72,1,2.72,36.91,4
ORD-000254,2025-05-29 10:43:20,Thursday,Downtown,In Store,,Cash,,Caesar Salad,Food,8.07,2,16.14,36.91,4
ORD-000254,2025-05-29 10:43:20,Thursday,Downtown,In Store,,Cash,,Veggie Wrap,Food,7.64,2,15.28,36.91,4
ORD-002541,2025-05-29 11:50:37,Thursday,Downtown,Mobile,,Credit Card,CUST-3702,Fruit Cup,Snack,4.26,1,4.26,7.13,2
ORD-002541,2025-05-29 11:50:37,Thursday,Downtown,Mobile,,Credit Card,CUST-3702,Iced Tea,Beverage,2.87,1,2.87,7.13,2
ORD-002870,2025-05-29 12:26:10,Thursday,Uptown,In Store,,Credit Card,,Drip Coffee,Beverage,3.13,1,3.13,11.21,3
ORD-002870,2025-05-29 12:26:10,Thursday,Uptown,In Store,,Credit Card,,Chocolate Chip Cookie,Pastry,2.94,1,2.94,11.21,3
ORD-002870,2025-05-29 12:26:10,Thursday,Uptown,In Store,,Credit Card,,Matcha Latte,Beverage,5.14,1,5.14,11.21,3
ORD-002411,2025-05-29 13:24:01,Thursday,Uptown,In Store,,Cash,CUST-4467,Cinnamon Roll,Pastry,4.02,1,4.02,4.02,1
ORD-002695,2025-05-29 15:20:50,Thursday,Downtown,In Store,,Cash,,Cinnamon Roll,Pastry,4.46,1,4.46,4.46,1
ORD-002047,2025-05-29 15:21:35,Thursday,Riverside,In Store,,Cash,,Avocado Toast,Food,8.32,2,16.64,16.64,1
ORD-002383,2025-05-30 08:07:15,Friday,Riverside,In Store,,Mobile Wallet,,Granola & Yogurt Cup,Snack,5.43,1,5.43,5.43,1
ORD-001717,2025-05-30 08:28:55,Friday,Uptown,Mobile,,Debit Card,CUST-1260,Cold Brew,Beverage,5.18,3,15.54,24.68,3
ORD-001717,2025-05-30 08:28:55,Friday,Uptown,Mobile,,Debit Card,CUST-1260,Matcha Latte,Beverage,5.38,1,5.38,24.68,3
ORD-001717,2025-05-30 08:28:55,Friday,Uptown,Mobile,,Debit Card,CUST-1260,Bagel w/ Cream Cheese,Pastry,3.76,1,3.76,24.68,3
ORD-001676,2025-05-30 08:54:49,Friday,Riverside,In Store,,Debit Card,,Latte,Beverage,4.77,1,4.77,17.57,4
ORD-001676,2025-05-30 08:54:49,Friday,Riverside,In Store,,Debit Card,,Mocha,Beverage,5.2,1,5.2,17.57,4
ORD-001676,2025-05-30 08:54:49,Friday,Riverside,In Store,,Debit Card,,Cappuccino,Beverage,4.15,1,4.15,17.57,4
ORD-001676,2025-05-30 08:54:49,Friday,Riverside,In Store,,Debit Card,,Iced Tea,Beverage,3.45,1,3.45,17.57,4
ORD-000360,2025-05-30 11:56:19,Friday,Riverside,Mobile,,Debit Card,CUST-1681,Breakfast Burrito,Food,7.68,1,7.68,12.41,2
ORD-000360,2025-05-30 11:56:19,Friday,Riverside,Mobile,,Debit Card,CUST-1681,Latte,Beverage,4.73,1,4.73,12.41,2
ORD-001790,2025-05-30 12:47:18,Friday,Uptown,Mobile,,Credit Card,CUST-3135,Hot Chocolate,Beverage,4.01,2,8.02,30.78,4
ORD-001790,2025-05-30 12:47:18,Friday,Uptown,Mobile,,Credit Card,CUST-3135,Chai Latte,Beverage,4.75,2,9.5,30.78,4
ORD-001790,2025-05-30 12:47:18,Friday,Uptown,Mobile,,Credit Card,CUST-3135,Mocha,Beverage,5.16,1,5.16,30.78,4
ORD-001790,2025-05-30 12:47:18,Friday,Uptown,Mobile,,Credit Card,CUST-3135,Veggie Wrap,Food,8.1,1,8.1,30.78,4
ORD-001363,2025-05-30 15:34:01,Friday,Riverside,In Store,,Cash,,Veggie Wrap,Food,7.8,1,7.8,7.8,1
ORD-000713,2025-05-31 06:02:13,Saturday,Downtown,In Store,,Cash,,Croissant,Pastry,3.25,1,3.25,3.25,1
ORD-001372,2025-05-31 11:01:16,Saturday,Campus,In Store,,Mobile Wallet,CUST-2181,Iced Tea,Beverage,3.08,1,3.08,21.77,3
ORD-001372,2025-05-31 11:01:16,Saturday,Campus,In Store,,Mobile Wallet,CUST-2181,Croissant,Pastry,3.89,1,3.89,21.77,3
ORD-001372,2025-05-31 11:01:16,Saturday,Campus,In Store,,Mobile Wallet,CUST-2181,Breakfast Burrito,Food,7.4,2,14.8,21.77,3
ORD-001160,2025-05-31 12:27:24,Saturday,Downtown,In Store,,Credit Card,,Fruit Cup,Snack,4.29,1,4.29,18.76,4
ORD-001160,2025-05-31 12:27:24,Saturday,Downtown,In Store,,Credit Card,,Scone,Pastry,3.62,1,3.62,18.76,4
ORD-001160,2025-05-31 12:27:24,Saturday,Downtown,In Store,,Credit Card,,Hot Chocolate,Beverage,3.58,1,3.58,18.76,4
ORD-001160,2025-05-31 12:27:24,Saturday,Downtown,In Store,,Credit Card,,Protein Box,Snack,7.27,1,7.27,18.76,4
ORD-000751,2025-05-31 13:10:23,Saturday,Uptown,In Store,,Cash,CUST-1866,Fruit Cup,Snack,4.14,1,4.14,14.83,3
ORD-000751,2025-05-31 13:10:23,Saturday,Uptown,In Store,,Cash,CUST-1866,Grilled Cheese,Food,6.95,1,6.95,14.83,3
ORD-000751,2025-05-31 13:10:23,Saturday,Uptown,In Store,,Cash,CUST-1866,Scone,Pastry,3.74,1,3.74,14.83,3
ORD-000504,2025-05-31 14:24:26,Saturday,Riverside,Mobile,,Debit Card,CUST-4275,Grilled Cheese,Food,6.41,1,6.41,27.59,5
ORD-000504,2025-05-31 14:24:26,Saturday,Riverside,Mobile,,Debit Card,CUST-4275,Mocha,Beverage,4.78,1,4.78,27.59,5
ORD-000504,2025-05-31 14:24:26,Saturday,Riverside,Mobile,,Debit Card,CUST-4275,Breakfast Burrito,Food,7.15,1,7.15,27.59,5
ORD-000504,2025-05-31 14:24:26,Saturday,Riverside,Mobile,,Debit Card,CUST-4275,Cold Brew,Beverage,5.0,1,5.0,27.59,5
ORD-000504,2025-05-31 14:24:26,Saturday,Riverside,Mobile,,Debit Card,CUST-4275,Hot Chocolate,Beverage,4.25,1,4.25,27.59,5
ORD-002522,2025-05-31 20:21:30,Saturday,Uptown,Mobile,,Credit Card,CUST-3587,Hot Chocolate,Beverage,3.68,1,3.68,10.4,2
ORD-002522,2025-05-31 20:21:30,Saturday,Uptown,Mobile,,Credit Card,CUST-3587,Grilled Cheese,Food,6.72,1,6.72,10.4,2
ORD-002689,2025-06-01 06:14:32,Sunday,Campus,In Store,,Credit Card,,Cinnamon Roll,Pastry,4.4,1,4.4,20.77,3
ORD-002689,2025-06-01 06:14:32,Sunday,Campus,In Store,,Credit Card,,Veggie Wrap,Food,7.86,1,7.86,20.77,3
ORD-002689,2025-06-01 06:14:32,Sunday,Campus,In Store,,Credit Card,,Turkey & Swiss Sandwich,Food,8.51,1,8.51,20.77,3
ORD-000578,2025-06-01 08:24:13,Sunday,Uptown,Mobile,,Mobile Wallet,CUST-3449,Granola & Yogurt Cup,Snack,5.29,1,5.29,20.42,5
ORD-000578,2025-06-01 08:24:13,Sunday,Uptown,Mobile,,Mobile Wallet,CUST-3449,Espresso Shot,Beverage,2.42,1,2.42,20.42,5
ORD-000578,2025-06-01 08:24:13,Sunday,Uptown,Mobile,,Mobile Wallet,CUST-3449,Iced Tea,Beverage,3.36,1,3.36,20.42,5
ORD-000578,2025-06-01 08:24:13,Sunday,Uptown,Mobile,,Mobile Wallet,CUST-3449,Matcha Latte,Beverage,5.01,1,5.01,20.42,5
ORD-000578,2025-06-01 08:24:13,Sunday,Uptown,Mobile,,Mobile Wallet,CUST-3449,Cinnamon Roll,Pastry,4.34,1,4.34,20.42,5
ORD-002041,2025-06-01 08:30:16,Sunday,Downtown,Mobile,,Debit Card,CUST-3792,Grilled Cheese,Food,6.8,1,6.8,18.21,3
ORD-002041,2025-06-01 08:30:16,Sunday,Downtown,Mobile,,Debit Card,CUST-3792,Breakfast Burrito,Food,7.24,1,7.24,18.21,3
ORD-002041,2025-06-01 08:30:16,Sunday,Downtown,Mobile,,Debit Card,CUST-3792,Bagel w/ Cream Cheese,Pastry,4.17,1,4.17,18.21,3
ORD-000891,2025-06-01 09:01:54,Sunday,Campus,Mobile,,Debit Card,CUST-3278,Avocado Toast,Food,8.34,1,8.34,13.51,2
ORD-000891,2025-06-01 09:01:54,Sunday,Campus,Mobile,,Debit Card,CUST-3278,Mocha,Beverage,5.17,1,5.17,13.51,2
ORD-001116,2025-06-01 09:37:03,Sunday,Uptown,Mobile,,Mobile Wallet,CUST-2323,Blueberry Muffin,Pastry,3.03,1,3.03,3.03,1
ORD-001012,2025-06-01 10:22:29,Sunday,Campus,Delivery,Grubhub,Credit Card,CUST-4363,Bagel w/ Cream Cheese,Pastry,4.15,2,8.3,12.81,2
ORD-001012,2025-06-01 10:22:29,Sunday,Campus,Delivery,Grubhub,Credit Card,CUST-4363,Latte,Beverage,4.51,1,4.51,12.81,2
ORD-000952,2025-06-01 14:47:56,Sunday,Riverside,In Store,,Credit Card,,Bag of Chips,Snack,1.9,1,1.9,4.42,2
ORD-000952,2025-06-01 14:47:56,Sunday,Riverside,In Store,,Credit Card,,Drip Coffee,Beverage,2.52,1,2.52,4.42,2
ORD-000163,2025-06-01 15:45:04,Sunday,Uptown,In Store,,Mobile Wallet,,Granola & Yogurt Cup,Snack,4.78,1,4.78,8.01,2
ORD-000163,2025-06-01 15:45:04,Sunday,Uptown,In Store,,Mobile Wallet,,Blueberry Muffin,Pastry,3.23,1,3.23,8.01,2
ORD-000601,2025-06-01 16:31:43,Sunday,Riverside,In Store,,Credit Card,,Bag of Chips,Snack,1.98,1,1.98,35.34,3
ORD-000601,2025-06-01 16:31:43,Sunday,Riverside,In Store,,Credit Card,,Grilled Cheese,Food,6.34,3,19.02,35.34,3
ORD-000601,2025-06-01 16:31:43,Sunday,Riverside,In Store,,Credit Card,,Latte,Beverage,4.78,3,14.34,35.34,3
ORD-001534,2025-06-01 16:53:33,Sunday,Downtown,In Store,,Cash,,Caesar Salad,Food,8.71,3,26.13,34.32,2
ORD-001534,2025-06-01 16:53:33,Sunday,Downtown,In Store,,Cash,,Avocado Toast,Food,8.19,1,8.19,34.32,2
ORD-002616,2025-06-02 11:03:43,Monday,Uptown,Mobile,,Credit Card,CUST-1083,Turkey & Swiss Sandwich,Food,8.73,1,8.73,12.37,2
ORD-002616,2025-06-02 11:03:43,Monday,Uptown,Mobile,,Credit Card,CUST-1083,Croissant,Pastry,3.64,1,3.64,12.37,2
ORD-002558,2025-06-02 11:49:20,Monday,Downtown,In Store,,Cash,CUST-4967,Espresso Shot,Beverage,2.53,1,2.53,15.01,2
ORD-002558,2025-06-02 11:49:20,Monday,Downtown,In Store,,Cash,CUST-4967,Hot Chocolate,Beverage,4.16,3,12.48,15.01,2
ORD-002900,2025-06-02 13:08:41,Monday,Downtown,In Store,,Credit Card,,Hot Chocolate,Beverage,3.66,1,3.66,8.87,2
ORD-002900,2025-06-02 13:08:41,Monday,Downtown,In Store,,Credit Card,,Mocha,Beverage,5.21,1,5.21,8.87,2
ORD-000814,2025-06-02 13:38:07,Monday,Downtown,In Store,,Mobile Wallet,CUST-1344,Espresso Shot,Beverage,2.62,1,2.62,12.54,2
ORD-000814,2025-06-02 13:38:07,Monday,Downtown,In Store,,Mobile Wallet,CUST-1344,Granola & Yogurt Cup,Snack,4.96,2,9.92,12.54,2
ORD-001313,2025-06-02 19:48:16,Monday,Riverside,Mobile,,Mobile Wallet,CUST-1906,Matcha Latte,Beverage,5.34,1,5.34,5.34,1
ORD-002003,2025-06-03 10:14:04,Tuesday,Downtown,Mobile,,Mobile Wallet,CUST-1129,Veggie Wrap,Food,8.0,1,8.0,19.18,3
ORD-002003,2025-06-03 10:14:04,Tuesday,Downtown,Mobile,,Mobile Wallet,CUST-1129,Blueberry Muffin,Pastry,3.09,1,3.09,19.18,3
ORD-002003,2025-06-03 10:14:04,Tuesday,Downtown,Mobile,,Mobile Wallet,CUST-1129,Caesar Salad,Food,8.09,1,8.09,19.18,3
ORD-001503,2025-06-03 11:35:26,Tuesday,Riverside,In Store,,Credit Card,,Cold Brew,Beverage,4.68,1,4.68,4.68,1
ORD-002245,2025-06-03 14:23:41,Tuesday,Campus,In Store,,Credit Card,,Blueberry Muffin,Pastry,3.72,1,3.72,3.72,1
ORD-000468,2025-06-03 16:26:20,Tuesday,Downtown,Mobile,,Mobile Wallet,CUST-1833,Hot Chocolate,Beverage,3.64,1,3.64,10.63,3
ORD-000468,2025-06-03 16:26:20,Tuesday,Downtown,Mobile,,Mobile Wallet,CUST-1833,Bag of Chips,Snack,2.05,1,2.05,10.63,3
ORD-000468,2025-06-03 16:26:20,Tuesday,Downtown,Mobile,,Mobile Wallet,CUST-1833,Matcha Latte,Beverage,4.94,1,4.94,10.63,3
ORD-000067,2025-06-04 08:24:54,Wednesday,Uptown,In Store,,Mobile Wallet,,Hot Chocolate,Beverage,3.51,1,3.51,10.38,2
ORD-000067,2025-06-04 08:24:54,Wednesday,Uptown,In Store,,Mobile Wallet,,Grilled Cheese,Food,6.87,1,6.87,10.38,2
ORD-002326,2025-06-04 08:44:55,Wednesday,Riverside,In Store,,Cash,,Espresso Shot,Beverage,2.38,2,4.76,30.34,5
ORD-002326,2025-06-04 08:44:55,Wednesday,Riverside,In Store,,Cash,,Cinnamon Roll,Pastry,4.31,2,8.62,30.34,5
ORD-002326,2025-06-04 08:44:55,Wednesday,Riverside,In Store,,Cash,,Latte,Beverage,4.33,1,4.33,30.34,5
ORD-002326,2025-06-04 08:44:55,Wednesday,Riverside,In Store,,Cash,,Chai Latte,Beverage,4.6,1,4.6,30.34,5
ORD-002326,2025-06-04 08:44:55,Wednesday,Riverside,In Store,,Cash,,Veggie Wrap,Food,8.03,1,8.03,30.34,5
ORD-001608,2025-06-04 09:49:32,Wednesday,Campus,In Store,,Debit Card,CUST-4283,Chocolate Chip Cookie,Pastry,2.87,2,5.74,20.37,3
ORD-001608,2025-06-04 09:49:32,Wednesday,Campus,In Store,,Debit Card,CUST-4283,Mocha,Beverage,5.45,2,10.9,20.37,3
ORD-001608,2025-06-04 09:49:32,Wednesday,Campus,In Store,,Debit Card,CUST-4283,Scone,Pastry,3.73,1,3.73,20.37,3
ORD-000078,2025-06-04 11:01:03,Wednesday,Campus,Delivery,Grubhub,Debit Card,CUST-3917,Espresso Shot,Beverage,2.59,1,2.59,17.71,4
ORD-000078,2025-06-04 11:01:03,Wednesday,Campus,Delivery,Grubhub,Debit Card,CUST-3917,Iced Tea,Beverage,3.16,1,3.16,17.71,4
ORD-000078,2025-06-04 11:01:03,Wednesday,Campus,Delivery,Grubhub,Debit Card,CUST-3917,Cappuccino,Beverage,4.21,1,4.21,17.71,4
ORD-000078,2025-06-04 11:01:03,Wednesday,Campus,Delivery,Grubhub,Debit Card,CUST-3917,Breakfast Burrito,Food,7.75,1,7.75,17.71,4
ORD-002345,2025-06-04 13:13:22,Wednesday,Downtown,In Store,,Cash,,Avocado Toast,Food,8.16,1,8.16,13.14,2
ORD-002345,2025-06-04 13:13:22,Wednesday,Downtown,In Store,,Cash,,Latte,Beverage,4.98,1,4.98,13.14,2
ORD-001274,2025-06-04 13:24:10,Wednesday,Uptown,In Store,,Credit Card,,Bag of Chips,Snack,2.48,1,2.48,6.07,2
ORD-001274,2025-06-04 13:24:10,Wednesday,Uptown,In Store,,Credit Card,,Americano,Beverage,3.59,1,3.59,6.07,2
ORD-002137,2025-06-04 14:46:14,Wednesday,Riverside,In Store,,Mobile Wallet,CUST-1877,Caesar Salad,Food,8.13,1,8.13,15.54,2
ORD-002137,2025-06-04 14:46:14,Wednesday,Riverside,In Store,,Mobile Wallet,CUST-1877,Breakfast Burrito,Food,7.41,1,7.41,15.54,2
ORD-000739,2025-06-04 18:49:35,Wednesday,Uptown,In Store,,Debit Card,CUST-3217,Croissant,Pastry,3.46,1,3.46,13.02,2
ORD-000739,2025-06-04 18:49:35,Wednesday,Uptown,In Store,,Debit Card,CUST-3217,Latte,Beverage,4.78,2,9.56,13.02,2
ORD-001951,2025-06-04 19:23:21,Wednesday,Campus,Mobile,,Mobile Wallet,CUST-4521,Cinnamon Roll,Pastry,3.78,2,7.56,29.67,5
ORD-001951,2025-06-04 19:23:21,Wednesday,Campus,Mobile,,Mobile Wallet,CUST-4521,Scone,Pastry,3.25,1,3.25,29.67,5
ORD-001951,2025-06-04 19:23:21,Wednesday,Campus,Mobile,,Mobile Wallet,CUST-4521,Turkey & Swiss Sandwich,Food,8.42,1,8.42,29.67,5
ORD-001951,2025-06-04 19:23:21,Wednesday,Campus,Mobile,,Mobile Wallet,CUST-4521,Chocolate Chip Cookie,Pastry,2.27,1,2.27,29.67,5
ORD-001951,2025-06-04 19:23:21,Wednesday,Campus,Mobile,,Mobile Wallet,CUST-4521,Veggie Wrap,Food,8.17,1,8.17,29.67,5
ORD-001360,2025-06-05 07:28:36,Thursday,Campus,Mobile,,Credit Card,CUST-3303,Protein Box,Snack,6.93,1,6.93,6.93,1
ORD-001157,2025-06-05 08:17:41,Thursday,Uptown,Mobile,,Credit Card,CUST-3507,Chocolate Chip Cookie,Pastry,2.34,1,2.34,18.09,3
ORD-001157,2025-06-05 08:17:41,Thursday,Uptown,Mobile,,Credit Card,CUST-3507,Avocado Toast,Food,8.07,1,8.07,18.09,3
ORD-001157,2025-06-05 08:17:41,Thursday,Uptown,Mobile,,Credit Card,CUST-3507,Drip Coffee,Beverage,2.56,3,7.68,18.09,3
ORD-001594,2025-06-05 08:18:05,Thursday,Downtown,Mobile,,Mobile Wallet,CUST-2937,Granola & Yogurt Cup,Snack,5.19,1,5.19,13.9,3
ORD-001594,2025-06-05 08:18:05,Thursday,Downtown,Mobile,,Mobile Wallet,CUST-2937,Latte,Beverage,4.84,1,4.84,13.9,3
ORD-001594,2025-06-05 08:18:05,Thursday,Downtown,Mobile,,Mobile Wallet,CUST-2937,Hot Chocolate,Beverage,3.87,1,3.87,13.9,3
ORD-000581,2025-06-05 09:28:40,Thursday,Campus,In Store,,Cash,,Blueberry Muffin,Pastry,3.32,1,3.32,8.15,2
ORD-000581,2025-06-05 09:28:40,Thursday,Campus,In Store,,Cash,,Cold Brew,Beverage,4.83,1,4.83,8.15,2
ORD-000965,2025-06-05 11:46:36,Thursday,Downtown,Delivery,Uber Eats,Credit Card,CUST-1781,Croissant,Pastry,3.34,1,3.34,28.26,5
ORD-000965,2025-06-05 11:46:36,Thursday,Downtown,Delivery,Uber Eats,Credit Card,CUST-1781,Granola & Yogurt Cup,Snack,4.92,1,4.92,28.26,5
ORD-000965,2025-06-05 11:46:36,Thursday,Downtown,Delivery,Uber Eats,Credit Card,CUST-1781,Matcha Latte,Beverage,5.49,2,10.98,28.26,5
ORD-000965,2025-06-05 11:46:36,Thursday,Downtown,Delivery,Uber Eats,Credit Card,CUST-1781,Chocolate Chip Cookie,Pastry,2.34,2,4.68,28.26,5
ORD-000965,2025-06-05 11:46:36,Thursday,Downtown,Delivery,Uber Eats,Credit Card,CUST-1781,Cappuccino,Beverage,4.34,1,4.34,28.26,5
ORD-000355,2025-06-05 11:59:52,Thursday,Riverside,Delivery,DoorDash,Credit Card,CUST-1756,Breakfast Burrito,Food,7.45,1,7.45,7.45,1
ORD-001873,2025-06-05 13:20:20,Thursday,Campus,In Store,,Credit Card,,Hot Chocolate,Beverage,3.92,1,3.92,3.92,1
ORD-000988,2025-06-05 16:38:20,Thursday,Campus,Delivery,Uber Eats,Mobile Wallet,,Grilled Cheese,Food,6.75,1,6.75,31.81,4
ORD-000988,2025-06-05 16:38:20,Thursday,Campus,Delivery,Uber Eats,Mobile Wallet,,Caesar Salad,Food,8.39,1,8.39,31.81,4
ORD-000988,2025-06-05 16:38:20,Thursday,Campus,Delivery,Uber Eats,Mobile Wallet,,Turkey & Swiss Sandwich,Food,8.62,1,8.62,31.81,4
ORD-000988,2025-06-05 16:38:20,Thursday,Campus,Delivery,Uber Eats,Mobile Wallet,,Avocado Toast,Food,8.05,1,8.05,31.81,4
ORD-001643,2025-06-05 16:58:23,Thursday,Riverside,In Store,,Credit Card,,Latte,Beverage,4.43,1,4.43,7.71,2
ORD-001643,2025-06-05 16:58:23,Thursday,Riverside,In Store,,Credit Card,,Americano,Beverage,3.28,1,3.28,7.71,2
ORD-000111,2025-06-06 11:45:27,Friday,Campus,In Store,,Debit Card,,Chocolate Chip Cookie,Pastry,2.52,1,2.52,20.63,3
ORD-000111,2025-06-06 11:45:27,Friday,Campus,In Store,,Debit Card,,Breakfast Burrito,Food,7.06,2,14.12,20.63,3
ORD-000111,2025-06-06 11:45:27,Friday,Campus,In Store,,Debit Card,,Croissant,Pastry,3.99,1,3.99,20.63,3
ORD-002051,2025-06-06 12:25:11,Friday,Uptown,Delivery,Uber Eats,Mobile Wallet,CUST-1436,Iced Tea,Beverage,3.36,1,3.36,3.36,1
ORD-001314,2025-06-06 13:25:36,Friday,Uptown,Delivery,DoorDash,Mobile Wallet,,Matcha Latte,Beverage,5.41,1,5.41,29.39,4
ORD-001314,2025-06-06 13:25:36,Friday,Uptown,Delivery,DoorDash,Mobile Wallet,,Avocado Toast,Food,7.9,2,15.8,29.39,4
ORD-001314,2025-06-06 13:25:36,Friday,Uptown,Delivery,DoorDash,Mobile Wallet,,Cinnamon Roll,Pastry,4.26,1,4.26,29.39,4
ORD-001314,2025-06-06 13:25:36,Friday,Uptown,Delivery,DoorDash,Mobile Wallet,,Hot Chocolate,Beverage,3.92,1,3.92,29.39,4
ORD-001547,2025-06-06 14:42:14,Friday,Riverside,Mobile,,Mobile Wallet,CUST-4832,Hot Chocolate,Beverage,3.87,2,7.74,12.59,2
ORD-001547,2025-06-06 14:42:14,Friday,Riverside,Mobile,,Mobile Wallet,CUST-4832,Mocha,Beverage,4.85,1,4.85,12.59,2
ORD-001299,2025-06-06 15:41:35,Friday,Downtown,In Store,,Cash,CUST-2578,Caesar Salad,Food,8.59,1,8.59,8.59,1
ORD-000706,2025-06-06 16:44:15,Friday,Downtown,In Store,,Credit Card,CUST-4685,Caesar Salad,Food,8.2,1,8.2,10.95,2
ORD-000706,2025-06-06 16:44:15,Friday,Downtown,In Store,,Credit Card,CUST-4685,Drip Coffee,Beverage,2.75,1,2.75,10.95,2
ORD-002087,2025-06-06 20:55:36,Friday,Downtown,Mobile,,Credit Card,CUST-2909,Mocha,Beverage,5.27,2,10.54,19.84,2
ORD-002087,2025-06-06 20:55:36,Friday,Downtown,Mobile,,Credit Card,CUST-2909,Americano,Beverage,3.1,3,9.3,19.84,2
ORD-000474,2025-06-07 06:57:38,Saturday,Downtown,In Store,,Credit Card,CUST-2575,Grilled Cheese,Food,6.86,1,6.86,6.86,1
ORD-000086,2025-06-07 07:25:38,Saturday,Uptown,In Store,,Debit Card,,Fruit Cup,Snack,3.71,1,3.71,12.62,3
ORD-000086,2025-06-07 07:25:38,Saturday,Uptown,In Store,,Debit Card,,Matcha Latte,Beverage,4.88,1,4.88,12.62,3
ORD-000086,2025-06-07 07:25:38,Saturday,Uptown,In Store,,Debit Card,,Hot Chocolate,Beverage,4.03,1,4.03,12.62,3
ORD-001021,2025-06-07 09:56:31,Saturday,Campus,Delivery,DoorDash,Mobile Wallet,,Breakfast Burrito,Food,7.08,2,14.16,26.36,3
ORD-001021,2025-06-07 09:56:31,Saturday,Campus,Delivery,DoorDash,Mobile Wallet,,Chai Latte,Beverage,4.7,1,4.7,26.36,3
ORD-001021,2025-06-07 09:56:31,Saturday,Campus,Delivery,DoorDash,Mobile Wallet,,Hot Chocolate,Beverage,3.75,2,7.5,26.36,3
ORD-002941,2025-06-07 13:06:42,Saturday,Riverside,In Store,,Debit Card,CUST-3030,Mocha,Beverage,4.72,1,4.72,24.42,5
ORD-002941,2025-06-07 13:06:42,Saturday,Riverside,In Store,,Debit Card,CUST-3030,Fruit Cup,Snack,4.18,1,4.18,24.42,5
ORD-002941,2025-06-07 13:06:42,Saturday,Riverside,In Store,,Debit Card,CUST-3030,Scone,Pastry,3.49,1,3.49,24.42,5
ORD-002941,2025-06-07 13:06:42,Saturday,Riverside,In Store,,Debit Card,CUST-3030,Cinnamon Roll,Pastry,4.05,1,4.05,24.42,5
ORD-002941,2025-06-07 13:06:42,Saturday,Riverside,In Store,,Debit Card,CUST-3030,Avocado Toast,Food,7.98,1,7.98,24.42,5
ORD-000375,2025-06-07 14:20:45,Saturday,Campus,In Store,,Cash,,Cinnamon Roll,Pastry,3.98,2,7.96,7.96,1
ORD-000410,2025-06-07 15:06:29,Saturday,Downtown,Mobile,,Credit Card,CUST-1467,Breakfast Burrito,Food,7.61,1,7.61,14.91,2
ORD-000410,2025-06-07 15:06:29,Saturday,Downtown,Mobile,,Credit Card,CUST-1467,Protein Box,Snack,7.3,1,7.3,14.91,2
ORD-002857,2025-06-07 16:37:01,Saturday,Campus,In Store,,Debit Card,CUST-4404,Avocado Toast,Food,7.77,1,7.77,33.11,5
ORD-002857,2025-06-07 16:37:01,Saturday,Campus,In Store,,Debit Card,CUST-4404,Grilled Cheese,Food,6.77,1,6.77,33.11,5
ORD-002857,2025-06-07 16:37:01,Saturday,Campus,In Store,,Debit Card,CUST-4404,Cold Brew,Beverage,4.98,1,4.98,33.11,5
ORD-002857,2025-06-07 16:37:01,Saturday,Campus,In Store,,Debit Card,CUST-4404,Fruit Cup,Snack,4.16,2,8.32,33.11,5
ORD-002857,2025-06-07 16:37:01,Saturday,Campus,In Store,,Debit Card,CUST-4404,Matcha Latte,Beverage,5.27,1,5.27,33.11,5
ORD-002115,2025-06-08 08:32:56,Sunday,Riverside,In Store,,Mobile Wallet,,Latte,Beverage,4.75,1,4.75,4.75,1
ORD-001555,2025-06-08 09:28:18,Sunday,Downtown,In Store,,Debit Card,,Granola & Yogurt Cup,Snack,5.01,3,15.03,15.03,1
ORD-002603,2025-06-08 09:28:22,Sunday,Riverside,Mobile,,Debit Card,CUST-3945,Protein Box,Snack,7.31,1,7.31,7.31,1
ORD-001996,2025-06-08 10:25:13,Sunday,Riverside,In Store,,Credit Card,,Drip Coffee,Beverage,2.73,1,2.73,24.03,3
ORD-001996,2025-06-08 10:25:13,Sunday,Riverside,In Store,,Credit Card,,Avocado Toast,Food,8.44,2,16.88,24.03,3
ORD-001996,2025-06-08 10:25:13,Sunday,Riverside,In Store,,Credit Card,,Latte,Beverage,4.42,1,4.42,24.03,3
ORD-002644,2025-06-08 10:50:24,Sunday,Riverside,Delivery,Uber Eats,Mobile Wallet,,Blueberry Muffin,Pastry,3.7,1,3.7,3.7,1
ORD-001461,2025-06-08 12:05:00,Sunday,Downtown,In Store,,Debit Card,,Espresso Shot,Beverage,2.57,1,2.57,6.89,2
ORD-001461,2025-06-08 12:05:00,Sunday,Downtown,In Store,,Debit Card,,Fruit Cup,Snack,4.32,1,4.32,6.89,2
ORD-001953,2025-06-08 12:51:26,Sunday,Downtown,In Store,,Mobile Wallet,,Hot Chocolate,Beverage,3.68,1,3.68,7.09,2
ORD-001953,2025-06-08 12:51:26,Sunday,Downtown,In Store,,Mobile Wallet,,Americano,Beverage,3.41,1,3.41,7.09,2
ORD-000109,2025-06-08 12:52:34,Sunday,Downtown,In Store,,Credit Card,CUST-4531,Veggie Wrap,Food,7.78,1,7.78,24.48,3
ORD-000109,2025-06-08 12:52:34,Sunday,Downtown,In Store,,Credit Card,CUST-4531,Iced Tea,Beverage,3.31,2,6.62,24.48,3
ORD-000109,2025-06-08 12:52:34,Sunday,Downtown,In Store,,Credit Card,CUST-4531,Matcha Latte,Beverage,5.04,2,10.08,24.48,3
ORD-000089,2025-06-08 14:14:21,Sunday,Downtown,Mobile,,Mobile Wallet,CUST-3593,Scone,Pastry,3.73,1,3.73,3.73,1
ORD-001754,2025-06-08 16:34:02,Sunday,Uptown,In Store,,Debit Card,,Iced Tea,Beverage,3.46,1,3.46,3.46,1
ORD-000888,2025-06-08 17:44:41,Sunday,Uptown,In Store,,Mobile Wallet,,Cappuccino,Beverage,4.45,1,4.45,4.45,1
ORD-000380,2025-06-09 13:21:34,Monday,Uptown,In Store,,Cash,,Americano,Beverage,3.29,1,3.29,11.73,3
ORD-000380,2025-06-09 13:21:34,Monday,Uptown,In Store,,Cash,,Blueberry Muffin,Pastry,3.67,1,3.67,11.73,3
ORD-000380,2025-06-09 13:21:34,Monday,Uptown,In Store,,Cash,,Latte,Beverage,4.77,1,4.77,11.73,3
ORD-001895,2025-06-09 17:39:25,Monday,Campus,In Store,,Credit Card,,Protein Box,Snack,7.42,1,7.42,7.42,1
ORD-002406,2025-06-09 19:11:51,Monday,Uptown,In Store,,Debit Card,,Bag of Chips,Snack,2.27,1,2.27,9.87,2
ORD-002406,2025-06-09 19:11:51,Monday,Uptown,In Store,,Debit Card,,Croissant,Pastry,3.8,2,7.6,9.87,2
ORD-001373,2025-06-10 06:53:05,Tuesday,Riverside,Delivery,Grubhub,Debit Card,CUST-1416,Bag of Chips,Snack,2.2,2,4.4,4.4,1
ORD-002724,2025-06-10 07:10:07,Tuesday,Downtown,Mobile,,Debit Card,CUST-4720,Bagel w/ Cream Cheese,Pastry,4.15,1,4.15,9.21,2
ORD-002724,2025-06-10 07:10:07,Tuesday,Downtown,Mobile,,Debit Card,CUST-4720,Matcha Latte,Beverage,5.06,1,5.06,9.21,2
ORD-000760,2025-06-10 07:18:10,Tuesday,Riverside,In Store,,Mobile Wallet,,Fruit Cup,Snack,4.15,1,4.15,20.02,4
ORD-000760,2025-06-10 07:18:10,Tuesday,Riverside,In Store,,Mobile Wallet,,Breakfast Burrito,Food,7.38,1,7.38,20.02,4
ORD-000760,2025-06-10 07:18:10,Tuesday,Riverside,In Store,,Mobile Wallet,,Matcha Latte,Beverage,4.82,1,4.82,20.02,4
ORD-000760,2025-06-10 07:18:10,Tuesday,Riverside,In Store,,Mobile Wallet,,Hot Chocolate,Beverage,3.67,1,3.67,20.02,4
ORD-001828,2025-06-10 09:00:06,Tuesday,Downtown,Delivery,Uber Eats,Mobile Wallet,CUST-1688,Turkey & Swiss Sandwich,Food,8.45,2,16.9,16.9,1
ORD-001515,2025-06-10 11:17:11,Tuesday,Riverside,In Store,,Credit Card,CUST-3416,Bag of Chips,Snack,2.34,1,2.34,9.1,2
ORD-001515,2025-06-10 11:17:11,Tuesday,Riverside,In Store,,Credit Card,CUST-3416,Protein Box,Snack,6.76,1,6.76,9.1,2
ORD-001346,2025-06-10 12:49:47,Tuesday,Campus,Delivery,Uber Eats,Debit Card,,Breakfast Burrito,Food,7.08,1,7.08,13.19,3
ORD-001346,2025-06-10 12:49:47,Tuesday,Campus,Delivery,Uber Eats,Debit Card,,Chocolate Chip Cookie,Pastry,2.95,1,2.95,13.19,3
ORD-001346,2025-06-10 12:49:47,Tuesday,Campus,Delivery,Uber Eats,Debit Card,,Americano,Beverage,3.16,1,3.16,13.19,3
ORD-001853,2025-06-10 14:32:39,Tuesday,Campus,Delivery,Uber Eats,Debit Card,,Croissant,Pastry,3.96,1,3.96,36.76,5
ORD-001853,2025-06-10 14:32:39,Tuesday,Campus,Delivery,Uber Eats,Debit Card,,Breakfast Burrito,Food,7.53,2,15.06,36.76,5
ORD-001853,2025-06-10 14:32:39,Tuesday,Campus,Delivery,Uber Eats,Debit Card,,Matcha Latte,Beverage,5.02,1,5.02,36.76,5
ORD-001853,2025-06-10 14:32:39,Tuesday,Campus,Delivery,Uber Eats,Debit Card,,Caesar Salad,Food,8.56,1,8.56,36.76,5
ORD-001853,2025-06-10 14:32:39,Tuesday,Campus,Delivery,Uber Eats,Debit Card,,Hot Chocolate,Beverage,4.16,1,4.16,36.76,5
ORD-000700,2025-06-10 15:19:45,Tuesday,Uptown,In Store,,Cash,,Croissant,Pastry,3.59,1,3.59,3.59,1
ORD-000558,2025-06-10 16:27:49,Tuesday,Campus,Delivery,Uber Eats,Credit Card,,Espresso Shot,Beverage,2.26,2,4.52,7.87,2
ORD-000558,2025-06-10 16:27:49,Tuesday,Campus,Delivery,Uber Eats,Credit Card,,Croissant,Pastry,3.35,1,3.35,7.87,2
ORD-000160,2025-06-11 06:13:37,Wednesday,Campus,In Store,,Cash,CUST-3309,Bag of Chips,Snack,2.26,2,4.52,4.52,1
ORD-000006,2025-06-11 08:31:25,Wednesday,Campus,Delivery,Uber Eats,Credit Card,CUST-4051,Matcha Latte,Beverage,5.42,1,5.42,10.28,2
ORD-000006,2025-06-11 08:31:25,Wednesday,Campus,Delivery,Uber Eats,Credit Card,CUST-4051,Granola & Yogurt Cup,Snack,4.86,1,4.86,10.28,2
ORD-002719,2025-06-11 10:19:52,Wednesday,Riverside,Delivery,Grubhub,Credit Card,,Veggie Wrap,Food,7.51,1,7.51,10.69,2
ORD-002719,2025-06-11 10:19:52,Wednesday,Riverside,Delivery,Grubhub,Credit Card,,Drip Coffee,Beverage,3.18,1,3.18,10.69,2
ORD-000300,2025-06-11 11:06:09,Wednesday,Riverside,In Store,,Debit Card,,Croissant,Pastry,3.76,1,3.76,11.07,2
ORD-000300,2025-06-11 11:06:09,Wednesday,Riverside,In Store,,Debit Card,,Breakfast Burrito,Food,7.31,1,7.31,11.07,2
ORD-001200,2025-06-11 11:23:31,Wednesday,Riverside,Mobile,,Mobile Wallet,CUST-4655,Cinnamon Roll,Pastry,3.98,1,3.98,3.98,1
ORD-000847,2025-06-11 11:27:36,Wednesday,Campus,In Store,,Cash,,Chocolate Chip Cookie,Pastry,2.35,1,2.35,5.81,2
ORD-000847,2025-06-11 11:27:36,Wednesday,Campus,In Store,,Cash,,Croissant,Pastry,3.46,1,3.46,5.81,2
ORD-000822,2025-06-11 11:29:01,Wednesday,Uptown,In Store,,Debit Card,,Drip Coffee,Beverage,3.24,1,3.24,7.15,2
ORD-000822,2025-06-11 11:29:01,Wednesday,Uptown,In Store,,Debit Card,,Fruit Cup,Snack,3.91,1,3.91,7.15,2
ORD-002007,2025-06-11 13:28:55,Wednesday,Downtown,In Store,,Debit Card,CUST-1157,Chocolate Chip Cookie,Pastry,2.46,1,2.46,5.71,2
ORD-002007,2025-06-11 13:28:55,Wednesday,Downtown,In Store,,Debit Card,CUST-1157,Drip Coffee,Beverage,3.25,1,3.25,5.71,2
ORD-001598,2025-06-11 15:00:55,Wednesday,Uptown,In Store,,Credit Card,,Chocolate Chip Cookie,Pastry,2.81,1,2.81,18.68,3
ORD-001598,2025-06-11 15:00:55,Wednesday,Uptown,In Store,,Credit Card,,Hot Chocolate,Beverage,3.69,3,11.07,18.68,3
ORD-001598,2025-06-11 15:00:55,Wednesday,Uptown,In Store,,Credit Card,,Mocha,Beverage,4.8,1,4.8,18.68,3
ORD-000208,2025-06-11 18:25:44,Wednesday,Riverside,Mobile,,Debit Card,CUST-2854,Cappuccino,Beverage,4.1,2,8.2,8.2,1
ORD-002535,2025-06-12 06:17:52,Thursday,Downtown,Mobile,,Credit Card,CUST-2396,Scone,Pastry,3.66,1,3.66,19.65,5
ORD-002535,2025-06-12 06:17:52,Thursday,Downtown,Mobile,,Credit Card,CUST-2396,Chocolate Chip Cookie,Pastry,2.66,1,2.66,19.65,5
ORD-002535,2025-06-12 06:17:52,Thursday,Downtown,Mobile,,Credit Card,CUST-2396,Espresso Shot,Beverage,2.56,2,5.12,19.65,5
ORD-002535,2025-06-12 06:17:52,Thursday,Downtown,Mobile,,Credit Card,CUST-2396,Drip Coffee,Beverage,3.04,1,3.04,19.65,5
ORD-002535,2025-06-12 06:17:52,Thursday,Downtown,Mobile,,Credit Card,CUST-2396,Granola & Yogurt Cup,Snack,5.17,1,5.17,19.65,5
ORD-002100,2025-06-12 08:28:47,Thursday,Downtown,In Store,,Cash,CUST-4943,Grilled Cheese,Food,6.85,1,6.85,6.85,1
ORD-002694,2025-06-12 09:05:54,Thursday,Campus,In Store,,Debit Card,,Scone,Pastry,3.46,1,3.46,47.23,5
ORD-002694,2025-06-12 09:05:54,Thursday,Campus,In Store,,Debit Card,,Cinnamon Roll,Pastry,4.34,1,4.34,47.23,5
ORD-002694,2025-06-12 09:05:54,Thursday,Campus,In Store,,Debit Card,,Protein Box,Snack,6.94,2,13.88,47.23,5
ORD-002694,2025-06-12 09:05:54,Thursday,Campus,In Store,,Debit Card,,Veggie Wrap,Food,8.25,1,8.25,47.23,5
ORD-002694,2025-06-12 09:05:54,Thursday,Campus,In Store,,Debit Card,,Caesar Salad,Food,8.65,2,17.3,47.23,5
ORD-002405,2025-06-12 12:09:25,Thursday,Riverside,In Store,,Cash,,Breakfast Burrito,Food,7.64,1,7.64,7.64,1
ORD-002133,2025-06-13 08:51:13,Friday,Uptown,In Store,,Mobile Wallet,,Mocha,Beverage,5.32,1,5.32,14.6,3
ORD-002133,2025-06-13 08:51:13,Friday,Uptown,In Store,,Mobile Wallet,,Cinnamon Roll,Pastry,3.98,1,3.98,14.6,3
ORD-002133,2025-06-13 08:51:13,Friday,Uptown,In Store,,Mobile Wallet,,Matcha Latte,Beverage,5.3,1,5.3,14.6,3
ORD-000222,2025-06-13 08:56:05,Friday,Riverside,Mobile,,Debit Card,CUST-1046,Chai Latte,Beverage,4.51,1,4.51,4.51,1
ORD-001301,2025-06-13 09:04:51,Friday,Downtown,In Store,,Debit Card,CUST-3950,Cappuccino,Beverage,4.69,1,4.69,4.69,1
ORD-001831,2025-06-13 09:40:08,Friday,Riverside,In Store,,Cash,,Scone,Pastry,3.8,1,3.8,6.17,2
ORD-001831,2025-06-13 09:40:08,Friday,Riverside,In Store,,Cash,,Bag of Chips,Snack,2.37,1,2.37,6.17,2
ORD-002021,2025-06-13 11:08:07,Friday,Downtown,Delivery,DoorDash,Debit Card,CUST-2610,Turkey & Swiss Sandwich,Food,8.54,1,8.54,24.51,3
ORD-002021,2025-06-13 11:08:07,Friday,Downtown,Delivery,DoorDash,Debit Card,CUST-2610,Avocado Toast,Food,8.36,1,8.36,24.51,3
ORD-002021,2025-06-13 11:08:07,Friday,Downtown,Delivery,DoorDash,Debit Card,CUST-2610,Breakfast Burrito,Food,7.61,1,7.61,24.51,3
ORD-001924,2025-06-13 11:16:40,Friday,Campus,Mobile,,Debit Card,CUST-3867,Croissant,Pastry,3.49,1,3.49,3.49,1
ORD-000943,2025-06-13 11:47:51,Friday,Campus,In Store,,Debit Card,,Granola & Yogurt Cup,Snack,5.14,1,5.14,5.14,1
ORD-002052,2025-06-13 12:27:53,Friday,Campus,In Store,,Credit Card,,Cinnamon Roll,Pastry,4.19,1,4.19,4.19,1
ORD-002474,2025-06-13 13:06:03,Friday,Uptown,Mobile,,Credit Card,CUST-3213,Drip Coffee,Beverage,2.61,1,2.61,11.91,3
ORD-002474,2025-06-13 13:06:03,Friday,Uptown,Mobile,,Credit Card,CUST-3213,Latte,Beverage,4.57,1,4.57,11.91,3
ORD-002474,2025-06-13 13:06:03,Friday,Uptown,Mobile,,Credit Card,CUST-3213,Mocha,Beverage,4.73,1,4.73,11.91,3
ORD-000122,2025-06-13 14:55:22,Friday,Uptown,Delivery,Grubhub,Debit Card,,Cinnamon Roll,Pastry,4.09,1,4.09,4.09,1
ORD-001201,2025-06-13 19:12:50,Friday,Downtown,In Store,,Mobile Wallet,CUST-4510,Matcha Latte,Beverage,5.34,2,10.68,27.89,3
ORD-001201,2025-06-13 19:12:50,Friday,Downtown,In Store,,Mobile Wallet,CUST-4510,Protein Box,Snack,6.84,2,13.68,27.89,3
ORD-001201,2025-06-13 19:12:50,Friday,Downtown,In Store,,Mobile Wallet,CUST-4510,Blueberry Muffin,Pastry,3.53,1,3.53,27.89,3
ORD-001111,2025-06-14 07:26:49,Saturday,Uptown,In Store,,Mobile Wallet,,Granola & Yogurt Cup,Snack,5.37,1,5.37,10.1,2
ORD-001111,2025-06-14 07:26:49,Saturday,Uptown,In Store,,Mobile Wallet,,Latte,Beverage,4.73,1,4.73,10.1,2
ORD-001215,2025-06-14 09:38:07,Saturday,Campus,In Store,,Debit Card,,Protein Box,Snack,7.44,1,7.44,31.56,3
ORD-001215,2025-06-14 09:38:07,Saturday,Campus,In Store,,Debit Card,,Avocado Toast,Food,8.27,2,16.54,31.56,3
ORD-001215,2025-06-14 09:38:07,Saturday,Campus,In Store,,Debit Card,,Breakfast Burrito,Food,7.58,1,7.58,31.56,3
ORD-001703,2025-06-14 13:58:51,Saturday,Campus,In Store,,Credit Card,CUST-1082,Blueberry Muffin,Pastry,3.45,3,10.35,22.94,4
ORD-001703,2025-06-14 13:58:51,Saturday,Campus,In Store,,Credit Card,CUST-1082,Espresso Shot,Beverage,2.91,1,2.91,22.94,4
ORD-001703,2025-06-14 13:58:51,Saturday,Campus,In Store,,Credit Card,CUST-1082,Chocolate Chip Cookie,Pastry,2.61,1,2.61,22.94,4
ORD-001703,2025-06-14 13:58:51,Saturday,Campus,In Store,,Credit Card,CUST-1082,Breakfast Burrito,Food,7.07,1,7.07,22.94,4
ORD-000552,2025-06-14 14:33:44,Saturday,Campus,In Store,,Mobile Wallet,CUST-2642,Protein Box,Snack,6.86,1,6.86,22.94,2
ORD-000552,2025-06-14 14:33:44,Saturday,Campus,In Store,,Mobile Wallet,CUST-2642,Avocado Toast,Food,8.04,2,16.08,22.94,2
ORD-002236,2025-06-14 14:52:32,Saturday,Uptown,In Store,,Cash,,Cappuccino,Beverage,4.62,1,4.62,4.62,1
ORD-002194,2025-06-14 15:18:26,Saturday,Riverside,In Store,,Credit Card,CUST-1238,Mocha,Beverage,5.25,1,5.25,10.0,2
ORD-002194,2025-06-14 15:18:26,Saturday,Riverside,In Store,,Credit Card,CUST-1238,Latte,Beverage,4.75,1,4.75,10.0,2
ORD-000949,2025-06-14 15:36:58,Saturday,Uptown,In Store,,Credit Card,,Drip Coffee,Beverage,2.57,1,2.57,5.79,2
ORD-000949,2025-06-14 15:36:58,Saturday,Uptown,In Store,,Credit Card,,Iced Tea,Beverage,3.22,1,3.22,5.79,2
ORD-000056,2025-06-15 08:49:25,Sunday,Downtown,Mobile,,Mobile Wallet,CUST-4560,Chocolate Chip Cookie,Pastry,2.52,1,2.52,7.24,2
ORD-000056,2025-06-15 08:49:25,Sunday,Downtown,Mobile,,Mobile Wallet,CUST-4560,Latte,Beverage,4.72,1,4.72,7.24,2
ORD-002682,2025-06-15 08:56:08,Sunday,Uptown,Mobile,,Credit Card,CUST-2932,Bagel w/ Cream Cheese,Pastry,4.2,2,8.4,31.08,5
ORD-002682,2025-06-15 08:56:08,Sunday,Uptown,Mobile,,Credit Card,CUST-2932,Blueberry Muffin,Pastry,3.19,1,3.19,31.08,5
ORD-002682,2025-06-15 08:56:08,Sunday,Uptown,Mobile,,Credit Card,CUST-2932,Granola & Yogurt Cup,Snack,5.37,1,5.37,31.08,5
ORD-002682,2025-06-15 08:56:08,Sunday,Uptown,Mobile,,Credit Card,CUST-2932,Matcha Latte,Beverage,5.44,1,5.44,31.08,5
ORD-002682,2025-06-15 08:56:08,Sunday,Uptown,Mobile,,Credit Card,CUST-2932,Turkey & Swiss Sandwich,Food,8.68,1,8.68,31.08,5
ORD-000856,2025-06-15 11:16:54,Sunday,Riverside,In Store,,Mobile Wallet,,Bag of Chips,Snack,2.02,1,2.02,2.02,1
ORD-001961,2025-06-15 15:04:27,Sunday,Campus,Mobile,,Credit Card,CUST-2156,Protein Box,Snack,7.22,1,7.22,10.34,2
ORD-001961,2025-06-15 15:04:27,Sunday,Campus,Mobile,,Credit Card,CUST-2156,Drip Coffee,Beverage,3.12,1,3.12,10.34,2
ORD-000716,2025-06-15 15:08:43,Sunday,Riverside,Mobile,,Credit Card,CUST-2705,Hot Chocolate,Beverage,4.2,1,4.2,8.34,2
ORD-000716,2025-06-15 15:08:43,Sunday,Riverside,Mobile,,Credit Card,CUST-2705,Cappuccino,Beverage,4.14,1,4.14,8.34,2
ORD-001923,2025-06-15 16:51:24,Sunday,Downtown,In Store,,Mobile Wallet,,Espresso Shot,Beverage,2.55,2,5.1,19.72,2
ORD-001923,2025-06-15 16:51:24,Sunday,Downtown,In Store,,Mobile Wallet,,Protein Box,Snack,7.31,2,14.62,19.72,2
ORD-001892,2025-06-15 17:43:50,Sunday,Uptown,Mobile,,Mobile Wallet,CUST-3867,Turkey & Swiss Sandwich,Food,8.76,1,8.76,14.23,2
ORD-001892,2025-06-15 17:43:50,Sunday,Uptown,Mobile,,Mobile Wallet,CUST-3867,Matcha Latte,Beverage,5.47,1,5.47,14.23,2
ORD-002480,2025-06-16 07:16:21,Monday,Riverside,In Store,,Credit Card,,Bagel w/ Cream Cheese,Pastry,3.53,1,3.53,3.53,1
ORD-000044,2025-06-16 08:13:22,Monday,Riverside,Mobile,,Debit Card,CUST-4605,Matcha Latte,Beverage,5.46,1,5.46,14.25,2
ORD-000044,2025-06-16 08:13:22,Monday,Riverside,Mobile,,Debit Card,CUST-4605,Turkey & Swiss Sandwich,Food,8.79,1,8.79,14.25,2
ORD-002801,2025-06-16 08:59:14,Monday,Campus,In Store,,Debit Card,,Chocolate Chip Cookie,Pastry,2.49,1,2.49,2.49,1
ORD-002128,2025-06-16 10:01:08,Monday,Campus,Mobile,,Debit Card,CUST-1678,Cappuccino,Beverage,4.32,1,4.32,17.64,2
ORD-002128,2025-06-16 10:01:08,Monday,Campus,Mobile,,Debit Card,CUST-1678,Cinnamon Roll,Pastry,4.44,3,13.32,17.64,2
ORD-000418,2025-06-16 11:47:43,Monday,Uptown,Delivery,Uber Eats,Credit Card,CUST-1971,Blueberry Muffin,Pastry,3.33,1,3.33,13.18,3
ORD-000418,2025-06-16 11:47:43,Monday,Uptown,Delivery,Uber Eats,Credit Card,CUST-1971,Chai Latte,Beverage,4.71,1,4.71,13.18,3
ORD-000418,2025-06-16 11:47:43,Monday,Uptown,Delivery,Uber Eats,Credit Card,CUST-1971,Mocha,Beverage,5.14,1,5.14,13.18,3
ORD-002745,2025-06-16 12:09:13,Monday,Riverside,In Store,,Debit Card,,Scone,Pastry,3.74,1,3.74,8.21,2
ORD-002745,2025-06-16 12:09:13,Monday,Riverside,In Store,,Debit Card,,Latte,Beverage,4.47,1,4.47,8.21,2
ORD-002050,2025-06-16 12:35:12,Monday,Campus,Delivery,Uber Eats,Mobile Wallet,CUST-4773,Latte,Beverage,4.89,3,14.67,14.67,1
ORD-002751,2025-06-16 15:58:47,Monday,Downtown,In Store,,Credit Card,CUST-1264,Hot Chocolate,Beverage,4.15,1,4.15,16.17,3
ORD-002751,2025-06-16 15:58:47,Monday,Downtown,In Store,,Credit Card,CUST-1264,Veggie Wrap,Food,8.12,1,8.12,16.17,3
ORD-002751,2025-06-16 15:58:47,Monday,Downtown,In Store,,Credit Card,CUST-1264,Fruit Cup,Snack,3.9,1,3.9,16.17,3
ORD-000320,2025-06-16 16:29:55,Monday,Riverside,In Store,,Mobile Wallet,CUST-4884,Avocado Toast,Food,8.03,2,16.06,28.52,3
ORD-000320,2025-06-16 16:29:55,Monday,Riverside,In Store,,Mobile Wallet,CUST-4884,Cold Brew,Beverage,5.06,1,5.06,28.52,3
ORD-000320,2025-06-16 16:29:55,Monday,Riverside,In Store,,Mobile Wallet,CUST-4884,Breakfast Burrito,Food,7.4,1,7.4,28.52,3
ORD-002150,2025-06-16 17:53:44,Monday,Riverside,In Store,,Debit Card,,Americano,Beverage,3.09,1,3.09,8.11,2
ORD-002150,2025-06-16 17:53:44,Monday,Riverside,In Store,,Debit Card,,Mocha,Beverage,5.02,1,5.02,8.11,2
ORD-001844,2025-06-17 06:59:17,Tuesday,Downtown,In Store,,Debit Card,,Grilled Cheese,Food,6.42,1,6.42,14.15,2
ORD-001844,2025-06-17 06:59:17,Tuesday,Downtown,In Store,,Debit Card,,Avocado Toast,Food,7.73,1,7.73,14.15,2
ORD-001136,2025-06-17 08:13:46,Tuesday,Uptown,In Store,,Mobile Wallet,,Chai Latte,Beverage,4.96,1,4.96,11.46,3
ORD-001136,2025-06-17 08:13:46,Tuesday,Uptown,In Store,,Mobile Wallet,,Americano,Beverage,3.01,1,3.01,11.46,3
ORD-001136,2025-06-17 08:13:46,Tuesday,Uptown,In Store,,Mobile Wallet,,Scone,Pastry,3.49,1,3.49,11.46,3
ORD-002042,2025-06-17 10:05:43,Tuesday,Downtown,Mobile,,Debit Card,CUST-4624,Scone,Pastry,3.38,1,3.38,3.38,1
ORD-000868,2025-06-17 11:42:09,Tuesday,Downtown,In Store,,Mobile Wallet,,Drip Coffee,Beverage,2.8,1,2.8,10.54,3
ORD-000868,2025-06-17 11:42:09,Tuesday,Downtown,In Store,,Mobile Wallet,,Cold Brew,Beverage,5.13,1,5.13,10.54,3
ORD-000868,2025-06-17 11:42:09,Tuesday,Downtown,In Store,,Mobile Wallet,,Espresso Shot,Beverage,2.61,1,2.61,10.54,3
ORD-000479,2025-06-17 15:12:05,Tuesday,Uptown,In Store,,Mobile Wallet,,Avocado Toast,Food,8.17,1,8.17,29.71,4
ORD-000479,2025-06-17 15:12:05,Tuesday,Uptown,In Store,,Mobile Wallet,,Chai Latte,Beverage,4.98,2,9.96,29.71,4
ORD-000479,2025-06-17 15:12:05,Tuesday,Uptown,In Store,,Mobile Wallet,,Turkey & Swiss Sandwich,Food,8.55,1,8.55,29.71,4
ORD-000479,2025-06-17 15:12:05,Tuesday,Uptown,In Store,,Mobile Wallet,,Drip Coffee,Beverage,3.03,1,3.03,29.71,4
ORD-002427,2025-06-17 15:58:49,Tuesday,Campus,Delivery,DoorDash,Debit Card,,Drip Coffee,Beverage,2.91,2,5.82,12.97,2
ORD-002427,2025-06-17 15:58:49,Tuesday,Campus,Delivery,DoorDash,Debit Card,,Breakfast Burrito,Food,7.15,1,7.15,12.97,2
ORD-001381,2025-06-17 16:13:59,Tuesday,Uptown,In Store,,Mobile Wallet,,Latte,Beverage,4.33,1,4.33,11.49,3
ORD-001381,2025-06-17 16:13:59,Tuesday,Uptown,In Store,,Mobile Wallet,,Americano,Beverage,3.36,1,3.36,11.49,3
ORD-001381,2025-06-17 16:13:59,Tuesday,Uptown,In Store,,Mobile Wallet,,Scone,Pastry,3.8,1,3.8,11.49,3
ORD-000563,2025-06-17 16:26:25,Tuesday,Downtown,In Store,,Credit Card,,Cappuccino,Beverage,4.65,3,13.95,17.1,2
ORD-000563,2025-06-17 16:26:25,Tuesday,Downtown,In Store,,Credit Card,,Blueberry Muffin,Pastry,3.15,1,3.15,17.1,2
ORD-000885,2025-06-18 07:58:26,Wednesday,Campus,Mobile,,Debit Card,CUST-2468,Matcha Latte,Beverage,5.35,1,5.35,13.63,3
ORD-000885,2025-06-18 07:58:26,Wednesday,Campus,Mobile,,Debit Card,CUST-2468,Croissant,Pastry,3.29,1,3.29,13.63,3
ORD-000885,2025-06-18 07:58:26,Wednesday,Campus,Mobile,,Debit Card,CUST-2468,Chai Latte,Beverage,4.99,1,4.99,13.63,3
ORD-000472,2025-06-18 16:47:24,Wednesday,Uptown,Mobile,,Debit Card,CUST-1892,Cold Brew,Beverage,4.71,1,4.71,4.71,1
ORD-000490,2025-06-18 19:41:39,Wednesday,Riverside,Delivery,Grubhub,Mobile Wallet,,Latte,Beverage,4.7,1,4.7,14.88,3
ORD-000490,2025-06-18 19:41:39,Wednesday,Riverside,Delivery,Grubhub,Mobile Wallet,,Espresso Shot,Beverage,2.46,2,4.92,14.88,3
ORD-000490,2025-06-18 19:41:39,Wednesday,Riverside,Delivery,Grubhub,Mobile Wallet,,Mocha,Beverage,5.26,1,5.26,14.88,3
ORD-002590,2025-06-19 08:06:08,Thursday,Uptown,Delivery,Uber Eats,Debit Card,CUST-2114,Avocado Toast,Food,7.71,1,7.71,27.6,5
ORD-002590,2025-06-19 08:06:08,Thursday,Uptown,Delivery,Uber Eats,Debit Card,CUST-2114,Scone,Pastry,3.22,1,3.22,27.6,5
ORD-002590,2025-06-19 08:06:08,Thursday,Uptown,Delivery,Uber Eats,Debit Card,CUST-2114,Latte,Beverage,4.34,1,4.34,27.6,5
ORD-002590,2025-06-19 08:06:08,Thursday,Uptown,Delivery,Uber Eats,Debit Card,CUST-2114,Fruit Cup,Snack,3.74,1,3.74,27.6,5
ORD-002590,2025-06-19 08:06:08,Thursday,Uptown,Delivery,Uber Eats,Debit Card,CUST-2114,Caesar Salad,Food,8.59,1,8.59,27.6,5
ORD-000212,2025-06-19 08:29:03,Thursday,Campus,In Store,,Mobile Wallet,,Chocolate Chip Cookie,Pastry,2.93,1,2.93,7.76,2
ORD-000212,2025-06-19 08:29:03,Thursday,Campus,In Store,,Mobile Wallet,,Cold Brew,Beverage,4.83,1,4.83,7.76,2
ORD-001577,2025-06-19 10:25:10,Thursday,Riverside,Mobile,,Credit Card,CUST-1505,Bagel w/ Cream Cheese,Pastry,3.81,1,3.81,8.79,2
ORD-001577,2025-06-19 10:25:10,Thursday,Riverside,Mobile,,Credit Card,CUST-1505,Latte,Beverage,4.98,1,4.98,8.79,2
ORD-000662,2025-06-19 11:47:32,Thursday,Uptown,In Store,,Cash,,Latte,Beverage,4.91,1,4.91,12.72,2
ORD-000662,2025-06-19 11:47:32,Thursday,Uptown,In Store,,Cash,,Avocado Toast,Food,7.81,1,7.81,12.72,2
ORD-002470,2025-06-19 12:57:18,Thursday,Campus,Mobile,,Credit Card,CUST-1881,Bag of Chips,Snack,2.2,2,4.4,16.21,3
ORD-002470,2025-06-19 12:57:18,Thursday,Campus,Mobile,,Credit Card,CUST-1881,Avocado Toast,Food,7.73,1,7.73,16.21,3
ORD-002470,2025-06-19 12:57:18,Thursday,Campus,Mobile,,Credit Card,CUST-1881,Cappuccino,Beverage,4.08,1,4.08,16.21,3
ORD-000128,2025-06-19 13:26:37,Thursday,Downtown,In Store,,Mobile Wallet,CUST-3685,Avocado Toast,Food,8.17,1,8.17,17.19,3
ORD-000128,2025-06-19 13:26:37,Thursday,Downtown,In Store,,Mobile Wallet,CUST-3685,Fruit Cup,Snack,4.14,1,4.14,17.19,3
ORD-000128,2025-06-19 13:26:37,Thursday,Downtown,In Store,,Mobile Wallet,CUST-3685,Chai Latte,Beverage,4.88,1,4.88,17.19,3
ORD-002851,2025-06-20 07:36:57,Friday,Uptown,In Store,,Cash,,Granola & Yogurt Cup,Snack,5.1,1,5.1,5.1,1
ORD-002288,2025-06-20 07:59:54,Friday,Riverside,In Store,,Debit Card,,Fruit Cup,Snack,4.08,1,4.08,18.04,2
ORD-002288,2025-06-20 07:59:54,Friday,Riverside,In Store,,Debit Card,,Protein Box,Snack,6.98,2,13.96,18.04,2
ORD-000556,2025-06-20 08:21:16,Friday,Riverside,In Store,,Credit Card,,Granola & Yogurt Cup,Snack,5.0,1,5.0,36.47,5
ORD-000556,2025-06-20 08:21:16,Friday,Riverside,In Store,,Credit Card,,Turkey & Swiss Sandwich,Food,8.74,1,8.74,36.47,5
ORD-000556,2025-06-20 08:21:16,Friday,Riverside,In Store,,Credit Card,,Fruit Cup,Snack,3.92,1,3.92,36.47,5
ORD-000556,2025-06-20 08:21:16,Friday,Riverside,In Store,,Credit Card,,Grilled Cheese,Food,6.84,2,13.68,36.47,5
ORD-000556,2025-06-20 08:21:16,Friday,Riverside,In Store,,Credit Card,,Matcha Latte,Beverage,5.13,1,5.13,36.47,5
ORD-002987,2025-06-20 08:40:20,Friday,Uptown,Delivery,DoorDash,Credit Card,CUST-4951,Protein Box,Snack,7.44,1,7.44,21.46,4
ORD-002987,2025-06-20 08:40:20,Friday,Uptown,Delivery,DoorDash,Credit Card,CUST-4951,Mocha,Beverage,4.89,1,4.89,21.46,4
ORD-002987,2025-06-20 08:40:20,Friday,Uptown,Delivery,DoorDash,Credit Card,CUST-4951,Fruit Cup,Snack,3.86,1,3.86,21.46,4
ORD-002987,2025-06-20 08:40:20,Friday,Uptown,Delivery,DoorDash,Credit Card,CUST-4951,Matcha Latte,Beverage,5.27,1,5.27,21.46,4
ORD-001060,2025-06-20 11:27:35,Friday,Downtown,In Store,,Cash,,Chocolate Chip Cookie,Pastry,2.4,2,4.8,4.8,1
ORD-000539,2025-06-20 12:15:04,Friday,Campus,Mobile,,Credit Card,CUST-3561,Americano,Beverage,3.69,3,11.07,15.74,2
ORD-000539,2025-06-20 12:15:04,Friday,Campus,Mobile,,Credit Card,CUST-3561,Cappuccino,Beverage,4.67,1,4.67,15.74,2
ORD-001820,2025-06-20 12:21:44,Friday,Uptown,In Store,,Cash,CUST-4484,Granola & Yogurt Cup,Snack,5.17,1,5.17,5.17,1
ORD-001615,2025-06-20 12:39:53,Friday,Campus,Mobile,,Credit Card,CUST-4458,Latte,Beverage,4.67,1,4.67,4.67,1
ORD-002696,2025-06-20 18:03:05,Friday,Campus,Mobile,,Credit Card,CUST-3024,Espresso Shot,Beverage,2.69,2,5.38,7.78,2
ORD-002696,2025-06-20 18:03:05,Friday,Campus,Mobile,,Credit Card,CUST-3024,Chocolate Chip Cookie,Pastry,2.4,1,2.4,7.78,2
ORD-000403,2025-06-20 20:16:52,Friday,Campus,In Store,,Cash,,Breakfast Burrito,Food,7.11,1,7.11,23.03,4
ORD-000403,2025-06-20 20:16:52,Friday,Campus,In Store,,Cash,,Blueberry Muffin,Pastry,3.16,1,3.16,23.03,4
ORD-000403,2025-06-20 20:16:52,Friday,Campus,In Store,,Cash,,Cold Brew,Beverage,5.18,1,5.18,23.03,4
ORD-000403,2025-06-20 20:16:52,Friday,Campus,In Store,,Cash,,Veggie Wrap,Food,7.58,1,7.58,23.03,4
ORD-000660,2025-06-21 07:18:10,Saturday,Downtown,In Store,,Credit Card,,Mocha,Beverage,4.76,1,4.76,17.24,3
ORD-000660,2025-06-21 07:18:10,Saturday,Downtown,In Store,,Credit Card,,Hot Chocolate,Beverage,4.2,1,4.2,17.24,3
ORD-000660,2025-06-21 07:18:10,Saturday,Downtown,In Store,,Credit Card,,Turkey & Swiss Sandwich,Food,8.28,1,8.28,17.24,3
ORD-001030,2025-06-21 08:56:08,Saturday,Campus,In Store,,Debit Card,,Chocolate Chip Cookie,Pastry,2.52,1,2.52,11.01,3
ORD-001030,2025-06-21 08:56:08,Saturday,Campus,In Store,,Debit Card,,Fruit Cup,Snack,3.78,1,3.78,11.01,3
ORD-001030,2025-06-21 08:56:08,Saturday,Campus,In Store,,Debit Card,,Latte,Beverage,4.71,1,4.71,11.01,3
ORD-000136,2025-06-21 09:41:34,Saturday,Uptown,In Store,,Mobile Wallet,CUST-4312,Cold Brew,Beverage,4.99,1,4.99,4.99,1
ORD-001736,2025-06-21 12:04:43,Saturday,Riverside,In Store,,Mobile Wallet,,Mocha,Beverage,5.28,2,10.56,13.65,2
ORD-001736,2025-06-21 12:04:43,Saturday,Riverside,In Store,,Mobile Wallet,,Drip Coffee,Beverage,3.09,1,3.09,13.65,2
ORD-001014,2025-06-21 15:29:22,Saturday,Riverside,Mobile,,Debit Card,CUST-1208,Americano,Beverage,3.5,1,3.5,15.84,3
ORD-001014,2025-06-21 15:29:22,Saturday,Riverside,Mobile,,Debit Card,CUST-1208,Cinnamon Roll,Pastry,4.31,1,4.31,15.84,3
ORD-001014,2025-06-21 15:29:22,Saturday,Riverside,Mobile,,Debit Card,CUST-1208,Avocado Toast,Food,8.03,1,8.03,15.84,3
ORD-002103,2025-06-21 16:18:34,Saturday,Campus,Mobile,,Mobile Wallet,CUST-4540,Breakfast Burrito,Food,7.05,1,7.05,7.05,1
ORD-002650,2025-06-21 17:12:29,Saturday,Downtown,Mobile,,Mobile Wallet,CUST-4255,Cinnamon Roll,Pastry,3.9,2,7.8,7.8,1
ORD-002121,2025-06-22 09:26:33,Sunday,Uptown,Mobile,,Mobile Wallet,CUST-4259,Cinnamon Roll,Pastry,3.83,1,3.83,12.06,2
ORD-002121,2025-06-22 09:26:33,Sunday,Uptown,Mobile,,Mobile Wallet,CUST-4259,Veggie Wrap,Food,8.23,1,8.23,12.06,2
ORD-000977,2025-06-22 09:30:02,Sunday,Campus,In Store,,Credit Card,,Caesar Salad,Food,8.65,1,8.65,8.65,1
ORD-002402,2025-06-22 09:40:04,Sunday,Downtown,In Store,,Credit Card,CUST-1047,Chai Latte,Beverage,4.69,1,4.69,9.41,2
ORD-002402,2025-06-22 09:40:04,Sunday,Downtown,In Store,,Credit Card,CUST-1047,Granola & Yogurt Cup,Snack,4.72,1,4.72,9.41,2
ORD-001489,2025-06-22 09:50:45,Sunday,Downtown,Mobile,,Credit Card,CUST-4503,Bag of Chips,Snack,1.91,1,1.91,5.48,2
ORD-001489,2025-06-22 09:50:45,Sunday,Downtown,Mobile,,Credit Card,CUST-4503,Scone,Pastry,3.57,1,3.57,5.48,2
ORD-001830,2025-06-22 11:17:00,Sunday,Riverside,Mobile,,Credit Card,CUST-2265,Breakfast Burrito,Food,7.35,2,14.7,19.93,2
ORD-001830,2025-06-22 11:17:00,Sunday,Riverside,Mobile,,Credit Card,CUST-2265,Mocha,Beverage,5.23,1,5.23,19.93,2
ORD-000521,2025-06-22 15:30:53,Sunday,Uptown,Mobile,,Credit Card,CUST-3067,Fruit Cup,Snack,3.81,1,3.81,7.63,2
ORD-000521,2025-06-22 15:30:53,Sunday,Uptown,Mobile,,Credit Card,CUST-3067,Cinnamon Roll,Pastry,3.82,1,3.82,7.63,2
ORD-001520,2025-06-22 17:14:45,Sunday,Riverside,In Store,,Mobile Wallet,,Drip Coffee,Beverage,2.98,1,2.98,2.98,1
ORD-000743,2025-06-22 17:58:16,Sunday,Uptown,Mobile,,Credit Card,CUST-2396,Breakfast Burrito,Food,7.55,1,7.55,17.12,3
ORD-000743,2025-06-22 17:58:16,Sunday,Uptown,Mobile,,Credit Card,CUST-2396,Chocolate Chip Cookie,Pastry,2.33,1,2.33,17.12,3
ORD-000743,2025-06-22 17:58:16,Sunday,Uptown,Mobile,,Credit Card,CUST-2396,Protein Box,Snack,7.24,1,7.24,17.12,3
ORD-001343,2025-06-23 07:13:46,Monday,Downtown,In Store,,Cash,CUST-3189,Grilled Cheese,Food,6.32,2,12.64,35.66,4
ORD-001343,2025-06-23 07:13:46,Monday,Downtown,In Store,,Cash,CUST-3189,Cold Brew,Beverage,5.09,2,10.18,35.66,4
ORD-001343,2025-06-23 07:13:46,Monday,Downtown,In Store,,Cash,CUST-3189,Cappuccino,Beverage,4.22,1,4.22,35.66,4
ORD-001343,2025-06-23 07:13:46,Monday,Downtown,In Store,,Cash,CUST-3189,Chai Latte,Beverage,4.31,2,8.62,35.66,4
ORD-002365,2025-06-23 08:18:53,Monday,Downtown,Mobile,,Credit Card,CUST-4410,Latte,Beverage,4.53,2,9.06,9.06,1
ORD-000264,2025-06-23 08:26:02,Monday,Downtown,Delivery,Uber Eats,Debit Card,,Bagel w/ Cream Cheese,Pastry,3.86,2,7.72,22.24,5
ORD-000264,2025-06-23 08:26:02,Monday,Downtown,Delivery,Uber Eats,Debit Card,,Drip Coffee,Beverage,3.19,1,3.19,22.24,5
ORD-000264,2025-06-23 08:26:02,Monday,Downtown,Delivery,Uber Eats,Debit Card,,Espresso Shot,Beverage,2.95,1,2.95,22.24,5
ORD-000264,2025-06-23 08:26:02,Monday,Downtown,Delivery,Uber Eats,Debit Card,,Granola & Yogurt Cup,Snack,4.8,1,4.8,22.24,5
ORD-000264,2025-06-23 08:26:02,Monday,Downtown,Delivery,Uber Eats,Debit Card,,Scone,Pastry,3.58,1,3.58,22.24,5
ORD-000664,2025-06-23 09:39:54,Monday,Downtown,Delivery,Grubhub,Mobile Wallet,,Breakfast Burrito,Food,7.72,1,7.72,7.72,1
ORD-000307,2025-06-23 18:29:43,Monday,Downtown,In Store,,Mobile Wallet,CUST-1276,Chai Latte,Beverage,4.97,1,4.97,11.84,2
ORD-000307,2025-06-23 18:29:43,Monday,Downtown,In Store,,Mobile Wallet,CUST-1276,Protein Box,Snack,6.87,1,6.87,11.84,2
ORD-000331,2025-06-23 18:48:40,Monday,Riverside,In Store,,Credit Card,,Espresso Shot,Beverage,2.67,1,2.67,16.03,3
ORD-000331,2025-06-23 18:48:40,Monday,Riverside,In Store,,Credit Card,,Bagel w/ Cream Cheese,Pastry,3.76,1,3.76,16.03,3
ORD-000331,2025-06-23 18:48:40,Monday,Riverside,In Store,,Credit Card,,Chai Latte,Beverage,4.8,2,9.6,16.03,3
ORD-002068,2025-06-24 08:35:21,Tuesday,Downtown,Mobile,,Mobile Wallet,CUST-1767,Fruit Cup,Snack,3.8,3,11.4,11.4,1
ORD-001737,2025-06-24 08:57:52,Tuesday,Campus,In Store,,Mobile Wallet,,Chai Latte,Beverage,4.8,1,4.8,12.35,2
ORD-001737,2025-06-24 08:57:52,Tuesday,Campus,In Store,,Mobile Wallet,,Veggie Wrap,Food,7.55,1,7.55,12.35,2
ORD-001601,2025-06-24 10:29:47,Tuesday,Campus,In Store,,Cash,,Mocha,Beverage,5.43,1,5.43,11.35,3
ORD-001601,2025-06-24 10:29:47,Tuesday,Campus,In Store,,Cash,,Scone,Pastry,3.63,1,3.63,11.35,3
ORD-001601,2025-06-24 10:29:47,Tuesday,Campus,In Store,,Cash,,Espresso Shot,Beverage,2.29,1,2.29,11.35,3
ORD-002763,2025-06-24 10:35:12,Tuesday,Campus,In Store,,Credit Card,,Matcha Latte,Beverage,5.4,2,10.8,10.8,1
ORD-001040,2025-06-24 16:50:48,Tuesday,Campus,In Store,,Credit Card,CUST-3543,Fruit Cup,Snack,3.75,1,3.75,27.36,2
ORD-001040,2025-06-24 16:50:48,Tuesday,Campus,In Store,,Credit Card,CUST-3543,Avocado Toast,Food,7.87,3,23.61,27.36,2
ORD-000879,2025-06-24 17:02:24,Tuesday,Riverside,Mobile,,Credit Card,CUST-3567,Cold Brew,Beverage,5.07,1,5.07,21.51,2
ORD-000879,2025-06-24 17:02:24,Tuesday,Riverside,Mobile,,Credit Card,CUST-3567,Avocado Toast,Food,8.22,2,16.44,21.51,2
ORD-001302,2025-06-25 10:17:01,Wednesday,Downtown,In Store,,Mobile Wallet,,Iced Tea,Beverage,3.12,1,3.12,3.12,1
ORD-001132,2025-06-25 12:50:43,Wednesday,Uptown,In Store,,Cash,,Drip Coffee,Beverage,2.79,1,2.79,13.65,2
ORD-001132,2025-06-25 12:50:43,Wednesday,Uptown,In Store,,Cash,,Croissant,Pastry,3.62,3,10.86,13.65,2
ORD-000175,2025-06-25 13:43:51,Wednesday,Uptown,In Store,,Credit Card,,Chocolate Chip Cookie,Pastry,2.42,3,7.26,7.26,1
ORD-001170,2025-06-25 14:29:05,Wednesday,Downtown,In Store,,Mobile Wallet,,Cinnamon Roll,Pastry,4.0,1,4.0,4.0,1
ORD-000957,2025-06-25 14:31:25,Wednesday,Campus,In Store,,Mobile Wallet,,Cappuccino,Beverage,4.12,1,4.12,6.52,2
ORD-000957,2025-06-25 14:31:25,Wednesday,Campus,In Store,,Mobile Wallet,,Bag of Chips,Snack,2.4,1,2.4,6.52,2
ORD-000189,2025-06-25 17:48:03,Wednesday,Campus,In Store,,Cash,CUST-4512,Cinnamon Roll,Pastry,4.47,1,4.47,4.47,1
ORD-000094,2025-06-25 19:05:32,Wednesday,Downtown,Mobile,,Credit Card,CUST-3898,Scone,Pastry,3.36,1,3.36,7.23,2
ORD-000094,2025-06-25 19:05:32,Wednesday,Downtown,Mobile,,Credit Card,CUST-3898,Cinnamon Roll,Pastry,3.87,1,3.87,7.23,2
ORD-002218,2025-06-26 08:04:09,Thursday,Uptown,Mobile,,Debit Card,CUST-1024,Protein Box,Snack,7.12,1,7.12,10.2,2
ORD-002218,2025-06-26 08:04:09,Thursday,Uptown,Mobile,,Debit Card,CUST-1024,Blueberry Muffin,Pastry,3.08,1,3.08,10.2,2
ORD-002691,2025-06-26 08:06:59,Thursday,Riverside,Delivery,DoorDash,Debit Card,CUST-2550,Chai Latte,Beverage,4.55,1,4.55,4.55,1
ORD-000435,2025-06-26 08:28:34,Thursday,Riverside,Delivery,DoorDash,Credit Card,,Espresso Shot,Beverage,2.37,2,4.74,17.22,2
ORD-000435,2025-06-26 08:28:34,Thursday,Riverside,Delivery,DoorDash,Credit Card,,Cinnamon Roll,Pastry,4.16,3,12.48,17.22,2
ORD-001050,2025-06-26 08:37:26,Thursday,Riverside,Delivery,DoorDash,Debit Card,,Grilled Cheese,Food,6.25,1,6.25,22.32,4
ORD-001050,2025-06-26 08:37:26,Thursday,Riverside,Delivery,DoorDash,Debit Card,,Chocolate Chip Cookie,Pastry,2.69,1,2.69,22.32,4
ORD-001050,2025-06-26 08:37:26,Thursday,Riverside,Delivery,DoorDash,Debit Card,,Matcha Latte,Beverage,5.27,1,5.27,22.32,4
ORD-001050,2025-06-26 08:37:26,Thursday,Riverside,Delivery,DoorDash,Debit Card,,Veggie Wrap,Food,8.11,1,8.11,22.32,4
ORD-000869,2025-06-26 08:55:52,Thursday,Campus,Delivery,DoorDash,Debit Card,,Cinnamon Roll,Pastry,3.96,1,3.96,3.96,1
ORD-000247,2025-06-26 09:06:24,Thursday,Riverside,In Store,,Credit Card,CUST-1187,Hot Chocolate,Beverage,3.89,1,3.89,3.89,1
ORD-002737,2025-06-26 09:15:01,Thursday,Riverside,In Store,,Cash,,Cappuccino,Beverage,4.63,1,4.63,7.87,2
ORD-002737,2025-06-26 09:15:01,Thursday,Riverside,In Store,,Cash,,Americano,Beverage,3.24,1,3.24,7.87,2
ORD-001941,2025-06-26 10:54:21,Thursday,Uptown,Mobile,,Debit Card,CUST-1210,Fruit Cup,Snack,3.97,2,7.94,16.31,2
ORD-001941,2025-06-26 10:54:21,Thursday,Uptown,Mobile,,Debit Card,CUST-1210,Avocado Toast,Food,8.37,1,8.37,16.31,2
ORD-002271,2025-06-26 13:49:41,Thursday,Campus,Mobile,,Credit Card,CUST-1760,Granola & Yogurt Cup,Snack,5.05,1,5.05,14.23,3
ORD-002271,2025-06-26 13:49:41,Thursday,Campus,Mobile,,Credit Card,CUST-1760,Blueberry Muffin,Pastry,3.48,1,3.48,14.23,3
ORD-002271,2025-06-26 13:49:41,Thursday,Campus,Mobile,,Credit Card,CUST-1760,Drip Coffee,Beverage,2.85,2,5.7,14.23,3
ORD-000941,2025-06-26 14:33:00,Thursday,Riverside,Mobile,,Debit Card,CUST-4089,Latte,Beverage,4.51,1,4.51,4.51,1
ORD-002686,2025-06-26 19:40:30,Thursday,Downtown,Mobile,,Credit Card,CUST-4707,Espresso Shot,Beverage,2.27,1,2.27,19.4,5
ORD-002686,2025-06-26 19:40:30,Thursday,Downtown,Mobile,,Credit Card,CUST-4707,Cappuccino,Beverage,4.5,1,4.5,19.4,5
ORD-002686,2025-06-26 19:40:30,Thursday,Downtown,Mobile,,Credit Card,CUST-4707,Drip Coffee,Beverage,2.51,2,5.02,19.4,5
ORD-002686,2025-06-26 19:40:30,Thursday,Downtown,Mobile,,Credit Card,CUST-4707,Scone,Pastry,3.37,1,3.37,19.4,5
ORD-002686,2025-06-26 19:40:30,Thursday,Downtown,Mobile,,Credit Card,CUST-4707,Bag of Chips,Snack,2.12,2,4.24,19.4,5
ORD-000462,2025-06-26 20:26:22,Thursday,Uptown,In Store,,Credit Card,CUST-2278,Grilled Cheese,Food,6.34,2,12.68,17.08,2
ORD-000462,2025-06-26 20:26:22,Thursday,Uptown,In Store,,Credit Card,CUST-2278,Cappuccino,Beverage,4.4,1,4.4,17.08,2
ORD-001558,2025-06-27 07:22:24,Friday,Riverside,In Store,,Cash,,Protein Box,Snack,6.7,1,6.7,6.7,1
ORD-001838,2025-06-27 08:48:54,Friday,Riverside,In Store,,Debit Card,,Chai Latte,Beverage,4.88,1,4.88,18.12,4
ORD-001838,2025-06-27 08:48:54,Friday,Riverside,In Store,,Debit Card,,Drip Coffee,Beverage,2.66,1,2.66,18.12,4
ORD-001838,2025-06-27 08:48:54,Friday,Riverside,In Store,,Debit Card,,Veggie Wrap,Food,8.22,1,8.22,18.12,4
ORD-001838,2025-06-27 08:48:54,Friday,Riverside,In Store,,Debit Card,,Bag of Chips,Snack,2.36,1,2.36,18.12,4
ORD-000321,2025-06-27 11:14:51,Friday,Riverside,In Store,,Debit Card,,Drip Coffee,Beverage,3.11,1,3.11,3.11,1
ORD-002588,2025-06-27 11:54:20,Friday,Riverside,In Store,,Credit Card,,Iced Tea,Beverage,2.93,1,2.93,7.79,2
ORD-002588,2025-06-27 11:54:20,Friday,Riverside,In Store,,Credit Card,,Latte,Beverage,4.86,1,4.86,7.79,2
ORD-001559,2025-06-27 12:05:46,Friday,Downtown,Mobile,,Debit Card,CUST-4666,Matcha Latte,Beverage,5.25,1,5.25,25.48,3
ORD-001559,2025-06-27 12:05:46,Friday,Downtown,Mobile,,Debit Card,CUST-4666,Grilled Cheese,Food,6.75,1,6.75,25.48,3
ORD-001559,2025-06-27 12:05:46,Friday,Downtown,Mobile,,Debit Card,CUST-4666,Protein Box,Snack,6.74,2,13.48,25.48,3
ORD-000935,2025-06-27 14:35:12,Friday,Riverside,In Store,,Cash,,Cappuccino,Beverage,4.67,2,9.34,27.12,4
ORD-000935,2025-06-27 14:35:12,Friday,Riverside,In Store,,Cash,,Protein Box,Snack,6.8,1,6.8,27.12,4
ORD-000935,2025-06-27 14:35:12,Friday,Riverside,In Store,,Cash,,Iced Tea,Beverage,2.8,1,2.8,27.12,4
ORD-000935,2025-06-27 14:35:12,Friday,Riverside,In Store,,Cash,,Caesar Salad,Food,8.18,1,8.18,27.12,4
ORD-002975,2025-06-27 16:59:13,Friday,Riverside,In Store,,Cash,,Drip Coffee,Beverage,3.15,1,3.15,3.15,1
ORD-000119,2025-06-27 18:33:57,Friday,Downtown,In Store,,Debit Card,CUST-4917,Veggie Wrap,Food,7.63,1,7.63,10.28,2
ORD-000119,2025-06-27 18:33:57,Friday,Downtown,In Store,,Debit Card,CUST-4917,Espresso Shot,Beverage,2.65,1,2.65,10.28,2
ORD-001248,2025-06-27 19:41:43,Friday,Riverside,Mobile,,Debit Card,CUST-3595,Iced Tea,Beverage,3.38,1,3.38,15.35,4
ORD-001248,2025-06-27 19:41:43,Friday,Riverside,Mobile,,Debit Card,CUST-3595,Latte,Beverage,4.58,1,4.58,15.35,4
ORD-001248,2025-06-27 19:41:43,Friday,Riverside,Mobile,,Debit Card,CUST-3595,Cinnamon Roll,Pastry,3.85,1,3.85,15.35,4
ORD-001248,2025-06-27 19:41:43,Friday,Riverside,Mobile,,Debit Card,CUST-3595,Hot Chocolate,Beverage,3.54,1,3.54,15.35,4
ORD-002660,2025-06-28 09:04:25,Saturday,Uptown,Mobile,,Mobile Wallet,CUST-1273,Hot Chocolate,Beverage,3.7,3,11.1,11.1,1
ORD-000448,2025-06-28 09:23:08,Saturday,Riverside,Mobile,,Credit Card,CUST-3907,Granola & Yogurt Cup,Snack,4.87,2,9.74,9.74,1
ORD-001001,2025-06-28 09:23:58,Saturday,Campus,Delivery,DoorDash,Credit Card,CUST-3398,Scone,Pastry,3.42,3,10.26,25.52,2
ORD-001001,2025-06-28 09:23:58,Saturday,Campus,Delivery,DoorDash,Credit Card,CUST-3398,Breakfast Burrito,Food,7.63,2,15.26,25.52,2
ORD-000174,2025-06-28 09:29:50,Saturday,Campus,In Store,,Debit Card,,Cinnamon Roll,Pastry,3.84,2,7.68,14.16,2
ORD-000174,2025-06-28 09:29:50,Saturday,Campus,In Store,,Debit Card,,Grilled Cheese,Food,6.48,1,6.48,14.16,2
ORD-002612,2025-06-28 09:37:16,Saturday,Downtown,Mobile,,Mobile Wallet,CUST-2476,Croissant,Pastry,3.88,1,3.88,3.88,1
ORD-002261,2025-06-28 10:40:51,Saturday,Riverside,Mobile,,Debit Card,CUST-4715,Iced Tea,Beverage,3.29,1,3.29,3.29,1
ORD-001139,2025-06-28 10:56:08,Saturday,Campus,Delivery,DoorDash,Debit Card,,Avocado Toast,Food,8.1,1,8.1,22.12,4
ORD-001139,2025-06-28 10:56:08,Saturday,Campus,Delivery,DoorDash,Debit Card,,Scone,Pastry,3.8,1,3.8,22.12,4
ORD-001139,2025-06-28 10:56:08,Saturday,Campus,Delivery,DoorDash,Debit Card,,Chocolate Chip Cookie,Pastry,2.78,1,2.78,22.12,4
ORD-001139,2025-06-28 10:56:08,Saturday,Campus,Delivery,DoorDash,Debit Card,,Protein Box,Snack,7.44,1,7.44,22.12,4
ORD-001730,2025-06-28 11:57:32,Saturday,Uptown,In Store,,Debit Card,CUST-3598,Scone,Pastry,3.53,1,3.53,16.48,3
ORD-001730,2025-06-28 11:57:32,Saturday,Uptown,In Store,,Debit Card,CUST-3598,Matcha Latte,Beverage,4.98,1,4.98,16.48,3
ORD-001730,2025-06-28 11:57:32,Saturday,Uptown,In Store,,Debit Card,CUST-3598,Veggie Wrap,Food,7.97,1,7.97,16.48,3
ORD-000618,2025-06-28 14:55:18,Saturday,Downtown,In Store,,Cash,CUST-4876,Protein Box,Snack,7.06,2,14.12,23.05,3
ORD-000618,2025-06-28 14:55:18,Saturday,Downtown,In Store,,Cash,CUST-4876,Croissant,Pastry,3.7,1,3.7,23.05,3
ORD-000618,2025-06-28 14:55:18,Saturday,Downtown,In Store,,Cash,CUST-4876,Cold Brew,Beverage,5.23,1,5.23,23.05,3
ORD-001778,2025-06-29 08:02:43,Sunday,Downtown,In Store,,Debit Card,,Cold Brew,Beverage,4.57,3,13.71,13.71,1
ORD-000096,2025-06-29 09:41:44,Sunday,Uptown,Mobile,,Mobile Wallet,CUST-3903,Blueberry Muffin,Pastry,3.51,1,3.51,24.47,4
ORD-000096,2025-06-29 09:41:44,Sunday,Uptown,Mobile,,Mobile Wallet,CUST-3903,Hot Chocolate,Beverage,4.11,1,4.11,24.47,4
ORD-000096,2025-06-29 09:41:44,Sunday,Uptown,Mobile,,Mobile Wallet,CUST-3903,Veggie Wrap,Food,7.98,1,7.98,24.47,4
ORD-000096,2025-06-29 09:41:44,Sunday,Uptown,Mobile,,Mobile Wallet,CUST-3903,Turkey & Swiss Sandwich,Food,8.87,1,8.87,24.47,4
ORD-000383,2025-06-29 11:54:10,Sunday,Riverside,In Store,,Credit Card,,Protein Box,Snack,6.93,1,6.93,13.6,2
ORD-000383,2025-06-29 11:54:10,Sunday,Riverside,In Store,,Credit Card,,Grilled Cheese,Food,6.67,1,6.67,13.6,2
ORD-002743,2025-06-29 12:28:50,Sunday,Riverside,In Store,,Debit Card,CUST-1012,Granola & Yogurt Cup,Snack,5.2,1,5.2,5.2,1
ORD-001896,2025-06-29 14:52:11,Sunday,Downtown,In Store,,Mobile Wallet,,Fruit Cup,Snack,3.83,1,3.83,12.98,3
ORD-001896,2025-06-29 14:52:11,Sunday,Downtown,In Store,,Mobile Wallet,,Granola & Yogurt Cup,Snack,4.79,1,4.79,12.98,3
ORD-001896,2025-06-29 14:52:11,Sunday,Downtown,In Store,,Mobile Wallet,,Cappuccino,Beverage,4.36,1,4.36,12.98,3
ORD-000090,2025-06-29 14:52:41,Sunday,Uptown,Mobile,,Credit Card,CUST-1599,Cold Brew,Beverage,5.07,1,5.07,5.07,1
ORD-001162,2025-06-29 14:53:50,Sunday,Downtown,In Store,,Credit Card,,Croissant,Pastry,3.69,1,3.69,9.35,2
ORD-001162,2025-06-29 14:53:50,Sunday,Downtown,In Store,,Credit Card,,Espresso Shot,Beverage,2.83,2,5.66,9.35,2
ORD-002939,2025-06-29 17:22:07,Sunday,Uptown,Mobile,,Debit Card,CUST-1837,Grilled Cheese,Food,6.95,1,6.95,20.98,4
ORD-002939,2025-06-29 17:22:07,Sunday,Uptown,Mobile,,Debit Card,CUST-1837,Matcha Latte,Beverage,5.14,1,5.14,20.98,4
ORD-002939,2025-06-29 17:22:07,Sunday,Uptown,Mobile,,Debit Card,CUST-1837,Latte,Beverage,4.89,1,4.89,20.98,4
ORD-002939,2025-06-29 17:22:07,Sunday,Uptown,Mobile,,Debit Card,CUST-1837,Cinnamon Roll,Pastry,4.0,1,4.0,20.98,4
ORD-000680,2025-06-29 19:58:29,Sunday,Campus,In Store,,Cash,,Matcha Latte,Beverage,4.93,1,4.93,19.83,3
ORD-000680,2025-06-29 19:58:29,Sunday,Campus,In Store,,Cash,,Hot Chocolate,Beverage,4.1,2,8.2,19.83,3
ORD-000680,2025-06-29 19:58:29,Sunday,Campus,In Store,,Cash,,Scone,Pastry,3.35,2,6.7,19.83,3
ORD-002931,2025-06-30 08:53:57,Monday,Campus,Delivery,Uber Eats,Debit Card,,Bagel w/ Cream Cheese,Pastry,3.7,1,3.7,30.88,4
ORD-002931,2025-06-30 08:53:57,Monday,Campus,Delivery,Uber Eats,Debit Card,,Iced Tea,Beverage,3.01,1,3.01,30.88,4
ORD-002931,2025-06-30 08:53:57,Monday,Campus,Delivery,Uber Eats,Debit Card,,Avocado Toast,Food,8.42,1,8.42,30.88,4
ORD-002931,2025-06-30 08:53:57,Monday,Campus,Delivery,Uber Eats,Debit Card,,Granola & Yogurt Cup,Snack,5.25,3,15.75,30.88,4
ORD-002697,2025-06-30 09:36:39,Monday,Campus,Mobile,,Mobile Wallet,CUST-1351,Espresso Shot,Beverage,2.27,1,2.27,27.88,3
ORD-002697,2025-06-30 09:36:39,Monday,Campus,Mobile,,Mobile Wallet,CUST-1351,Veggie Wrap,Food,7.91,1,7.91,27.88,3
ORD-002697,2025-06-30 09:36:39,Monday,Campus,Mobile,,Mobile Wallet,CUST-1351,Turkey & Swiss Sandwich,Food,8.85,2,17.7,27.88,3
ORD-002243,2025-06-30 10:00:43,Monday,Campus,Delivery,DoorDash,Mobile Wallet,CUST-3251,Americano,Beverage,3.1,1,3.1,39.26,4
ORD-002243,2025-06-30 10:00:43,Monday,Campus,Delivery,DoorDash,Mobile Wallet,CUST-3251,Caesar Salad,Food,8.4,2,16.8,39.26,4
ORD-002243,2025-06-30 10:00:43,Monday,Campus,Delivery,DoorDash,Mobile Wallet,CUST-3251,Protein Box,Snack,7.08,2,14.16,39.26,4
ORD-002243,2025-06-30 10:00:43,Monday,Campus,Delivery,DoorDash,Mobile Wallet,CUST-3251,Cold Brew,Beverage,5.2,1,5.2,39.26,4
ORD-002571,2025-06-30 11:23:25,Monday,Riverside,Mobile,,Credit Card,CUST-4138,Protein Box,Snack,7.33,2,14.66,18.76,2
ORD-002571,2025-06-30 11:23:25,Monday,Riverside,Mobile,,Credit Card,CUST-4138,Hot Chocolate,Beverage,4.1,1,4.1,18.76,2
ORD-002581,2025-06-30 11:53:22,Monday,Uptown,In Store,,Credit Card,,Blueberry Muffin,Pastry,3.25,1,3.25,8.72,3
ORD-002581,2025-06-30 11:53:22,Monday,Uptown,In Store,,Credit Card,,Americano,Beverage,3.7,1,3.7,8.72,3
ORD-002581,2025-06-30 11:53:22,Monday,Uptown,In Store,,Credit Card,,Bag of Chips,Snack,1.77,1,1.77,8.72,3
ORD-002820,2025-06-30 12:28:33,Monday,Uptown,In Store,,Cash,CUST-1457,Turkey & Swiss Sandwich,Food,8.25,1,8.25,13.23,2
ORD-002820,2025-06-30 12:28:33,Monday,Uptown,In Store,,Cash,CUST-1457,Granola & Yogurt Cup,Snack,4.98,1,4.98,13.23,2
ORD-002594,2025-06-30 12:55:47,Monday,Riverside,In Store,,Credit Card,,Bag of Chips,Snack,2.17,1,2.17,2.17,1
ORD-000339,2025-06-30 17:35:20,Monday,Campus,Mobile,,Mobile Wallet,CUST-2763,Chai Latte,Beverage,4.97,1,4.97,15.57,3
ORD-000339,2025-06-30 17:35:20,Monday,Campus,Mobile,,Mobile Wallet,CUST-2763,Iced Tea,Beverage,2.91,1,2.91,15.57,3
ORD-000339,2025-06-30 17:35:20,Monday,Campus,Mobile,,Mobile Wallet,CUST-2763,Breakfast Burrito,Food,7.69,1,7.69,15.57,3
ORD-000626,2025-07-01 06:27:31,Tuesday,Uptown,In Store,,Mobile Wallet,CUST-2996,Fruit Cup,Snack,3.87,1,3.87,3.87,1
ORD-000374,2025-07-01 07:09:17,Tuesday,Riverside,Mobile,,Debit Card,CUST-3566,Avocado Toast,Food,8.29,1,8.29,12.93,2
ORD-000374,2025-07-01 07:09:17,Tuesday,Riverside,Mobile,,Debit Card,CUST-3566,Cold Brew,Beverage,4.64,1,4.64,12.93,2
ORD-002202,2025-07-01 07:52:25,Tuesday,Uptown,In Store,,Cash,,Latte,Beverage,4.9,1,4.9,12.31,3
ORD-002202,2025-07-01 07:52:25,Tuesday,Uptown,In Store,,Cash,,Espresso Shot,Beverage,2.87,1,2.87,12.31,3
ORD-002202,2025-07-01 07:52:25,Tuesday,Uptown,In Store,,Cash,,Chai Latte,Beverage,4.54,1,4.54,12.31,3
ORD-001249,2025-07-01 14:37:43,Tuesday,Downtown,In Store,,Credit Card,,Latte,Beverage,4.76,1,4.76,10.64,3
ORD-001249,2025-07-01 14:37:43,Tuesday,Downtown,In Store,,Credit Card,,Blueberry Muffin,Pastry,3.15,1,3.15,10.64,3
ORD-001249,2025-07-01 14:37:43,Tuesday,Downtown,In Store,,Credit Card,,Drip Coffee,Beverage,2.73,1,2.73,10.64,3
ORD-002412,2025-07-01 14:38:27,Tuesday,Campus,In Store,,Cash,,Espresso Shot,Beverage,2.75,1,2.75,29.08,5
ORD-002412,2025-07-01 14:38:27,Tuesday,Campus,In Store,,Cash,,Chai Latte,Beverage,4.55,1,4.55,29.08,5
ORD-002412,2025-07-01 14:38:27,Tuesday,Campus,In Store,,Cash,,Veggie Wrap,Food,7.58,2,15.16,29.08,5
ORD-002412,2025-07-01 14:38:27,Tuesday,Campus,In Store,,Cash,,Granola & Yogurt Cup,Snack,4.85,1,4.85,29.08,5
ORD-002412,2025-07-01 14:38:27,Tuesday,Campus,In Store,,Cash,,Bag of Chips,Snack,1.77,1,1.77,29.08,5
ORD-002009,2025-07-01 15:24:17,Tuesday,Uptown,In Store,,Credit Card,,Matcha Latte,Beverage,5.45,2,10.9,21.91,3
ORD-002009,2025-07-01 15:24:17,Tuesday,Uptown,In Store,,Credit Card,,Breakfast Burrito,Food,7.17,1,7.17,21.91,3
ORD-002009,2025-07-01 15:24:17,Tuesday,Uptown,In Store,,Credit Card,,Bagel w/ Cream Cheese,Pastry,3.84,1,3.84,21.91,3
ORD-000763,2025-07-01 15:47:50,Tuesday,Downtown,In Store,,Debit Card,CUST-2373,Veggie Wrap,Food,8.0,1,8.0,8.0,1
ORD-002209,2025-07-01 16:06:34,Tuesday,Riverside,In Store,,Cash,,Cappuccino,Beverage,4.69,1,4.69,23.28,4
ORD-002209,2025-07-01 16:06:34,Tuesday,Riverside,In Store,,Cash,,Hot Chocolate,Beverage,3.77,1,3.77,23.28,4
ORD-002209,2025-07-01 16:06:34,Tuesday,Riverside,In Store,,Cash,,Breakfast Burrito,Food,7.54,1,7.54,23.28,4
ORD-002209,2025-07-01 16:06:34,Tuesday,Riverside,In Store,,Cash,,Protein Box,Snack,7.28,1,7.28,23.28,4
ORD-002930,2025-07-02 07:20:12,Wednesday,Campus,In Store,,Debit Card,CUST-2684,Scone,Pastry,3.58,1,3.58,3.58,1
ORD-000220,2025-07-02 08:37:52,Wednesday,Riverside,In Store,,Debit Card,CUST-3985,Grilled Cheese,Food,6.54,2,13.08,13.08,1
ORD-002016,2025-07-02 10:37:27,Wednesday,Uptown,In Store,,Credit Card,CUST-3711,Avocado Toast,Food,7.98,2,15.96,24.7,2
ORD-002016,2025-07-02 10:37:27,Wednesday,Uptown,In Store,,Credit Card,CUST-3711,Caesar Salad,Food,8.74,1,8.74,24.7,2
ORD-000710,2025-07-02 12:15:36,Wednesday,Campus,Mobile,,Debit Card,CUST-1845,Veggie Wrap,Food,8.24,2,16.48,24.8,3
ORD-000710,2025-07-02 12:15:36,Wednesday,Campus,Mobile,,Debit Card,CUST-1845,Blueberry Muffin,Pastry,3.41,1,3.41,24.8,3
ORD-000710,2025-07-02 12:15:36,Wednesday,Campus,Mobile,,Debit Card,CUST-1845,Mocha,Beverage,4.91,1,4.91,24.8,3
ORD-001188,2025-07-02 12:15:52,Wednesday,Riverside,Mobile,,Mobile Wallet,CUST-3239,Scone,Pastry,3.87,3,11.61,11.61,1
ORD-001857,2025-07-02 14:09:15,Wednesday,Riverside,Mobile,,Debit Card,CUST-2000,Iced Tea,Beverage,3.47,1,3.47,10.49,2
ORD-001857,2025-07-02 14:09:15,Wednesday,Riverside,Mobile,,Debit Card,CUST-2000,Protein Box,Snack,7.02,1,7.02,10.49,2
ORD-001918,2025-07-02 14:38:26,Wednesday,Downtown,In Store,,Mobile Wallet,CUST-3187,Fruit Cup,Snack,4.32,2,8.64,13.55,2
ORD-001918,2025-07-02 14:38:26,Wednesday,Downtown,In Store,,Mobile Wallet,CUST-3187,Matcha Latte,Beverage,4.91,1,4.91,13.55,2
ORD-000691,2025-07-03 09:13:42,Thursday,Uptown,In Store,,Debit Card,CUST-2304,Mocha,Beverage,5.15,1,5.15,18.34,3
ORD-000691,2025-07-03 09:13:42,Thursday,Uptown,In Store,,Debit Card,CUST-2304,Iced Tea,Beverage,3.17,2,6.34,18.34,3
ORD-000691,2025-07-03 09:13:42,Thursday,Uptown,In Store,,Debit Card,CUST-2304,Grilled Cheese,Food,6.85,1,6.85,18.34,3
ORD-002835,2025-07-03 09:16:00,Thursday,Downtown,Delivery,Uber Eats,Credit Card,CUST-2199,Matcha Latte,Beverage,5.15,1,5.15,16.28,3
ORD-002835,2025-07-03 09:16:00,Thursday,Downtown,Delivery,Uber Eats,Credit Card,CUST-2199,Croissant,Pastry,3.8,1,3.8,16.28,3
ORD-002835,2025-07-03 09:16:00,Thursday,Downtown,Delivery,Uber Eats,Credit Card,CUST-2199,Breakfast Burrito,Food,7.33,1,7.33,16.28,3
ORD-000802,2025-07-03 09:29:34,Thursday,Downtown,In Store,,Mobile Wallet,,Grilled Cheese,Food,6.44,2,12.88,20.88,2
ORD-000802,2025-07-03 09:29:34,Thursday,Downtown,In Store,,Mobile Wallet,,Avocado Toast,Food,8.0,1,8.0,20.88,2
ORD-000614,2025-07-03 09:46:39,Thursday,Riverside,In Store,,Debit Card,,Matcha Latte,Beverage,5.23,1,5.23,17.04,4
ORD-000614,2025-07-03 09:46:39,Thursday,Riverside,In Store,,Debit Card,,Cinnamon Roll,Pastry,3.9,1,3.9,17.04,4
ORD-000614,2025-07-03 09:46:39,Thursday,Riverside,In Store,,Debit Card,,Blueberry Muffin,Pastry,3.71,1,3.71,17.04,4
ORD-000614,2025-07-03 09:46:39,Thursday,Riverside,In Store,,Debit Card,,Cappuccino,Beverage,4.2,1,4.2,17.04,4
ORD-001368,2025-07-03 10:06:35,Thursday,Uptown,In Store,,Mobile Wallet,,Chocolate Chip Cookie,Pastry,2.79,1,2.79,10.51,3
ORD-001368,2025-07-03 10:06:35,Thursday,Uptown,In Store,,Mobile Wallet,,Hot Chocolate,Beverage,3.88,1,3.88,10.51,3
ORD-001368,2025-07-03 10:06:35,Thursday,Uptown,In Store,,Mobile Wallet,,Cinnamon Roll,Pastry,3.84,1,3.84,10.51,3
ORD-001418,2025-07-03 12:22:07,Thursday,Uptown,In Store,,Cash,CUST-3733,Turkey & Swiss Sandwich,Food,8.88,1,8.88,8.88,1
ORD-001432,2025-07-03 13:12:26,Thursday,Uptown,In Store,,Debit Card,,Hot Chocolate,Beverage,3.96,1,3.96,3.96,1
ORD-002182,2025-07-03 16:56:13,Thursday,Campus,In Store,,Credit Card,CUST-3017,Mocha,Beverage,5.1,1,5.1,10.15,2
ORD-002182,2025-07-03 16:56:13,Thursday,Campus,In Store,,Credit Card,CUST-3017,Matcha Latte,Beverage,5.05,1,5.05,10.15,2
ORD-002764,2025-07-04 10:53:00,Friday,Riverside,In Store,,Debit Card,,Espresso Shot,Beverage,2.74,2,5.48,28.66,4
ORD-002764,2025-07-04 10:53:00,Friday,Riverside,In Store,,Debit Card,,Fruit Cup,Snack,3.75,1,3.75,28.66,4
ORD-002764,2025-07-04 10:53:00,Friday,Riverside,In Store,,Debit Card,,Croissant,Pastry,3.93,1,3.93,28.66,4
ORD-002764,2025-07-04 10:53:00,Friday,Riverside,In Store,,Debit Card,,Veggie Wrap,Food,7.75,2,15.5,28.66,4
ORD-002714,2025-07-04 12:05:44,Friday,Downtown,In Store,,Debit Card,CUST-3561,Cappuccino,Beverage,4.6,1,4.6,9.65,2
ORD-002714,2025-07-04 12:05:44,Friday,Downtown,In Store,,Debit Card,CUST-3561,Granola & Yogurt Cup,Snack,5.05,1,5.05,9.65,2
ORD-000634,2025-07-04 14:23:47,Friday,Riverside,Mobile,,Credit Card,CUST-3663,Avocado Toast,Food,8.37,1,8.37,8.37,1
ORD-000164,2025-07-04 15:06:08,Friday,Campus,In Store,,Mobile Wallet,,Americano,Beverage,3.42,1,3.42,6.51,2
ORD-000164,2025-07-04 15:06:08,Friday,Campus,In Store,,Mobile Wallet,,Drip Coffee,Beverage,3.09,1,3.09,6.51,2
ORD-001336,2025-07-04 16:09:09,Friday,Uptown,In Store,,Mobile Wallet,,Veggie Wrap,Food,7.9,1,7.9,29.89,3
ORD-001336,2025-07-04 16:09:09,Friday,Uptown,In Store,,Mobile Wallet,,Matcha Latte,Beverage,5.47,1,5.47,29.89,3
ORD-001336,2025-07-04 16:09:09,Friday,Uptown,In Store,,Mobile Wallet,,Avocado Toast,Food,8.26,2,16.52,29.89,3
ORD-000074,2025-07-05 07:43:23,Saturday,Riverside,In Store,,Cash,,Americano,Beverage,3.62,2,7.24,7.24,1
ORD-002789,2025-07-05 08:07:15,Saturday,Downtown,Mobile,,Credit Card,CUST-3885,Scone,Pastry,3.43,1,3.43,3.43,1
ORD-002239,2025-07-05 08:52:15,Saturday,Campus,Delivery,Grubhub,Credit Card,,Cappuccino,Beverage,4.47,1,4.47,7.0,2
ORD-002239,2025-07-05 08:52:15,Saturday,Campus,Delivery,Grubhub,Credit Card,,Drip Coffee,Beverage,2.53,1,2.53,7.0,2
ORD-000004,2025-07-05 12:45:04,Saturday,Uptown,In Store,,Debit Card,,Matcha Latte,Beverage,5.45,1,5.45,16.09,4
ORD-000004,2025-07-05 12:45:04,Saturday,Uptown,In Store,,Debit Card,,Blueberry Muffin,Pastry,3.16,1,3.16,16.09,4
ORD-000004,2025-07-05 12:45:04,Saturday,Uptown,In Store,,Debit Card,,Cinnamon Roll,Pastry,4.21,1,4.21,16.09,4
ORD-000004,2025-07-05 12:45:04,Saturday,Uptown,In Store,,Debit Card,,Americano,Beverage,3.27,1,3.27,16.09,4
ORD-002134,2025-07-05 13:15:11,Saturday,Downtown,Mobile,,Credit Card,CUST-4022,Cold Brew,Beverage,4.57,1,4.57,28.44,5
ORD-002134,2025-07-05 13:15:11,Saturday,Downtown,Mobile,,Credit Card,CUST-4022,Granola & Yogurt Cup,Snack,5.29,2,10.58,28.44,5
ORD-002134,2025-07-05 13:15:11,Saturday,Downtown,Mobile,,Credit Card,CUST-4022,Grilled Cheese,Food,6.32,1,6.32,28.44,5
ORD-002134,2025-07-05 13:15:11,Saturday,Downtown,Mobile,,Credit Card,CUST-4022,Hot Chocolate,Beverage,4.25,1,4.25,28.44,5
ORD-002134,2025-07-05 13:15:11,Saturday,Downtown,Mobile,,Credit Card,CUST-4022,Drip Coffee,Beverage,2.72,1,2.72,28.44,5
ORD-000042,2025-07-05 13:53:29,Saturday,Campus,Mobile,,Credit Card,CUST-4005,Matcha Latte,Beverage,5.1,1,5.1,13.29,2
ORD-000042,2025-07-05 13:53:29,Saturday,Campus,Mobile,,Credit Card,CUST-4005,Veggie Wrap,Food,8.19,1,8.19,13.29,2
ORD-002459,2025-07-05 16:31:37,Saturday,Campus,In Store,,Mobile Wallet,,Latte,Beverage,4.35,2,8.7,24.34,3
ORD-002459,2025-07-05 16:31:37,Saturday,Campus,In Store,,Mobile Wallet,,Bag of Chips,Snack,1.81,1,1.81,24.34,3
ORD-002459,2025-07-05 16:31:37,Saturday,Campus,In Store,,Mobile Wallet,,Cappuccino,Beverage,4.61,3,13.83,24.34,3
ORD-002784,2025-07-05 20:45:32,Saturday,Uptown,In Store,,Credit Card,CUST-4302,Caesar Salad,Food,8.01,1,8.01,18.85,3
ORD-002784,2025-07-05 20:45:32,Saturday,Uptown,In Store,,Credit Card,CUST-4302,Chocolate Chip Cookie,Pastry,2.48,1,2.48,18.85,3
ORD-002784,2025-07-05 20:45:32,Saturday,Uptown,In Store,,Credit Card,CUST-4302,Avocado Toast,Food,8.36,1,8.36,18.85,3
ORD-002437,2025-07-06 10:30:11,Sunday,Uptown,Delivery,DoorDash,Credit Card,CUST-4196,Caesar Salad,Food,8.43,1,8.43,8.43,1
ORD-002227,2025-07-06 15:31:08,Sunday,Uptown,In Store,,Debit Card,CUST-1734,Iced Tea,Beverage,2.75,2,5.5,20.36,5
ORD-002227,2025-07-06 15:31:08,Sunday,Uptown,In Store,,Debit Card,CUST-1734,Bag of Chips,Snack,1.98,2,3.96,20.36,5
ORD-002227,2025-07-06 15:31:08,Sunday,Uptown,In Store,,Debit Card,CUST-1734,Granola & Yogurt Cup,Snack,4.75,1,4.75,20.36,5
ORD-002227,2025-07-06 15:31:08,Sunday,Uptown,In Store,,Debit Card,CUST-1734,Blueberry Muffin,Pastry,3.27,1,3.27,20.36,5
ORD-002227,2025-07-06 15:31:08,Sunday,Uptown,In Store,,Debit Card,CUST-1734,Espresso Shot,Beverage,2.88,1,2.88,20.36,5
ORD-000667,2025-07-06 16:25:26,Sunday,Uptown,Mobile,,Debit Card,CUST-2502,Iced Tea,Beverage,2.95,1,2.95,10.46,2
ORD-000667,2025-07-06 16:25:26,Sunday,Uptown,Mobile,,Debit Card,CUST-2502,Breakfast Burrito,Food,7.51,1,7.51,10.46,2
ORD-002584,2025-07-06 18:48:37,Sunday,Campus,Mobile,,Credit Card,CUST-4783,Fruit Cup,Snack,3.82,1,3.82,3.82,1
ORD-002316,2025-07-07 08:02:27,Monday,Uptown,In Store,,Credit Card,CUST-3251,Hot Chocolate,Beverage,3.65,2,7.3,10.26,2
ORD-002316,2025-07-07 08:02:27,Monday,Uptown,In Store,,Credit Card,CUST-3251,Iced Tea,Beverage,2.96,1,2.96,10.26,2
ORD-001582,2025-07-07 08:43:51,Monday,Campus,In Store,,Cash,CUST-2885,Granola & Yogurt Cup,Snack,5.18,1,5.18,5.18,1
ORD-001595,2025-07-07 12:27:29,Monday,Riverside,In Store,,Cash,,Cold Brew,Beverage,4.68,2,9.36,12.46,2
ORD-001595,2025-07-07 12:27:29,Monday,Riverside,In Store,,Cash,,Drip Coffee,Beverage,3.1,1,3.1,12.46,2
ORD-000290,2025-07-07 12:57:53,Monday,Riverside,In Store,,Mobile Wallet,,Blueberry Muffin,Pastry,3.65,1,3.65,3.65,1
ORD-002461,2025-07-07 13:36:02,Monday,Riverside,Mobile,,Mobile Wallet,CUST-4262,Hot Chocolate,Beverage,3.64,1,3.64,8.22,2
ORD-002461,2025-07-07 13:36:02,Monday,Riverside,Mobile,,Mobile Wallet,CUST-4262,Bag of Chips,Snack,2.29,2,4.58,8.22,2
ORD-001455,2025-07-07 15:29:55,Monday,Downtown,Delivery,DoorDash,Credit Card,,Hot Chocolate,Beverage,3.66,1,3.66,28.87,3
ORD-001455,2025-07-07 15:29:55,Monday,Downtown,Delivery,DoorDash,Credit Card,,Protein Box,Snack,6.79,3,20.37,28.87,3
ORD-001455,2025-07-07 15:29:55,Monday,Downtown,Delivery,DoorDash,Credit Card,,Mocha,Beverage,4.84,1,4.84,28.87,3
ORD-001978,2025-07-07 18:20:34,Monday,Downtown,Mobile,,Mobile Wallet,CUST-4915,Espresso Shot,Beverage,2.53,1,2.53,26.69,5
ORD-001978,2025-07-07 18:20:34,Monday,Downtown,Mobile,,Mobile Wallet,CUST-4915,Matcha Latte,Beverage,5.22,1,5.22,26.69,5
ORD-001978,2025-07-07 18:20:34,Monday,Downtown,Mobile,,Mobile Wallet,CUST-4915,Latte,Beverage,4.48,1,4.48,26.69,5
ORD-001978,2025-07-07 18:20:34,Monday,Downtown,Mobile,,Mobile Wallet,CUST-4915,Grilled Cheese,Food,6.47,1,6.47,26.69,5
ORD-001978,2025-07-07 18:20:34,Monday,Downtown,Mobile,,Mobile Wallet,CUST-4915,Veggie Wrap,Food,7.99,1,7.99,26.69,5
ORD-002667,2025-07-07 19:00:23,Monday,Uptown,Delivery,Uber Eats,Mobile Wallet,CUST-2632,Matcha Latte,Beverage,5.45,1,5.45,12.25,2
ORD-002667,2025-07-07 19:00:23,Monday,Uptown,Delivery,Uber Eats,Mobile Wallet,CUST-2632,Protein Box,Snack,6.8,1,6.8,12.25,2
ORD-002130,2025-07-08 07:21:20,Tuesday,Uptown,Delivery,Grubhub,Mobile Wallet,,Veggie Wrap,Food,7.73,1,7.73,12.4,2
ORD-002130,2025-07-08 07:21:20,Tuesday,Uptown,Delivery,Grubhub,Mobile Wallet,,Cappuccino,Beverage,4.67,1,4.67,12.4,2
ORD-001208,2025-07-08 09:29:21,Tuesday,Uptown,Mobile,,Credit Card,CUST-1456,Mocha,Beverage,5.23,1,5.23,5.23,1
ORD-001376,2025-07-08 13:28:04,Tuesday,Downtown,In Store,,Cash,,Matcha Latte,Beverage,4.95,1,4.95,8.97,2
ORD-001376,2025-07-08 13:28:04,Tuesday,Downtown,In Store,,Cash,,Cinnamon Roll,Pastry,4.02,1,4.02,8.97,2
ORD-001719,2025-07-08 16:01:19,Tuesday,Uptown,In Store,,Debit Card,CUST-2692,Chocolate Chip Cookie,Pastry,2.33,1,2.33,10.43,2
ORD-001719,2025-07-08 16:01:19,Tuesday,Uptown,In Store,,Debit Card,CUST-2692,Avocado Toast,Food,8.1,1,8.1,10.43,2
ORD-001009,2025-07-08 16:07:38,Tuesday,Campus,Delivery,Uber Eats,Debit Card,,Mocha,Beverage,4.86,1,4.86,4.86,1
ORD-002977,2025-07-09 09:44:17,Wednesday,Uptown,In Store,,Cash,CUST-3595,Americano,Beverage,3.64,1,3.64,3.64,1
ORD-001317,2025-07-09 10:51:37,Wednesday,Uptown,In Store,,Cash,CUST-1175,Avocado Toast,Food,7.93,1,7.93,7.93,1
ORD-000850,2025-07-09 11:18:07,Wednesday,Downtown,In Store,,Debit Card,,Bag of Chips,Snack,1.9,1,1.9,12.6,3
ORD-000850,2025-07-09 11:18:07,Wednesday,Downtown,In Store,,Debit Card,,Espresso Shot,Beverage,2.43,1,2.43,12.6,3
ORD-000850,2025-07-09 11:18:07,Wednesday,Downtown,In Store,,Debit Card,,Avocado Toast,Food,8.27,1,8.27,12.6,3
ORD-002155,2025-07-09 11:34:07,Wednesday,Uptown,Mobile,,Mobile Wallet,CUST-2553,Chocolate Chip Cookie,Pastry,2.89,2,5.78,29.75,4
ORD-002155,2025-07-09 11:34:07,Wednesday,Uptown,Mobile,,Mobile Wallet,CUST-2553,Cappuccino,Beverage,4.23,1,4.23,29.75,4
ORD-002155,2025-07-09 11:34:07,Wednesday,Uptown,Mobile,,Mobile Wallet,CUST-2553,Turkey & Swiss Sandwich,Food,8.31,2,16.62,29.75,4
ORD-002155,2025-07-09 11:34:07,Wednesday,Uptown,Mobile,,Mobile Wallet,CUST-2553,Blueberry Muffin,Pastry,3.12,1,3.12,29.75,4
ORD-001465,2025-07-09 15:27:49,Wednesday,Uptown,In Store,,Cash,,Drip Coffee,Beverage,3.12,1,3.12,7.14,2
ORD-001465,2025-07-09 15:27:49,Wednesday,Uptown,In Store,,Cash,,Cinnamon Roll,Pastry,4.02,1,4.02,7.14,2
ORD-000439,2025-07-10 06:22:22,Thursday,Campus,In Store,,Cash,CUST-4636,Protein Box,Snack,7.37,1,7.37,9.74,2
ORD-000439,2025-07-10 06:22:22,Thursday,Campus,In Store,,Cash,CUST-4636,Chocolate Chip Cookie,Pastry,2.37,1,2.37,9.74,2
ORD-000656,2025-07-10 07:06:42,Thursday,Campus,In Store,,Credit Card,CUST-2496,Chai Latte,Beverage,4.68,1,4.68,4.68,1
ORD-001477,2025-07-10 08:17:53,Thursday,Uptown,In Store,,Cash,,Drip Coffee,Beverage,2.93,3,8.79,21.46,4
ORD-001477,2025-07-10 08:17:53,Thursday,Uptown,In Store,,Cash,,Bag of Chips,Snack,2.39,1,2.39,21.46,4
ORD-001477,2025-07-10 08:17:53,Thursday,Uptown,In Store,,Cash,,Avocado Toast,Food,8.01,1,8.01,21.46,4
ORD-001477,2025-07-10 08:17:53,Thursday,Uptown,In Store,,Cash,,Chocolate Chip Cookie,Pastry,2.27,1,2.27,21.46,4
ORD-002552,2025-07-10 08:52:03,Thursday,Uptown,In Store,,Credit Card,,Cappuccino,Beverage,4.51,1,4.51,4.51,1
ORD-001263,2025-07-10 10:35:05,Thursday,Riverside,Mobile,,Mobile Wallet,CUST-4070,Cold Brew,Beverage,4.53,1,4.53,8.1,2
ORD-001263,2025-07-10 10:35:05,Thursday,Riverside,Mobile,,Mobile Wallet,CUST-4070,Bagel w/ Cream Cheese,Pastry,3.57,1,3.57,8.1,2
ORD-001655,2025-07-10 10:41:01,Thursday,Downtown,In Store,,Cash,CUST-1850,Hot Chocolate,Beverage,3.93,1,3.93,3.93,1
ORD-000615,2025-07-10 12:41:52,Thursday,Uptown,In Store,,Mobile Wallet,,Protein Box,Snack,6.72,1,6.72,6.72,1
ORD-000211,2025-07-10 13:41:05,Thursday,Riverside,In Store,,Cash,CUST-1264,Veggie Wrap,Food,7.6,1,7.6,7.6,1
ORD-002380,2025-07-10 14:43:02,Thursday,Uptown,Delivery,Grubhub,Credit Card,CUST-1310,Cappuccino,Beverage,4.41,1,4.41,15.58,3
ORD-002380,2025-07-10 14:43:02,Thursday,Uptown,Delivery,Grubhub,Credit Card,CUST-1310,Turkey & Swiss Sandwich,Food,8.57,1,8.57,15.58,3
ORD-002380,2025-07-10 14:43:02,Thursday,Uptown,Delivery,Grubhub,Credit Card,CUST-1310,Drip Coffee,Beverage,2.6,1,2.6,15.58,3
ORD-002625,2025-07-11 06:15:42,Friday,Riverside,Mobile,,Mobile Wallet,CUST-4809,Cinnamon Roll,Pastry,3.84,1,3.84,8.42,3
ORD-002625,2025-07-11 06:15:42,Friday,Riverside,Mobile,,Mobile Wallet,CUST-4809,Chocolate Chip Cookie,Pastry,2.42,1,2.42,8.42,3
ORD-002625,2025-07-11 06:15:42,Friday,Riverside,Mobile,,Mobile Wallet,CUST-4809,Bag of Chips,Snack,2.16,1,2.16,8.42,3
ORD-001436,2025-07-11 06:47:27,Friday,Riverside,In Store,,Credit Card,,Matcha Latte,Beverage,4.86,1,4.86,21.89,3
ORD-001436,2025-07-11 06:47:27,Friday,Riverside,In Store,,Credit Card,,Fruit Cup,Snack,3.93,3,11.79,21.89,3
ORD-001436,2025-07-11 06:47:27,Friday,Riverside,In Store,,Credit Card,,Granola & Yogurt Cup,Snack,5.24,1,5.24,21.89,3
ORD-002777,2025-07-11 07:34:13,Friday,Downtown,In Store,,Mobile Wallet,,Cold Brew,Beverage,5.22,1,5.22,12.6,3
ORD-002777,2025-07-11 07:34:13,Friday,Downtown,In Store,,Mobile Wallet,,Hot Chocolate,Beverage,4.23,1,4.23,12.6,3
ORD-002777,2025-07-11 07:34:13,Friday,Downtown,In Store,,Mobile Wallet,,Americano,Beverage,3.15,1,3.15,12.6,3
ORD-000156,2025-07-11 07:40:42,Friday,Campus,Delivery,Uber Eats,Mobile Wallet,CUST-3179,Drip Coffee,Beverage,2.9,1,2.9,6.43,2
ORD-000156,2025-07-11 07:40:42,Friday,Campus,Delivery,Uber Eats,Mobile Wallet,CUST-3179,Scone,Pastry,3.53,1,3.53,6.43,2
ORD-000550,2025-07-11 09:27:40,Friday,Downtown,In Store,,Credit Card,,Espresso Shot,Beverage,2.29,1,2.29,2.29,1
ORD-000986,2025-07-11 10:38:53,Friday,Uptown,Mobile,,Debit Card,CUST-3518,Fruit Cup,Snack,4.12,1,4.12,18.02,4
ORD-000986,2025-07-11 10:38:53,Friday,Uptown,Mobile,,Debit Card,CUST-3518,Scone,Pastry,3.33,1,3.33,18.02,4
ORD-000986,2025-07-11 10:38:53,Friday,Uptown,Mobile,,Debit Card,CUST-3518,Chocolate Chip Cookie,Pastry,2.62,1,2.62,18.02,4
ORD-000986,2025-07-11 10:38:53,Friday,Uptown,Mobile,,Debit Card,CUST-3518,Veggie Wrap,Food,7.95,1,7.95,18.02,4
ORD-001945,2025-07-11 11:48:41,Friday,Campus,In Store,,Credit Card,,Cold Brew,Beverage,4.55,2,9.1,25.72,2
ORD-001945,2025-07-11 11:48:41,Friday,Campus,In Store,,Credit Card,,Avocado Toast,Food,8.31,2,16.62,25.72,2
ORD-000584,2025-07-11 11:59:26,Friday,Riverside,Delivery,Uber Eats,Debit Card,CUST-3409,Latte,Beverage,4.34,3,13.02,13.02,1
ORD-000803,2025-07-11 12:30:43,Friday,Downtown,In Store,,Credit Card,,Scone,Pastry,3.58,1,3.58,13.4,4
ORD-000803,2025-07-11 12:30:43,Friday,Downtown,In Store,,Credit Card,,Americano,Beverage,3.12,1,3.12,13.4,4
ORD-000803,2025-07-11 12:30:43,Friday,Downtown,In Store,,Credit Card,,Chocolate Chip Cookie,Pastry,2.48,1,2.48,13.4,4
ORD-000803,2025-07-11 12:30:43,Friday,Downtown,In Store,,Credit Card,,Fruit Cup,Snack,4.22,1,4.22,13.4,4
ORD-002500,2025-07-11 16:55:45,Friday,Riverside,In Store,,Cash,,Granola & Yogurt Cup,Snack,4.84,1,4.84,4.84,1
ORD-000696,2025-07-11 18:06:01,Friday,Downtown,In Store,,Credit Card,CUST-2322,Cold Brew,Beverage,4.54,1,4.54,19.75,4
ORD-000696,2025-07-11 18:06:01,Friday,Downtown,In Store,,Credit Card,CUST-2322,Chocolate Chip Cookie,Pastry,2.86,2,5.72,19.75,4
ORD-000696,2025-07-11 18:06:01,Friday,Downtown,In Store,,Credit Card,CUST-2322,Granola & Yogurt Cup,Snack,5.24,1,5.24,19.75,4
ORD-000696,2025-07-11 18:06:01,Friday,Downtown,In Store,,Credit Card,CUST-2322,Chai Latte,Beverage,4.25,1,4.25,19.75,4
ORD-000246,2025-07-11 18:57:20,Friday,Uptown,Mobile,,Credit Card,CUST-3771,Granola & Yogurt Cup,Snack,5.22,1,5.22,5.22,1
ORD-000980,2025-07-12 07:11:14,Saturday,Campus,In Store,,Credit Card,,Americano,Beverage,3.73,1,3.73,11.1,3
ORD-000980,2025-07-12 07:11:14,Saturday,Campus,In Store,,Credit Card,,Espresso Shot,Beverage,2.85,1,2.85,11.1,3
ORD-000980,2025-07-12 07:11:14,Saturday,Campus,In Store,,Credit Card,,Cold Brew,Beverage,4.52,1,4.52,11.1,3
ORD-002249,2025-07-12 09:33:06,Saturday,Campus,In Store,,Debit Card,,Bag of Chips,Snack,1.88,2,3.76,24.75,4
ORD-002249,2025-07-12 09:33:06,Saturday,Campus,In Store,,Debit Card,,Protein Box,Snack,7.39,1,7.39,24.75,4
ORD-002249,2025-07-12 09:33:06,Saturday,Campus,In Store,,Debit Card,,Granola & Yogurt Cup,Snack,4.98,1,4.98,24.75,4
ORD-002249,2025-07-12 09:33:06,Saturday,Campus,In Store,,Debit Card,,Turkey & Swiss Sandwich,Food,8.62,1,8.62,24.75,4
ORD-002620,2025-07-12 11:48:09,Saturday,Riverside,In Store,,Debit Card,CUST-2188,Veggie Wrap,Food,7.78,2,15.56,27.68,3
ORD-002620,2025-07-12 11:48:09,Saturday,Riverside,In Store,,Debit Card,CUST-2188,Iced Tea,Beverage,3.18,1,3.18,27.68,3
ORD-002620,2025-07-12 11:48:09,Saturday,Riverside,In Store,,Debit Card,CUST-2188,Turkey & Swiss Sandwich,Food,8.94,1,8.94,27.68,3
ORD-000955,2025-07-12 12:40:27,Saturday,Campus,Mobile,,Credit Card,CUST-2337,Latte,Beverage,4.28,1,4.28,8.22,2
ORD-000955,2025-07-12 12:40:27,Saturday,Campus,Mobile,,Credit Card,CUST-2337,Fruit Cup,Snack,3.94,1,3.94,8.22,2
ORD-002991,2025-07-12 12:41:41,Saturday,Uptown,Mobile,,Debit Card,CUST-3566,Avocado Toast,Food,7.93,1,7.93,7.93,1
ORD-000350,2025-07-12 12:42:33,Saturday,Uptown,In Store,,Cash,CUST-4232,Latte,Beverage,4.45,1,4.45,17.71,3
ORD-000350,2025-07-12 12:42:33,Saturday,Uptown,In Store,,Cash,CUST-4232,Cinnamon Roll,Pastry,4.25,2,8.5,17.71,3
ORD-000350,2025-07-12 12:42:33,Saturday,Uptown,In Store,,Cash,CUST-4232,Matcha Latte,Beverage,4.76,1,4.76,17.71,3
ORD-000823,2025-07-12 17:08:24,Saturday,Downtown,Mobile,,Credit Card,CUST-2620,Americano,Beverage,3.13,1,3.13,3.13,1
ORD-000911,2025-07-13 09:57:12,Sunday,Campus,Mobile,,Debit Card,CUST-3458,Grilled Cheese,Food,6.77,1,6.77,6.77,1
ORD-002433,2025-07-13 11:02:28,Sunday,Campus,In Store,,Debit Card,,Cappuccino,Beverage,4.61,1,4.61,25.79,2
ORD-002433,2025-07-13 11:02:28,Sunday,Campus,In Store,,Debit Card,,Breakfast Burrito,Food,7.06,3,21.18,25.79,2
ORD-001835,2025-07-13 11:11:32,Sunday,Riverside,Mobile,,Debit Card,CUST-1783,Hot Chocolate,Beverage,3.9,1,3.9,3.9,1
ORD-002145,2025-07-13 14:13:07,Sunday,Uptown,In Store,,Mobile Wallet,,Cappuccino,Beverage,4.5,3,13.5,36.12,2
ORD-002145,2025-07-13 14:13:07,Sunday,Uptown,In Store,,Mobile Wallet,,Veggie Wrap,Food,7.54,3,22.62,36.12,2
ORD-000617,2025-07-13 19:14:24,Sunday,Downtown,Delivery,Grubhub,Credit Card,,Bag of Chips,Snack,1.82,2,3.64,3.64,1
ORD-001948,2025-07-14 06:25:52,Monday,Downtown,Mobile,,Debit Card,CUST-3318,Grilled Cheese,Food,6.51,1,6.51,27.39,5
ORD-001948,2025-07-14 06:25:52,Monday,Downtown,Mobile,,Debit Card,CUST-3318,Matcha Latte,Beverage,5.01,1,5.01,27.39,5
ORD-001948,2025-07-14 06:25:52,Monday,Downtown,Mobile,,Debit Card,CUST-3318,Caesar Salad,Food,8.45,1,8.45,27.39,5
ORD-001948,2025-07-14 06:25:52,Monday,Downtown,Mobile,,Debit Card,CUST-3318,Chai Latte,Beverage,4.54,1,4.54,27.39,5
ORD-001948,2025-07-14 06:25:52,Monday,Downtown,Mobile,,Debit Card,CUST-3318,Drip Coffee,Beverage,2.88,1,2.88,27.39,5
ORD-001115,2025-07-14 08:48:27,Monday,Riverside,In Store,,Credit Card,,Blueberry Muffin,Pastry,3.5,1,3.5,6.91,2
ORD-001115,2025-07-14 08:48:27,Monday,Riverside,In Store,,Credit Card,,Croissant,Pastry,3.41,1,3.41,6.91,2
ORD-000387,2025-07-14 09:41:42,Monday,Uptown,In Store,,Credit Card,,Fruit Cup,Snack,3.94,1,3.94,21.19,4
ORD-000387,2025-07-14 09:41:42,Monday,Uptown,In Store,,Credit Card,,Drip Coffee,Beverage,2.65,1,2.65,21.19,4
ORD-000387,2025-07-14 09:41:42,Monday,Uptown,In Store,,Credit Card,,Veggie Wrap,Food,7.61,1,7.61,21.19,4
ORD-000387,2025-07-14 09:41:42,Monday,Uptown,In Store,,Credit Card,,Protein Box,Snack,6.99,1,6.99,21.19,4
ORD-002265,2025-07-14 09:47:33,Monday,Riverside,In Store,,Cash,,Latte,Beverage,4.32,2,8.64,16.0,2
ORD-002265,2025-07-14 09:47:33,Monday,Riverside,In Store,,Cash,,Protein Box,Snack,7.36,1,7.36,16.0,2
ORD-001531,2025-07-14 13:16:56,Monday,Uptown,Mobile,,Mobile Wallet,CUST-3093,Drip Coffee,Beverage,2.84,1,2.84,2.84,1
ORD-000029,2025-07-14 13:57:11,Monday,Riverside,Mobile,,Debit Card,CUST-3244,Mocha,Beverage,5.03,1,5.03,11.61,3
ORD-000029,2025-07-14 13:57:11,Monday,Riverside,Mobile,,Debit Card,CUST-3244,Hot Chocolate,Beverage,3.95,1,3.95,11.61,3
ORD-000029,2025-07-14 13:57:11,Monday,Riverside,Mobile,,Debit Card,CUST-3244,Chocolate Chip Cookie,Pastry,2.63,1,2.63,11.61,3
ORD-002847,2025-07-14 16:08:21,Monday,Uptown,In Store,,Cash,,Drip Coffee,Beverage,2.93,1,2.93,17.67,4
ORD-002847,2025-07-14 16:08:21,Monday,Uptown,In Store,,Cash,,Scone,Pastry,3.43,1,3.43,17.67,4
ORD-002847,2025-07-14 16:08:21,Monday,Uptown,In Store,,Cash,,Bagel w/ Cream Cheese,Pastry,4.06,1,4.06,17.67,4
ORD-002847,2025-07-14 16:08:21,Monday,Uptown,In Store,,Cash,,Protein Box,Snack,7.25,1,7.25,17.67,4
ORD-000298,2025-07-15 10:51:47,Tuesday,Downtown,Delivery,DoorDash,Debit Card,CUST-4136,Cappuccino,Beverage,4.66,1,4.66,4.66,1
ORD-002998,2025-07-15 10:55:29,Tuesday,Campus,In Store,,Cash,,Avocado Toast,Food,8.43,1,8.43,11.0,2
ORD-002998,2025-07-15 10:55:29,Tuesday,Campus,In Store,,Cash,,Drip Coffee,Beverage,2.57,1,2.57,11.0,2
ORD-001195,2025-07-15 12:44:57,Tuesday,Riverside,Mobile,,Debit Card,CUST-3409,Iced Tea,Beverage,2.79,2,5.58,5.58,1
ORD-001620,2025-07-15 16:52:21,Tuesday,Campus,In Store,,Cash,,Chai Latte,Beverage,4.74,1,4.74,19.83,4
ORD-001620,2025-07-15 16:52:21,Tuesday,Campus,In Store,,Cash,,Granola & Yogurt Cup,Snack,4.83,1,4.83,19.83,4
ORD-001620,2025-07-15 16:52:21,Tuesday,Campus,In Store,,Cash,,Cinnamon Roll,Pastry,3.77,2,7.54,19.83,4
ORD-001620,2025-07-15 16:52:21,Tuesday,Campus,In Store,,Cash,,Espresso Shot,Beverage,2.72,1,2.72,19.83,4
ORD-000996,2025-07-16 08:39:01,Wednesday,Downtown,Delivery,Grubhub,Mobile Wallet,,Protein Box,Snack,7.04,1,7.04,20.93,5
ORD-000996,2025-07-16 08:39:01,Wednesday,Downtown,Delivery,Grubhub,Mobile Wallet,,Bagel w/ Cream Cheese,Pastry,3.63,1,3.63,20.93,5
ORD-000996,2025-07-16 08:39:01,Wednesday,Downtown,Delivery,Grubhub,Mobile Wallet,,Chai Latte,Beverage,4.48,1,4.48,20.93,5
ORD-000996,2025-07-16 08:39:01,Wednesday,Downtown,Delivery,Grubhub,Mobile Wallet,,Chocolate Chip Cookie,Pastry,2.7,1,2.7,20.93,5
ORD-000996,2025-07-16 08:39:01,Wednesday,Downtown,Delivery,Grubhub,Mobile Wallet,,Americano,Beverage,3.08,1,3.08,20.93,5
ORD-001016,2025-07-16 09:14:02,Wednesday,Downtown,In Store,,Credit Card,CUST-3331,Protein Box,Snack,6.81,2,13.62,13.62,1
ORD-000427,2025-07-16 10:39:02,Wednesday,Uptown,In Store,,Cash,,Espresso Shot,Beverage,2.74,1,2.74,15.61,3
ORD-000427,2025-07-16 10:39:02,Wednesday,Uptown,In Store,,Cash,,Iced Tea,Beverage,3.31,1,3.31,15.61,3
ORD-000427,2025-07-16 10:39:02,Wednesday,Uptown,In Store,,Cash,,Chai Latte,Beverage,4.78,2,9.56,15.61,3
ORD-002838,2025-07-16 10:43:42,Wednesday,Downtown,In Store,,Debit Card,,Chai Latte,Beverage,4.88,1,4.88,9.09,2
ORD-002838,2025-07-16 10:43:42,Wednesday,Downtown,In Store,,Debit Card,,Hot Chocolate,Beverage,4.21,1,4.21,9.09,2
ORD-001862,2025-07-16 12:09:45,Wednesday,Riverside,Mobile,,Mobile Wallet,CUST-1545,Breakfast Burrito,Food,7.05,1,7.05,9.81,2
ORD-001862,2025-07-16 12:09:45,Wednesday,Riverside,Mobile,,Mobile Wallet,CUST-1545,Iced Tea,Beverage,2.76,1,2.76,9.81,2
ORD-000390,2025-07-16 16:23:53,Wednesday,Riverside,In Store,,Credit Card,CUST-1293,Espresso Shot,Beverage,2.74,2,5.48,19.88,2
ORD-000390,2025-07-16 16:23:53,Wednesday,Riverside,In Store,,Credit Card,CUST-1293,Granola & Yogurt Cup,Snack,4.8,3,14.4,19.88,2
ORD-001660,2025-07-16 19:25:23,Wednesday,Downtown,Mobile,,Debit Card,CUST-2998,Cold Brew,Beverage,4.96,1,4.96,12.09,3
ORD-001660,2025-07-16 19:25:23,Wednesday,Downtown,Mobile,,Debit Card,CUST-2998,Blueberry Muffin,Pastry,3.65,1,3.65,12.09,3
ORD-001660,2025-07-16 19:25:23,Wednesday,Downtown,Mobile,,Debit Card,CUST-2998,Croissant,Pastry,3.48,1,3.48,12.09,3
ORD-002011,2025-07-17 06:10:27,Thursday,Campus,Mobile,,Debit Card,CUST-1957,Latte,Beverage,4.7,3,14.1,45.23,4
ORD-002011,2025-07-17 06:10:27,Thursday,Campus,Mobile,,Debit Card,CUST-1957,Grilled Cheese,Food,6.94,1,6.94,45.23,4
ORD-002011,2025-07-17 06:10:27,Thursday,Campus,Mobile,,Debit Card,CUST-1957,Veggie Wrap,Food,7.57,1,7.57,45.23,4
ORD-002011,2025-07-17 06:10:27,Thursday,Campus,Mobile,,Debit Card,CUST-1957,Turkey & Swiss Sandwich,Food,8.31,2,16.62,45.23,4
ORD-000165,2025-07-17 06:26:24,Thursday,Uptown,Mobile,,Mobile Wallet,CUST-3134,Blueberry Muffin,Pastry,3.2,1,3.2,3.2,1
ORD-002489,2025-07-17 07:03:24,Thursday,Campus,Mobile,,Credit Card,CUST-3056,Blueberry Muffin,Pastry,3.52,1,3.52,21.58,3
ORD-002489,2025-07-17 07:03:24,Thursday,Campus,Mobile,,Credit Card,CUST-3056,Fruit Cup,Snack,4.41,3,13.23,21.58,3
ORD-002489,2025-07-17 07:03:24,Thursday,Campus,Mobile,,Credit Card,CUST-3056,Granola & Yogurt Cup,Snack,4.83,1,4.83,21.58,3
ORD-002073,2025-07-17 09:26:35,Thursday,Uptown,Mobile,,Mobile Wallet,CUST-1017,Iced Tea,Beverage,3.28,1,3.28,21.79,4
ORD-002073,2025-07-17 09:26:35,Thursday,Uptown,Mobile,,Mobile Wallet,CUST-1017,Protein Box,Snack,7.07,1,7.07,21.79,4
ORD-002073,2025-07-17 09:26:35,Thursday,Uptown,Mobile,,Mobile Wallet,CUST-1017,Avocado Toast,Food,8.1,1,8.1,21.79,4
ORD-002073,2025-07-17 09:26:35,Thursday,Uptown,Mobile,,Mobile Wallet,CUST-1017,Croissant,Pastry,3.34,1,3.34,21.79,4
ORD-000997,2025-07-17 11:14:06,Thursday,Campus,Mobile,,Mobile Wallet,CUST-2819,Granola & Yogurt Cup,Snack,5.26,2,10.52,14.09,2
ORD-000997,2025-07-17 11:14:06,Thursday,Campus,Mobile,,Mobile Wallet,CUST-2819,Blueberry Muffin,Pastry,3.57,1,3.57,14.09,2
ORD-002008,2025-07-17 11:18:42,Thursday,Campus,Mobile,,Mobile Wallet,CUST-1871,Mocha,Beverage,5.31,1,5.31,5.31,1
ORD-000723,2025-07-17 14:06:29,Thursday,Campus,In Store,,Credit Card,CUST-2872,Blueberry Muffin,Pastry,3.23,1,3.23,3.23,1
ORD-002598,2025-07-17 14:15:32,Thursday,Downtown,In Store,,Mobile Wallet,CUST-4823,Cappuccino,Beverage,4.09,1,4.09,4.09,1
ORD-001939,2025-07-18 09:19:20,Friday,Campus,Delivery,Grubhub,Mobile Wallet,,Cappuccino,Beverage,4.35,1,4.35,4.35,1
ORD-000923,2025-07-18 11:21:20,Friday,Uptown,Mobile,,Mobile Wallet,CUST-3170,Mocha,Beverage,5.13,1,5.13,5.13,1
ORD-001663,2025-07-18 12:37:09,Friday,Riverside,In Store,,Mobile Wallet,CUST-3625,Veggie Wrap,Food,8.21,2,16.42,23.08,2
ORD-001663,2025-07-18 12:37:09,Friday,Riverside,In Store,,Mobile Wallet,CUST-3625,Grilled Cheese,Food,6.66,1,6.66,23.08,2
ORD-000265,2025-07-18 13:38:56,Friday,Campus,In Store,,Mobile Wallet,,Blueberry Muffin,Pastry,3.22,1,3.22,26.14,4
ORD-000265,2025-07-18 13:38:56,Friday,Campus,In Store,,Mobile Wallet,,Matcha Latte,Beverage,5.28,1,5.28,26.14,4
ORD-000265,2025-07-18 13:38:56,Friday,Campus,In Store,,Mobile Wallet,,Chai Latte,Beverage,4.35,1,4.35,26.14,4
ORD-000265,2025-07-18 13:38:56,Friday,Campus,In Store,,Mobile Wallet,,Fruit Cup,Snack,4.43,3,13.29,26.14,4
ORD-002786,2025-07-18 14:08:48,Friday,Uptown,In Store,,Credit Card,CUST-1387,Turkey & Swiss Sandwich,Food,8.39,3,25.17,25.17,1
ORD-000892,2025-07-18 14:45:50,Friday,Riverside,Delivery,Uber Eats,Debit Card,,Chai Latte,Beverage,4.77,1,4.77,20.31,4
ORD-000892,2025-07-18 14:45:50,Friday,Riverside,Delivery,Uber Eats,Debit Card,,Croissant,Pastry,3.32,1,3.32,20.31,4
ORD-000892,2025-07-18 14:45:50,Friday,Riverside,Delivery,Uber Eats,Debit Card,,Iced Tea,Beverage,3.37,1,3.37,20.31,4
ORD-000892,2025-07-18 14:45:50,Friday,Riverside,Delivery,Uber Eats,Debit Card,,Turkey & Swiss Sandwich,Food,8.85,1,8.85,20.31,4
ORD-000197,2025-07-18 16:36:26,Friday,Uptown,In Store,,Mobile Wallet,,Avocado Toast,Food,8.41,2,16.82,23.69,3
ORD-000197,2025-07-18 16:36:26,Friday,Uptown,In Store,,Mobile Wallet,,Cappuccino,Beverage,4.21,1,4.21,23.69,3
ORD-000197,2025-07-18 16:36:26,Friday,Uptown,In Store,,Mobile Wallet,,Drip Coffee,Beverage,2.66,1,2.66,23.69,3
ORD-000669,2025-07-18 17:42:05,Friday,Campus,In Store,,Mobile Wallet,CUST-1738,Blueberry Muffin,Pastry,3.25,1,3.25,10.48,3
ORD-000669,2025-07-18 17:42:05,Friday,Campus,In Store,,Mobile Wallet,CUST-1738,Fruit Cup,Snack,4.45,1,4.45,10.48,3
ORD-000669,2025-07-18 17:42:05,Friday,Campus,In Store,,Mobile Wallet,CUST-1738,Chocolate Chip Cookie,Pastry,2.78,1,2.78,10.48,3
ORD-001440,2025-07-18 18:59:44,Friday,Uptown,Mobile,,Credit Card,CUST-2130,Breakfast Burrito,Food,7.2,2,14.4,35.91,5
ORD-001440,2025-07-18 18:59:44,Friday,Uptown,Mobile,,Credit Card,CUST-2130,Cinnamon Roll,Pastry,4.1,1,4.1,35.91,5
ORD-001440,2025-07-18 18:59:44,Friday,Uptown,Mobile,,Credit Card,CUST-2130,Scone,Pastry,3.18,1,3.18,35.91,5
ORD-001440,2025-07-18 18:59:44,Friday,Uptown,Mobile,,Credit Card,CUST-2130,Turkey & Swiss Sandwich,Food,8.73,1,8.73,35.91,5
ORD-001440,2025-07-18 18:59:44,Friday,Uptown,Mobile,,Credit Card,CUST-2130,Chocolate Chip Cookie,Pastry,2.75,2,5.5,35.91,5
ORD-000629,2025-07-19 08:06:50,Saturday,Uptown,In Store,,Debit Card,,Caesar Salad,Food,8.21,1,8.21,21.61,3
ORD-000629,2025-07-19 08:06:50,Saturday,Uptown,In Store,,Debit Card,,Latte,Beverage,4.26,1,4.26,21.61,3
ORD-000629,2025-07-19 08:06:50,Saturday,Uptown,In Store,,Debit Card,,Chai Latte,Beverage,4.57,2,9.14,21.61,3
ORD-001741,2025-07-19 08:49:38,Saturday,Campus,In Store,,Cash,CUST-1196,Espresso Shot,Beverage,2.51,3,7.53,19.71,3
ORD-001741,2025-07-19 08:49:38,Saturday,Campus,In Store,,Cash,CUST-1196,Matcha Latte,Beverage,5.42,1,5.42,19.71,3
ORD-001741,2025-07-19 08:49:38,Saturday,Campus,In Store,,Cash,CUST-1196,Grilled Cheese,Food,6.76,1,6.76,19.71,3
ORD-001510,2025-07-19 10:57:52,Saturday,Uptown,In Store,,Mobile Wallet,CUST-2924,Croissant,Pastry,3.41,2,6.82,16.48,3
ORD-001510,2025-07-19 10:57:52,Saturday,Uptown,In Store,,Mobile Wallet,CUST-2924,Scone,Pastry,3.17,2,6.34,16.48,3
ORD-001510,2025-07-19 10:57:52,Saturday,Uptown,In Store,,Mobile Wallet,CUST-2924,Blueberry Muffin,Pastry,3.32,1,3.32,16.48,3
ORD-002237,2025-07-19 12:38:12,Saturday,Uptown,In Store,,Mobile Wallet,CUST-3689,Hot Chocolate,Beverage,3.98,1,3.98,10.66,3
ORD-002237,2025-07-19 12:38:12,Saturday,Uptown,In Store,,Mobile Wallet,CUST-3689,Bag of Chips,Snack,2.47,1,2.47,10.66,3
ORD-002237,2025-07-19 12:38:12,Saturday,Uptown,In Store,,Mobile Wallet,CUST-3689,Bagel w/ Cream Cheese,Pastry,4.21,1,4.21,10.66,3
ORD-002248,2025-07-19 14:29:35,Saturday,Campus,Mobile,,Mobile Wallet,CUST-1077,Grilled Cheese,Food,6.42,1,6.42,6.42,1
ORD-000327,2025-07-20 07:30:11,Sunday,Riverside,In Store,,Mobile Wallet,,Fruit Cup,Snack,3.99,1,3.99,3.99,1
ORD-002063,2025-07-20 07:51:46,Sunday,Riverside,In Store,,Credit Card,,Veggie Wrap,Food,8.06,2,16.12,22.82,2
ORD-002063,2025-07-20 07:51:46,Sunday,Riverside,In Store,,Credit Card,,Grilled Cheese,Food,6.7,1,6.7,22.82,2
ORD-000196,2025-07-20 09:03:50,Sunday,Uptown,Delivery,Uber Eats,Debit Card,CUST-3046,Cappuccino,Beverage,4.01,2,8.02,11.41,2
ORD-000196,2025-07-20 09:03:50,Sunday,Uptown,Delivery,Uber Eats,Debit Card,CUST-3046,Scone,Pastry,3.39,1,3.39,11.41,2
ORD-002589,2025-07-20 09:38:00,Sunday,Riverside,In Store,,Debit Card,,Veggie Wrap,Food,8.04,3,24.12,49.44,4
ORD-002589,2025-07-20 09:38:00,Sunday,Riverside,In Store,,Debit Card,,Turkey & Swiss Sandwich,Food,8.52,1,8.52,49.44,4
ORD-002589,2025-07-20 09:38:00,Sunday,Riverside,In Store,,Debit Card,,Bagel w/ Cream Cheese,Pastry,3.82,3,11.46,49.44,4
ORD-002589,2025-07-20 09:38:00,Sunday,Riverside,In Store,,Debit Card,,Granola & Yogurt Cup,Snack,5.34,1,5.34,49.44,4
ORD-001325,2025-07-20 10:28:48,Sunday,Uptown,In Store,,Credit Card,CUST-3131,Espresso Shot,Beverage,2.58,1,2.58,23.52,5
ORD-001325,2025-07-20 10:28:48,Sunday,Uptown,In Store,,Credit Card,CUST-3131,Protein Box,Snack,6.78,1,6.78,23.52,5
ORD-001325,2025-07-20 10:28:48,Sunday,Uptown,In Store,,Credit Card,CUST-3131,Chai Latte,Beverage,4.26,1,4.26,23.52,5
ORD-001325,2025-07-20 10:28:48,Sunday,Uptown,In Store,,Credit Card,CUST-3131,Breakfast Burrito,Food,7.25,1,7.25,23.52,5
ORD-001325,2025-07-20 10:28:48,Sunday,Uptown,In Store,,Credit Card,CUST-3131,Drip Coffee,Beverage,2.65,1,2.65,23.52,5
ORD-002325,2025-07-20 15:46:15,Sunday,Campus,In Store,,Credit Card,,Bagel w/ Cream Cheese,Pastry,3.78,1,3.78,3.78,1
ORD-000281,2025-07-20 15:54:34,Sunday,Uptown,In Store,,Debit Card,,Granola & Yogurt Cup,Snack,4.81,2,9.62,41.34,4
ORD-000281,2025-07-20 15:54:34,Sunday,Uptown,In Store,,Debit Card,,Protein Box,Snack,6.71,3,20.13,41.34,4
ORD-000281,2025-07-20 15:54:34,Sunday,Uptown,In Store,,Debit Card,,Croissant,Pastry,3.66,1,3.66,41.34,4
ORD-000281,2025-07-20 15:54:34,Sunday,Uptown,In Store,,Debit Card,,Veggie Wrap,Food,7.93,1,7.93,41.34,4
ORD-001882,2025-07-20 19:16:13,Sunday,Campus,In Store,,Debit Card,,Protein Box,Snack,7.12,1,7.12,10.07,2
ORD-001882,2025-07-20 19:16:13,Sunday,Campus,In Store,,Debit Card,,Espresso Shot,Beverage,2.95,1,2.95,10.07,2
ORD-002536,2025-07-21 06:31:20,Monday,Uptown,Mobile,,Credit Card,CUST-1233,Hot Chocolate,Beverage,3.62,1,3.62,3.62,1
ORD-000124,2025-07-21 12:15:13,Monday,Downtown,In Store,,Cash,CUST-3447,Hot Chocolate,Beverage,3.8,1,3.8,24.67,4
ORD-000124,2025-07-21 12:15:13,Monday,Downtown,In Store,,Cash,CUST-3447,Bagel w/ Cream Cheese,Pastry,4.07,1,4.07,24.67,4
ORD-000124,2025-07-21 12:15:13,Monday,Downtown,In Store,,Cash,CUST-3447,Caesar Salad,Food,8.66,1,8.66,24.67,4
ORD-000124,2025-07-21 12:15:13,Monday,Downtown,In Store,,Cash,CUST-3447,Veggie Wrap,Food,8.14,1,8.14,24.67,4
ORD-000353,2025-07-21 13:05:46,Monday,Uptown,In Store,,Mobile Wallet,CUST-1625,Breakfast Burrito,Food,7.1,1,7.1,11.01,2
ORD-000353,2025-07-21 13:05:46,Monday,Uptown,In Store,,Mobile Wallet,CUST-1625,Hot Chocolate,Beverage,3.91,1,3.91,11.01,2
ORD-000805,2025-07-22 08:00:42,Tuesday,Uptown,In Store,,Debit Card,CUST-1756,Mocha,Beverage,5.24,1,5.24,5.24,1
ORD-002816,2025-07-22 09:50:11,Tuesday,Campus,In Store,,Debit Card,,Granola & Yogurt Cup,Snack,5.02,1,5.02,5.02,1
ORD-000627,2025-07-22 10:23:27,Tuesday,Riverside,Delivery,Uber Eats,Credit Card,,Espresso Shot,Beverage,2.25,1,2.25,9.81,2
ORD-000627,2025-07-22 10:23:27,Tuesday,Riverside,Delivery,Uber Eats,Credit Card,,Croissant,Pastry,3.78,2,7.56,9.81,2
ORD-002113,2025-07-22 11:20:44,Tuesday,Riverside,Delivery,Grubhub,Mobile Wallet,CUST-2643,Croissant,Pastry,3.88,1,3.88,6.83,2
ORD-002113,2025-07-22 11:20:44,Tuesday,Riverside,Delivery,Grubhub,Mobile Wallet,CUST-2643,Chocolate Chip Cookie,Pastry,2.95,1,2.95,6.83,2
ORD-001205,2025-07-22 11:31:35,Tuesday,Downtown,In Store,,Credit Card,,Cinnamon Roll,Pastry,4.29,1,4.29,21.35,4
ORD-001205,2025-07-22 11:31:35,Tuesday,Downtown,In Store,,Credit Card,,Croissant,Pastry,3.45,2,6.9,21.35,4
ORD-001205,2025-07-22 11:31:35,Tuesday,Downtown,In Store,,Credit Card,,Drip Coffee,Beverage,2.82,1,2.82,21.35,4
ORD-001205,2025-07-22 11:31:35,Tuesday,Downtown,In Store,,Credit Card,,Protein Box,Snack,7.34,1,7.34,21.35,4
ORD-002267,2025-07-22 11:41:27,Tuesday,Campus,In Store,,Mobile Wallet,,Espresso Shot,Beverage,2.4,2,4.8,4.8,1
ORD-002617,2025-07-22 11:56:42,Tuesday,Uptown,In Store,,Cash,,Turkey & Swiss Sandwich,Food,8.28,1,8.28,8.28,1
ORD-000210,2025-07-22 12:43:19,Tuesday,Uptown,In Store,,Cash,,Turkey & Swiss Sandwich,Food,8.85,1,8.85,27.16,4
ORD-000210,2025-07-22 12:43:19,Tuesday,Uptown,In Store,,Cash,,Americano,Beverage,3.62,1,3.62,27.16,4
ORD-000210,2025-07-22 12:43:19,Tuesday,Uptown,In Store,,Cash,,Granola & Yogurt Cup,Snack,4.71,1,4.71,27.16,4
ORD-000210,2025-07-22 12:43:19,Tuesday,Uptown,In Store,,Cash,,Chai Latte,Beverage,4.99,2,9.98,27.16,4
ORD-001158,2025-07-23 07:09:46,Wednesday,Uptown,In Store,,Credit Card,CUST-3813,Fruit Cup,Snack,3.99,1,3.99,19.27,4
ORD-001158,2025-07-23 07:09:46,Wednesday,Uptown,In Store,,Credit Card,CUST-3813,Chocolate Chip Cookie,Pastry,2.76,1,2.76,19.27,4
ORD-001158,2025-07-23 07:09:46,Wednesday,Uptown,In Store,,Credit Card,CUST-3813,Caesar Salad,Food,8.68,1,8.68,19.27,4
ORD-001158,2025-07-23 07:09:46,Wednesday,Uptown,In Store,,Credit Card,CUST-3813,Cinnamon Roll,Pastry,3.84,1,3.84,19.27,4
ORD-001957,2025-07-23 07:34:58,Wednesday,Riverside,Mobile,,Mobile Wallet,CUST-3223,Protein Box,Snack,7.08,3,21.24,37.46,4
ORD-001957,2025-07-23 07:34:58,Wednesday,Riverside,Mobile,,Mobile Wallet,CUST-3223,Drip Coffee,Beverage,2.66,1,2.66,37.46,4
ORD-001957,2025-07-23 07:34:58,Wednesday,Riverside,Mobile,,Mobile Wallet,CUST-3223,Mocha,Beverage,5.38,1,5.38,37.46,4
ORD-001957,2025-07-23 07:34:58,Wednesday,Riverside,Mobile,,Mobile Wallet,CUST-3223,Avocado Toast,Food,8.18,1,8.18,37.46,4
ORD-001434,2025-07-23 08:02:03,Wednesday,Uptown,In Store,,Credit Card,CUST-2746,Cappuccino,Beverage,4.06,1,4.06,8.49,2
ORD-001434,2025-07-23 08:02:03,Wednesday,Uptown,In Store,,Credit Card,CUST-2746,Latte,Beverage,4.43,1,4.43,8.49,2
ORD-002960,2025-07-23 08:38:03,Wednesday,Campus,In Store,,Cash,CUST-1240,Americano,Beverage,3.63,1,3.63,3.63,1
ORD-001320,2025-07-23 10:05:04,Wednesday,Riverside,In Store,,Cash,,Cold Brew,Beverage,4.81,1,4.81,4.81,1
ORD-002807,2025-07-23 12:44:28,Wednesday,Downtown,In Store,,Debit Card,CUST-1087,Protein Box,Snack,6.97,1,6.97,6.97,1
ORD-001747,2025-07-23 14:58:09,Wednesday,Downtown,In Store,,Cash,CUST-2428,Mocha,Beverage,5.15,2,10.3,17.18,2
ORD-001747,2025-07-23 14:58:09,Wednesday,Downtown,In Store,,Cash,CUST-2428,Grilled Cheese,Food,6.88,1,6.88,17.18,2
ORD-002504,2025-07-23 17:48:10,Wednesday,Uptown,In Store,,Cash,CUST-1167,Hot Chocolate,Beverage,4.11,1,4.11,12.43,2
ORD-002504,2025-07-23 17:48:10,Wednesday,Uptown,In Store,,Cash,CUST-1167,Cappuccino,Beverage,4.16,2,8.32,12.43,2
ORD-000117,2025-07-23 20:46:30,Wednesday,Campus,In Store,,Cash,CUST-2298,Caesar Salad,Food,8.41,2,16.82,20.67,2
ORD-000117,2025-07-23 20:46:30,Wednesday,Campus,In Store,,Cash,CUST-2298,Cinnamon Roll,Pastry,3.85,1,3.85,20.67,2
ORD-000826,2025-07-24 09:34:53,Thursday,Campus,In Store,,Credit Card,,Avocado Toast,Food,8.43,1,8.43,8.43,1
ORD-000031,2025-07-24 09:41:44,Thursday,Downtown,In Store,,Mobile Wallet,CUST-4293,Latte,Beverage,4.67,1,4.67,28.93,5
ORD-000031,2025-07-24 09:41:44,Thursday,Downtown,In Store,,Mobile Wallet,CUST-4293,Turkey & Swiss Sandwich,Food,8.82,1,8.82,28.93,5
ORD-000031,2025-07-24 09:41:44,Thursday,Downtown,In Store,,Mobile Wallet,CUST-4293,Chai Latte,Beverage,4.86,1,4.86,28.93,5
ORD-000031,2025-07-24 09:41:44,Thursday,Downtown,In Store,,Mobile Wallet,CUST-4293,Cinnamon Roll,Pastry,4.1,1,4.1,28.93,5
ORD-000031,2025-07-24 09:41:44,Thursday,Downtown,In Store,,Mobile Wallet,CUST-4293,Scone,Pastry,3.24,2,6.48,28.93,5
ORD-001011,2025-07-24 11:29:23,Thursday,Campus,Delivery,Uber Eats,Credit Card,,Espresso Shot,Beverage,2.94,2,5.88,5.88,1
ORD-000398,2025-07-24 11:30:47,Thursday,Uptown,Delivery,Grubhub,Debit Card,,Espresso Shot,Beverage,2.26,2,4.52,11.5,2
ORD-000398,2025-07-24 11:30:47,Thursday,Uptown,Delivery,Grubhub,Debit Card,,Scone,Pastry,3.49,2,6.98,11.5,2
ORD-001872,2025-07-25 07:15:05,Friday,Riverside,In Store,,Debit Card,CUST-1221,Protein Box,Snack,7.16,1,7.16,24.53,5
ORD-001872,2025-07-25 07:15:05,Friday,Riverside,In Store,,Debit Card,CUST-1221,Iced Tea,Beverage,2.76,1,2.76,24.53,5
ORD-001872,2025-07-25 07:15:05,Friday,Riverside,In Store,,Debit Card,CUST-1221,Chai Latte,Beverage,4.32,1,4.32,24.53,5
ORD-001872,2025-07-25 07:15:05,Friday,Riverside,In Store,,Debit Card,CUST-1221,Latte,Beverage,4.92,1,4.92,24.53,5
ORD-001872,2025-07-25 07:15:05,Friday,Riverside,In Store,,Debit Card,CUST-1221,Mocha,Beverage,5.37,1,5.37,24.53,5
ORD-002709,2025-07-25 08:01:03,Friday,Uptown,Mobile,,Debit Card,CUST-1594,Americano,Beverage,3.06,1,3.06,14.9,3
ORD-002709,2025-07-25 08:01:03,Friday,Uptown,Mobile,,Debit Card,CUST-1594,Latte,Beverage,4.81,1,4.81,14.9,3
ORD-002709,2025-07-25 08:01:03,Friday,Uptown,Mobile,,Debit Card,CUST-1594,Protein Box,Snack,7.03,1,7.03,14.9,3
ORD-001684,2025-07-25 08:23:49,Friday,Uptown,In Store,,Credit Card,,Cinnamon Roll,Pastry,4.32,1,4.32,10.51,3
ORD-001684,2025-07-25 08:23:49,Friday,Uptown,In Store,,Credit Card,,Espresso Shot,Beverage,2.53,1,2.53,10.51,3
ORD-001684,2025-07-25 08:23:49,Friday,Uptown,In Store,,Credit Card,,Blueberry Muffin,Pastry,3.66,1,3.66,10.51,3
ORD-002432,2025-07-25 08:31:56,Friday,Uptown,In Store,,Debit Card,,Avocado Toast,Food,7.78,2,15.56,15.56,1
ORD-000255,2025-07-25 10:29:17,Friday,Campus,Mobile,,Debit Card,CUST-3657,Grilled Cheese,Food,6.58,1,6.58,23.2,4
ORD-000255,2025-07-25 10:29:17,Friday,Campus,Mobile,,Debit Card,CUST-3657,Americano,Beverage,3.08,2,6.16,23.2,4
ORD-000255,2025-07-25 10:29:17,Friday,Campus,Mobile,,Debit Card,CUST-3657,Cold Brew,Beverage,5.24,1,5.24,23.2,4
ORD-000255,2025-07-25 10:29:17,Friday,Campus,Mobile,,Debit Card,CUST-3657,Espresso Shot,Beverage,2.61,2,5.22,23.2,4
ORD-001191,2025-07-25 10:53:44,Friday,Uptown,In Store,,Debit Card,,Hot Chocolate,Beverage,3.7,1,3.7,3.7,1
ORD-000638,2025-07-25 12:13:11,Friday,Uptown,In Store,,Cash,,Scone,Pastry,3.37,2,6.74,17.02,3
ORD-000638,2025-07-25 12:13:11,Friday,Uptown,In Store,,Cash,,Grilled Cheese,Food,6.34,1,6.34,17.02,3
ORD-000638,2025-07-25 12:13:11,Friday,Uptown,In Store,,Cash,,Cinnamon Roll,Pastry,3.94,1,3.94,17.02,3
ORD-002853,2025-07-26 06:26:59,Saturday,Downtown,In Store,,Credit Card,,Matcha Latte,Beverage,5.47,1,5.47,9.45,2
ORD-002853,2025-07-26 06:26:59,Saturday,Downtown,In Store,,Credit Card,,Hot Chocolate,Beverage,3.98,1,3.98,9.45,2
ORD-001567,2025-07-26 07:29:51,Saturday,Uptown,Mobile,,Credit Card,CUST-1074,Breakfast Burrito,Food,7.51,2,15.02,15.02,1
ORD-000644,2025-07-26 07:33:08,Saturday,Downtown,Mobile,,Mobile Wallet,CUST-1408,Americano,Beverage,3.03,1,3.03,9.17,2
ORD-000644,2025-07-26 07:33:08,Saturday,Downtown,Mobile,,Mobile Wallet,CUST-1408,Drip Coffee,Beverage,3.07,2,6.14,9.17,2
ORD-002976,2025-07-26 09:16:59,Saturday,Uptown,Mobile,,Credit Card,CUST-2814,Bagel w/ Cream Cheese,Pastry,3.93,1,3.93,25.07,4
ORD-002976,2025-07-26 09:16:59,Saturday,Uptown,Mobile,,Credit Card,CUST-2814,Grilled Cheese,Food,6.37,2,12.74,25.07,4
ORD-002976,2025-07-26 09:16:59,Saturday,Uptown,Mobile,,Credit Card,CUST-2814,Latte,Beverage,4.52,1,4.52,25.07,4
ORD-002976,2025-07-26 09:16:59,Saturday,Uptown,Mobile,,Credit Card,CUST-2814,Fruit Cup,Snack,3.88,1,3.88,25.07,4
ORD-000261,2025-07-26 11:35:35,Saturday,Downtown,In Store,,Debit Card,,Veggie Wrap,Food,7.76,1,7.76,24.98,2
ORD-000261,2025-07-26 11:35:35,Saturday,Downtown,In Store,,Debit Card,,Caesar Salad,Food,8.61,2,17.22,24.98,2
ORD-001424,2025-07-26 11:37:07,Saturday,Downtown,Mobile,,Mobile Wallet,CUST-3134,Fruit Cup,Snack,3.79,3,11.37,19.67,2
ORD-001424,2025-07-26 11:37:07,Saturday,Downtown,Mobile,,Mobile Wallet,CUST-3134,Avocado Toast,Food,8.3,1,8.3,19.67,2
ORD-000778,2025-07-26 13:30:33,Saturday,Uptown,Mobile,,Credit Card,CUST-4143,Hot Chocolate,Beverage,4.02,1,4.02,6.9,2
ORD-000778,2025-07-26 13:30:33,Saturday,Uptown,Mobile,,Credit Card,CUST-4143,Chocolate Chip Cookie,Pastry,2.88,1,2.88,6.9,2
ORD-001008,2025-07-26 17:29:41,Saturday,Riverside,Delivery,Grubhub,Mobile Wallet,,Fruit Cup,Snack,3.83,2,7.66,20.55,3
ORD-001008,2025-07-26 17:29:41,Saturday,Riverside,Delivery,Grubhub,Mobile Wallet,,Matcha Latte,Beverage,4.84,2,9.68,20.55,3
ORD-001008,2025-07-26 17:29:41,Saturday,Riverside,Delivery,Grubhub,Mobile Wallet,,Scone,Pastry,3.21,1,3.21,20.55,3
ORD-001579,2025-07-27 06:12:22,Sunday,Downtown,Mobile,,Debit Card,CUST-3064,Croissant,Pastry,3.42,1,3.42,16.95,2
ORD-001579,2025-07-27 06:12:22,Sunday,Downtown,Mobile,,Debit Card,CUST-3064,Cappuccino,Beverage,4.51,3,13.53,16.95,2
ORD-002027,2025-07-27 11:12:43,Sunday,Downtown,Delivery,Uber Eats,Credit Card,,Caesar Salad,Food,8.18,2,16.36,24.82,2
ORD-002027,2025-07-27 11:12:43,Sunday,Downtown,Delivery,Uber Eats,Credit Card,,Bagel w/ Cream Cheese,Pastry,4.23,2,8.46,24.82,2
ORD-001445,2025-07-27 11:55:49,Sunday,Downtown,In Store,,Cash,,Cold Brew,Beverage,4.78,2,9.56,9.56,1
ORD-000176,2025-07-27 13:11:40,Sunday,Campus,Mobile,,Credit Card,CUST-4020,Mocha,Beverage,4.99,1,4.99,8.89,2
ORD-000176,2025-07-27 13:11:40,Sunday,Campus,Mobile,,Credit Card,CUST-4020,Cinnamon Roll,Pastry,3.9,1,3.9,8.89,2
ORD-002223,2025-07-27 14:38:05,Sunday,Riverside,Mobile,,Credit Card,CUST-1183,Hot Chocolate,Beverage,3.89,1,3.89,3.89,1
ORD-001965,2025-07-27 14:54:19,Sunday,Downtown,In Store,,Credit Card,,Protein Box,Snack,7.18,1,7.18,11.58,2
ORD-001965,2025-07-27 14:54:19,Sunday,Downtown,In Store,,Credit Card,,Fruit Cup,Snack,4.4,1,4.4,11.58,2
ORD-001759,2025-07-27 15:27:30,Sunday,Downtown,Mobile,,Mobile Wallet,CUST-3028,Espresso Shot,Beverage,2.86,1,2.86,11.56,2
ORD-001759,2025-07-27 15:27:30,Sunday,Downtown,Mobile,,Mobile Wallet,CUST-3028,Caesar Salad,Food,8.7,1,8.7,11.56,2
ORD-001732,2025-07-27 17:33:44,Sunday,Uptown,In Store,,Mobile Wallet,,Croissant,Pastry,3.64,3,10.92,14.21,2
ORD-001732,2025-07-27 17:33:44,Sunday,Uptown,In Store,,Mobile Wallet,,Americano,Beverage,3.29,1,3.29,14.21,2
ORD-001409,2025-07-28 08:11:23,Monday,Campus,In Store,,Debit Card,,Drip Coffee,Beverage,3.17,1,3.17,3.17,1
ORD-001662,2025-07-28 08:40:56,Monday,Riverside,Mobile,,Mobile Wallet,CUST-2023,Mocha,Beverage,5.23,2,10.46,10.46,1
ORD-001310,2025-07-28 09:20:44,Monday,Uptown,In Store,,Cash,,Matcha Latte,Beverage,4.89,1,4.89,12.65,2
ORD-001310,2025-07-28 09:20:44,Monday,Uptown,In Store,,Cash,,Avocado Toast,Food,7.76,1,7.76,12.65,2
ORD-002752,2025-07-28 10:15:42,Monday,Downtown,Mobile,,Mobile Wallet,CUST-1142,Mocha,Beverage,5.41,1,5.41,5.41,1
ORD-001750,2025-07-28 11:09:49,Monday,Riverside,In Store,,Mobile Wallet,,Avocado Toast,Food,8.44,2,16.88,16.88,1
ORD-000776,2025-07-28 12:30:18,Monday,Uptown,Delivery,DoorDash,Debit Card,,Croissant,Pastry,3.59,1,3.59,15.9,3
ORD-000776,2025-07-28 12:30:18,Monday,Uptown,Delivery,DoorDash,Debit Card,,Fruit Cup,Snack,3.72,1,3.72,15.9,3
ORD-000776,2025-07-28 12:30:18,Monday,Uptown,Delivery,DoorDash,Debit Card,,Turkey & Swiss Sandwich,Food,8.59,1,8.59,15.9,3
ORD-001769,2025-07-28 12:52:07,Monday,Downtown,Mobile,,Debit Card,CUST-1688,Bagel w/ Cream Cheese,Pastry,3.99,2,7.98,33.46,4
ORD-001769,2025-07-28 12:52:07,Monday,Downtown,Mobile,,Debit Card,CUST-1688,Veggie Wrap,Food,7.69,1,7.69,33.46,4
ORD-001769,2025-07-28 12:52:07,Monday,Downtown,Mobile,,Debit Card,CUST-1688,Drip Coffee,Beverage,3.21,1,3.21,33.46,4
ORD-001769,2025-07-28 12:52:07,Monday,Downtown,Mobile,,Debit Card,CUST-1688,Protein Box,Snack,7.29,2,14.58,33.46,4
ORD-000754,2025-07-28 13:42:08,Monday,Riverside,Mobile,,Debit Card,CUST-2285,Chocolate Chip Cookie,Pastry,2.99,1,2.99,2.99,1
ORD-000528,2025-07-28 13:58:56,Monday,Downtown,In Store,,Credit Card,,Espresso Shot,Beverage,2.31,1,2.31,29.9,3
ORD-000528,2025-07-28 13:58:56,Monday,Downtown,In Store,,Credit Card,,Hot Chocolate,Beverage,3.65,1,3.65,29.9,3
ORD-000528,2025-07-28 13:58:56,Monday,Downtown,In Store,,Credit Card,,Avocado Toast,Food,7.98,3,23.94,29.9,3
ORD-002898,2025-07-28 14:09:50,Monday,Riverside,Mobile,,Debit Card,CUST-1926,Bag of Chips,Snack,2.18,1,2.18,9.46,2
ORD-002898,2025-07-28 14:09:50,Monday,Riverside,Mobile,,Debit Card,CUST-1926,Breakfast Burrito,Food,7.28,1,7.28,9.46,2
ORD-000424,2025-07-28 18:08:22,Monday,Downtown,In Store,,Cash,,Grilled Cheese,Food,6.68,1,6.68,6.68,1
ORD-002004,2025-07-29 06:05:01,Tuesday,Downtown,In Store,,Cash,,Protein Box,Snack,7.34,1,7.34,17.75,3
ORD-002004,2025-07-29 06:05:01,Tuesday,Downtown,In Store,,Cash,,Breakfast Burrito,Food,7.49,1,7.49,17.75,3
ORD-002004,2025-07-29 06:05:01,Tuesday,Downtown,In Store,,Cash,,Espresso Shot,Beverage,2.92,1,2.92,17.75,3
ORD-001578,2025-07-29 08:26:53,Tuesday,Campus,In Store,,Cash,,Veggie Wrap,Food,7.82,1,7.82,7.82,1
ORD-000299,2025-07-29 09:00:45,Tuesday,Downtown,Mobile,,Mobile Wallet,CUST-3140,Drip Coffee,Beverage,2.65,1,2.65,2.65,1
ORD-000252,2025-07-29 09:02:35,Tuesday,Uptown,In Store,,Mobile Wallet,CUST-1011,Cappuccino,Beverage,4.63,2,9.26,9.26,1
ORD-000473,2025-07-29 09:37:03,Tuesday,Riverside,In Store,,Cash,CUST-2735,Chai Latte,Beverage,4.95,2,9.9,15.19,2
ORD-000473,2025-07-29 09:37:03,Tuesday,Riverside,In Store,,Cash,CUST-2735,Matcha Latte,Beverage,5.29,1,5.29,15.19,2
ORD-002110,2025-07-29 12:25:08,Tuesday,Uptown,Mobile,,Credit Card,CUST-4957,Cinnamon Roll,Pastry,3.94,1,3.94,17.31,4
ORD-002110,2025-07-29 12:25:08,Tuesday,Uptown,Mobile,,Credit Card,CUST-4957,Drip Coffee,Beverage,2.74,1,2.74,17.31,4
ORD-002110,2025-07-29 12:25:08,Tuesday,Uptown,Mobile,,Credit Card,CUST-4957,Caesar Salad,Food,8.28,1,8.28,17.31,4
ORD-002110,2025-07-29 12:25:08,Tuesday,Uptown,Mobile,,Credit Card,CUST-4957,Chocolate Chip Cookie,Pastry,2.35,1,2.35,17.31,4
ORD-000181,2025-07-29 13:26:45,Tuesday,Campus,Mobile,,Credit Card,CUST-1338,Protein Box,Snack,6.72,1,6.72,10.64,2
ORD-000181,2025-07-29 13:26:45,Tuesday,Campus,Mobile,,Credit Card,CUST-1338,Fruit Cup,Snack,3.92,1,3.92,10.64,2
ORD-002165,2025-07-29 14:35:14,Tuesday,Campus,Mobile,,Debit Card,CUST-4725,Bagel w/ Cream Cheese,Pastry,3.54,2,7.08,21.4,3
ORD-002165,2025-07-29 14:35:14,Tuesday,Campus,Mobile,,Debit Card,CUST-4725,Grilled Cheese,Food,6.6,1,6.6,21.4,3
ORD-002165,2025-07-29 14:35:14,Tuesday,Campus,Mobile,,Debit Card,CUST-4725,Breakfast Burrito,Food,7.72,1,7.72,21.4,3
ORD-001815,2025-07-29 15:26:22,Tuesday,Downtown,In Store,,Cash,,Cappuccino,Beverage,4.65,1,4.65,17.36,4
ORD-001815,2025-07-29 15:26:22,Tuesday,Downtown,In Store,,Cash,,Bagel w/ Cream Cheese,Pastry,3.81,1,3.81,17.36,4
ORD-001815,2025-07-29 15:26:22,Tuesday,Downtown,In Store,,Cash,,Drip Coffee,Beverage,3.1,1,3.1,17.36,4
ORD-001815,2025-07-29 15:26:22,Tuesday,Downtown,In Store,,Cash,,Chocolate Chip Cookie,Pastry,2.9,2,5.8,17.36,4
ORD-000095,2025-07-29 15:43:38,Tuesday,Riverside,In Store,,Cash,CUST-3285,Matcha Latte,Beverage,4.86,1,4.86,18.5,3
ORD-000095,2025-07-29 15:43:38,Tuesday,Riverside,In Store,,Cash,CUST-3285,Granola & Yogurt Cup,Snack,5.2,1,5.2,18.5,3
ORD-000095,2025-07-29 15:43:38,Tuesday,Riverside,In Store,,Cash,CUST-3285,Hot Chocolate,Beverage,4.22,2,8.44,18.5,3
ORD-002387,2025-07-29 18:51:53,Tuesday,Campus,In Store,,Credit Card,CUST-3205,Caesar Salad,Food,8.73,1,8.73,11.81,2
ORD-002387,2025-07-29 18:51:53,Tuesday,Campus,In Store,,Credit Card,CUST-3205,Drip Coffee,Beverage,3.08,1,3.08,11.81,2
ORD-000244,2025-07-29 19:57:58,Tuesday,Uptown,Delivery,Grubhub,Debit Card,CUST-1331,Cold Brew,Beverage,4.66,1,4.66,12.2,2
ORD-000244,2025-07-29 19:57:58,Tuesday,Uptown,Delivery,Grubhub,Debit Card,CUST-1331,Veggie Wrap,Food,7.54,1,7.54,12.2,2
ORD-000827,2025-07-30 08:01:39,Wednesday,Downtown,In Store,,Mobile Wallet,,Chai Latte,Beverage,4.72,1,4.72,4.72,1
ORD-000876,2025-07-30 08:30:52,Wednesday,Uptown,In Store,,Mobile Wallet,,Avocado Toast,Food,8.42,1,8.42,12.05,2
ORD-000876,2025-07-30 08:30:52,Wednesday,Uptown,In Store,,Mobile Wallet,,Blueberry Muffin,Pastry,3.63,1,3.63,12.05,2
ORD-001982,2025-07-30 08:54:04,Wednesday,Riverside,Mobile,,Mobile Wallet,CUST-2771,Espresso Shot,Beverage,2.83,1,2.83,2.83,1
ORD-001422,2025-07-30 09:27:11,Wednesday,Downtown,In Store,,Credit Card,CUST-1681,Granola & Yogurt Cup,Snack,5.4,1,5.4,5.4,1
ORD-001079,2025-07-30 12:39:35,Wednesday,Riverside,In Store,,Cash,,Scone,Pastry,3.35,1,3.35,10.82,3
ORD-001079,2025-07-30 12:39:35,Wednesday,Riverside,In Store,,Cash,,Espresso Shot,Beverage,2.88,1,2.88,10.82,3
ORD-001079,2025-07-30 12:39:35,Wednesday,Riverside,In Store,,Cash,,Cold Brew,Beverage,4.59,1,4.59,10.82,3
ORD-001657,2025-07-30 13:21:08,Wednesday,Uptown,In Store,,Mobile Wallet,CUST-4293,Cinnamon Roll,Pastry,3.75,1,3.75,3.75,1
ORD-002158,2025-07-30 15:01:00,Wednesday,Downtown,In Store,,Cash,CUST-4912,Bagel w/ Cream Cheese,Pastry,3.78,3,11.34,14.31,2
ORD-002158,2025-07-30 15:01:00,Wednesday,Downtown,In Store,,Cash,CUST-4912,Espresso Shot,Beverage,2.97,1,2.97,14.31,2
ORD-002258,2025-07-31 06:37:27,Thursday,Campus,In Store,,Mobile Wallet,,Fruit Cup,Snack,4.21,1,4.21,4.21,1
ORD-002091,2025-07-31 07:03:20,Thursday,Downtown,Delivery,Grubhub,Credit Card,,Bagel w/ Cream Cheese,Pastry,3.58,1,3.58,3.58,1
ORD-000677,2025-07-31 11:22:53,Thursday,Riverside,In Store,,Cash,,Cold Brew,Beverage,4.71,1,4.71,8.08,2
ORD-000677,2025-07-31 11:22:53,Thursday,Riverside,In Store,,Cash,,Croissant,Pastry,3.37,1,3.37,8.08,2
ORD-001061,2025-07-31 12:47:04,Thursday,Campus,In Store,,Credit Card,CUST-1878,Americano,Beverage,3.01,1,3.01,3.01,1
ORD-001020,2025-07-31 14:26:36,Thursday,Downtown,In Store,,Credit Card,CUST-2970,Cappuccino,Beverage,4.32,1,4.32,27.86,4
ORD-001020,2025-07-31 14:26:36,Thursday,Downtown,In Store,,Credit Card,CUST-2970,Caesar Salad,Food,8.04,2,16.08,27.86,4
ORD-001020,2025-07-31 14:26:36,Thursday,Downtown,In Store,,Credit Card,CUST-2970,Fruit Cup,Snack,4.43,1,4.43,27.86,4
ORD-001020,2025-07-31 14:26:36,Thursday,Downtown,In Store,,Credit Card,CUST-2970,Iced Tea,Beverage,3.03,1,3.03,27.86,4
ORD-002300,2025-07-31 15:27:25,Thursday,Riverside,In Store,,Credit Card,,Hot Chocolate,Beverage,3.64,1,3.64,7.36,2
ORD-002300,2025-07-31 15:27:25,Thursday,Riverside,In Store,,Credit Card,,Scone,Pastry,3.72,1,3.72,7.36,2
ORD-002028,2025-07-31 16:23:20,Thursday,Downtown,Mobile,,Mobile Wallet,CUST-1567,Cappuccino,Beverage,4.4,1,4.4,4.4,1
ORD-002924,2025-07-31 16:54:24,Thursday,Downtown,Mobile,,Mobile Wallet,CUST-4274,Hot Chocolate,Beverage,3.92,1,3.92,17.92,2
ORD-002924,2025-07-31 16:54:24,Thursday,Downtown,Mobile,,Mobile Wallet,CUST-4274,Breakfast Burrito,Food,7.0,2,14.0,17.92,2
ORD-002487,2025-07-31 17:52:45,Thursday,Uptown,Mobile,,Debit Card,CUST-4936,Caesar Salad,Food,8.13,1,8.13,8.13,1
ORD-000681,2025-08-01 07:01:09,Friday,Riverside,Mobile,,Debit Card,CUST-1698,Chai Latte,Beverage,4.95,1,4.95,24.93,5
ORD-000681,2025-08-01 07:01:09,Friday,Riverside,Mobile,,Debit Card,CUST-1698,Chocolate Chip Cookie,Pastry,2.54,1,2.54,24.93,5
ORD-000681,2025-08-01 07:01:09,Friday,Riverside,Mobile,,Debit Card,CUST-1698,Turkey & Swiss Sandwich,Food,8.95,1,8.95,24.93,5
ORD-000681,2025-08-01 07:01:09,Friday,Riverside,Mobile,,Debit Card,CUST-1698,Blueberry Muffin,Pastry,3.55,1,3.55,24.93,5
ORD-000681,2025-08-01 07:01:09,Friday,Riverside,Mobile,,Debit Card,CUST-1698,Mocha,Beverage,4.94,1,4.94,24.93,5
ORD-002372,2025-08-01 08:04:15,Friday,Downtown,In Store,,Debit Card,,Breakfast Burrito,Food,7.41,2,14.82,18.73,2
ORD-002372,2025-08-01 08:04:15,Friday,Downtown,In Store,,Debit Card,,Fruit Cup,Snack,3.91,1,3.91,18.73,2
ORD-000440,2025-08-01 08:37:38,Friday,Uptown,In Store,,Debit Card,,Iced Tea,Beverage,2.75,1,2.75,19.39,4
ORD-000440,2025-08-01 08:37:38,Friday,Uptown,In Store,,Debit Card,,Fruit Cup,Snack,4.39,1,4.39,19.39,4
ORD-000440,2025-08-01 08:37:38,Friday,Uptown,In Store,,Debit Card,,Avocado Toast,Food,8.05,1,8.05,19.39,4
ORD-000440,2025-08-01 08:37:38,Friday,Uptown,In Store,,Debit Card,,Cappuccino,Beverage,4.2,1,4.2,19.39,4
ORD-000647,2025-08-01 08:58:14,Friday,Campus,In Store,,Mobile Wallet,CUST-3684,Caesar Salad,Food,8.66,1,8.66,8.66,1
ORD-002295,2025-08-01 11:03:35,Friday,Riverside,Mobile,,Credit Card,CUST-2235,Scone,Pastry,3.22,1,3.22,23.82,5
ORD-002295,2025-08-01 11:03:35,Friday,Riverside,Mobile,,Credit Card,CUST-2235,Cappuccino,Beverage,4.68,1,4.68,23.82,5
ORD-002295,2025-08-01 11:03:35,Friday,Riverside,Mobile,,Credit Card,CUST-2235,Avocado Toast,Food,7.76,1,7.76,23.82,5
ORD-002295,2025-08-01 11:03:35,Friday,Riverside,Mobile,,Credit Card,CUST-2235,Drip Coffee,Beverage,2.92,1,2.92,23.82,5
ORD-002295,2025-08-01 11:03:35,Friday,Riverside,Mobile,,Credit Card,CUST-2235,Granola & Yogurt Cup,Snack,5.24,1,5.24,23.82,5
ORD-001784,2025-08-01 11:15:28,Friday,Downtown,In Store,,Credit Card,,Croissant,Pastry,3.44,1,3.44,14.37,3
ORD-001784,2025-08-01 11:15:28,Friday,Downtown,In Store,,Credit Card,,Bagel w/ Cream Cheese,Pastry,4.06,1,4.06,14.37,3
ORD-001784,2025-08-01 11:15:28,Friday,Downtown,In Store,,Credit Card,,Bag of Chips,Snack,2.29,3,6.87,14.37,3
ORD-002550,2025-08-01 11:46:59,Friday,Campus,In Store,,Mobile Wallet,,Iced Tea,Beverage,3.01,1,3.01,15.25,4
ORD-002550,2025-08-01 11:46:59,Friday,Campus,In Store,,Mobile Wallet,,Fruit Cup,Snack,4.36,1,4.36,15.25,4
ORD-002550,2025-08-01 11:46:59,Friday,Campus,In Store,,Mobile Wallet,,Cinnamon Roll,Pastry,4.42,1,4.42,15.25,4
ORD-002550,2025-08-01 11:46:59,Friday,Campus,In Store,,Mobile Wallet,,Blueberry Muffin,Pastry,3.46,1,3.46,15.25,4
ORD-002564,2025-08-01 12:37:57,Friday,Downtown,In Store,,Credit Card,,Matcha Latte,Beverage,4.99,2,9.98,15.58,3
ORD-002564,2025-08-01 12:37:57,Friday,Downtown,In Store,,Credit Card,,Chocolate Chip Cookie,Pastry,2.34,1,2.34,15.58,3
ORD-002564,2025-08-01 12:37:57,Friday,Downtown,In Store,,Credit Card,,Blueberry Muffin,Pastry,3.26,1,3.26,15.58,3
ORD-000695,2025-08-01 14:17:20,Friday,Campus,Mobile,,Credit Card,CUST-3279,Bagel w/ Cream Cheese,Pastry,4.02,1,4.02,24.68,3
ORD-000695,2025-08-01 14:17:20,Friday,Campus,Mobile,,Credit Card,CUST-3279,Latte,Beverage,4.34,3,13.02,24.68,3
ORD-000695,2025-08-01 14:17:20,Friday,Campus,Mobile,,Credit Card,CUST-3279,Breakfast Burrito,Food,7.64,1,7.64,24.68,3
ORD-002453,2025-08-01 16:27:12,Friday,Uptown,In Store,,Credit Card,,Chai Latte,Beverage,4.32,1,4.32,4.32,1
ORD-001944,2025-08-02 06:27:24,Saturday,Uptown,Mobile,,Mobile Wallet,CUST-3940,Mocha,Beverage,5.17,1,5.17,27.13,4
ORD-001944,2025-08-02 06:27:24,Saturday,Uptown,Mobile,,Mobile Wallet,CUST-3940,Espresso Shot,Beverage,2.58,2,5.16,27.13,4
ORD-001944,2025-08-02 06:27:24,Saturday,Uptown,Mobile,,Mobile Wallet,CUST-3940,Cappuccino,Beverage,4.59,2,9.18,27.13,4
ORD-001944,2025-08-02 06:27:24,Saturday,Uptown,Mobile,,Mobile Wallet,CUST-3940,Scone,Pastry,3.81,2,7.62,27.13,4
ORD-001605,2025-08-02 07:25:08,Saturday,Campus,In Store,,Debit Card,,Cinnamon Roll,Pastry,4.05,1,4.05,4.05,1
ORD-002353,2025-08-02 07:50:15,Saturday,Downtown,Delivery,Uber Eats,Credit Card,,Blueberry Muffin,Pastry,3.55,1,3.55,11.31,3
ORD-002353,2025-08-02 07:50:15,Saturday,Downtown,Delivery,Uber Eats,Credit Card,,Mocha,Beverage,4.7,1,4.7,11.31,3
ORD-002353,2025-08-02 07:50:15,Saturday,Downtown,Delivery,Uber Eats,Credit Card,,Americano,Beverage,3.06,1,3.06,11.31,3
ORD-001564,2025-08-02 08:03:59,Saturday,Campus,In Store,,Debit Card,CUST-1084,Scone,Pastry,3.78,1,3.78,8.41,2
ORD-001564,2025-08-02 08:03:59,Saturday,Campus,In Store,,Debit Card,CUST-1084,Latte,Beverage,4.63,1,4.63,8.41,2
ORD-000657,2025-08-02 08:11:30,Saturday,Riverside,Mobile,,Debit Card,CUST-2685,Veggie Wrap,Food,8.06,1,8.06,19.39,3
ORD-000657,2025-08-02 08:11:30,Saturday,Riverside,Mobile,,Debit Card,CUST-2685,Protein Box,Snack,7.36,1,7.36,19.39,3
ORD-000657,2025-08-02 08:11:30,Saturday,Riverside,Mobile,,Debit Card,CUST-2685,Cinnamon Roll,Pastry,3.97,1,3.97,19.39,3
ORD-000154,2025-08-02 09:12:21,Saturday,Uptown,In Store,,Mobile Wallet,,Fruit Cup,Snack,3.96,1,3.96,14.51,4
ORD-000154,2025-08-02 09:12:21,Saturday,Uptown,In Store,,Mobile Wallet,,Bag of Chips,Snack,2.16,1,2.16,14.51,4
ORD-000154,2025-08-02 09:12:21,Saturday,Uptown,In Store,,Mobile Wallet,,Iced Tea,Beverage,3.29,1,3.29,14.51,4
ORD-000154,2025-08-02 09:12:21,Saturday,Uptown,In Store,,Mobile Wallet,,Matcha Latte,Beverage,5.1,1,5.1,14.51,4
ORD-001756,2025-08-02 10:34:58,Saturday,Downtown,Mobile,,Credit Card,CUST-1561,Cappuccino,Beverage,4.52,1,4.52,10.89,3
ORD-001756,2025-08-02 10:34:58,Saturday,Downtown,Mobile,,Credit Card,CUST-1561,Chocolate Chip Cookie,Pastry,2.99,1,2.99,10.89,3
ORD-001756,2025-08-02 10:34:58,Saturday,Downtown,Mobile,,Credit Card,CUST-1561,Scone,Pastry,3.38,1,3.38,10.89,3
ORD-001469,2025-08-02 11:08:00,Saturday,Campus,In Store,,Credit Card,CUST-4873,Bag of Chips,Snack,2.46,1,2.46,2.46,1
ORD-002769,2025-08-02 11:40:56,Saturday,Campus,In Store,,Mobile Wallet,,Breakfast Burrito,Food,7.3,1,7.3,18.7,3
ORD-002769,2025-08-02 11:40:56,Saturday,Campus,In Store,,Mobile Wallet,,Caesar Salad,Food,8.57,1,8.57,18.7,3
ORD-002769,2025-08-02 11:40:56,Saturday,Campus,In Store,,Mobile Wallet,,Drip Coffee,Beverage,2.83,1,2.83,18.7,3
ORD-001808,2025-08-02 15:43:19,Saturday,Downtown,In Store,,Debit Card,CUST-3094,Breakfast Burrito,Food,7.4,1,7.4,7.4,1
ORD-000518,2025-08-02 16:09:32,Saturday,Campus,In Store,,Credit Card,,Americano,Beverage,3.12,1,3.12,6.61,2
ORD-000518,2025-08-02 16:09:32,Saturday,Campus,In Store,,Credit Card,,Scone,Pastry,3.49,1,3.49,6.61,2
ORD-000343,2025-08-02 18:07:55,Saturday,Downtown,Mobile,,Mobile Wallet,CUST-4184,Hot Chocolate,Beverage,3.75,1,3.75,8.24,2
ORD-000343,2025-08-02 18:07:55,Saturday,Downtown,Mobile,,Mobile Wallet,CUST-4184,Latte,Beverage,4.49,1,4.49,8.24,2
ORD-001711,2025-08-03 07:01:50,Sunday,Downtown,In Store,,Debit Card,,Caesar Salad,Food,8.54,1,8.54,8.54,1
ORD-001225,2025-08-03 12:18:35,Sunday,Campus,In Store,,Credit Card,,Scone,Pastry,3.82,1,3.82,6.65,2
ORD-001225,2025-08-03 12:18:35,Sunday,Campus,In Store,,Credit Card,,Drip Coffee,Beverage,2.83,1,2.83,6.65,2
ORD-001357,2025-08-03 12:34:41,Sunday,Riverside,In Store,,Debit Card,,Caesar Salad,Food,8.54,1,8.54,8.54,1
ORD-002285,2025-08-03 15:50:33,Sunday,Downtown,Mobile,,Debit Card,CUST-4707,Latte,Beverage,4.95,1,4.95,4.95,1
ORD-002958,2025-08-03 16:53:24,Sunday,Riverside,Delivery,Uber Eats,Credit Card,CUST-4421,Iced Tea,Beverage,2.97,2,5.94,14.74,3
ORD-002958,2025-08-03 16:53:24,Sunday,Riverside,Delivery,Uber Eats,Credit Card,CUST-4421,Fruit Cup,Snack,4.1,1,4.1,14.74,3
ORD-002958,2025-08-03 16:53:24,Sunday,Riverside,Delivery,Uber Eats,Credit Card,CUST-4421,Mocha,Beverage,4.7,1,4.7,14.74,3
ORD-002922,2025-08-04 08:26:57,Monday,Downtown,In Store,,Cash,CUST-2644,Veggie Wrap,Food,7.87,1,7.87,13.04,2
ORD-002922,2025-08-04 08:26:57,Monday,Downtown,In Store,,Cash,CUST-2644,Matcha Latte,Beverage,5.17,1,5.17,13.04,2
ORD-001809,2025-08-04 08:59:26,Monday,Downtown,In Store,,Debit Card,,Blueberry Muffin,Pastry,3.16,2,6.32,14.7,2
ORD-001809,2025-08-04 08:59:26,Monday,Downtown,In Store,,Debit Card,,Avocado Toast,Food,8.38,1,8.38,14.7,2
ORD-002920,2025-08-04 11:17:02,Monday,Downtown,In Store,,Cash,CUST-4168,Chai Latte,Beverage,4.58,1,4.58,4.58,1
ORD-001686,2025-08-04 16:16:02,Monday,Campus,Mobile,,Credit Card,CUST-4591,Veggie Wrap,Food,7.81,3,23.43,23.43,1
ORD-000875,2025-08-04 17:29:20,Monday,Riverside,In Store,,Cash,CUST-3901,Hot Chocolate,Beverage,3.96,2,7.92,22.14,2
ORD-000875,2025-08-04 17:29:20,Monday,Riverside,In Store,,Cash,CUST-3901,Mocha,Beverage,4.74,3,14.22,22.14,2
ORD-001733,2025-08-05 08:36:36,Tuesday,Campus,In Store,,Mobile Wallet,,Caesar Salad,Food,8.02,1,8.02,16.21,3
ORD-001733,2025-08-05 08:36:36,Tuesday,Campus,In Store,,Mobile Wallet,,Scone,Pastry,3.46,1,3.46,16.21,3
ORD-001733,2025-08-05 08:36:36,Tuesday,Campus,In Store,,Mobile Wallet,,Mocha,Beverage,4.73,1,4.73,16.21,3
ORD-001400,2025-08-05 08:54:32,Tuesday,Riverside,Mobile,,Mobile Wallet,CUST-2061,Americano,Beverage,3.16,1,3.16,10.54,3
ORD-001400,2025-08-05 08:54:32,Tuesday,Riverside,Mobile,,Mobile Wallet,CUST-2061,Cinnamon Roll,Pastry,3.92,1,3.92,10.54,3
ORD-001400,2025-08-05 08:54:32,Tuesday,Riverside,Mobile,,Mobile Wallet,CUST-2061,Scone,Pastry,3.46,1,3.46,10.54,3
ORD-002797,2025-08-05 09:01:04,Tuesday,Riverside,In Store,,Debit Card,,Grilled Cheese,Food,6.34,1,6.34,25.12,3
ORD-002797,2025-08-05 09:01:04,Tuesday,Riverside,In Store,,Debit Card,,Granola & Yogurt Cup,Snack,5.03,2,10.06,25.12,3
ORD-002797,2025-08-05 09:01:04,Tuesday,Riverside,In Store,,Debit Card,,Latte,Beverage,4.36,2,8.72,25.12,3
ORD-002653,2025-08-05 09:49:02,Tuesday,Campus,In Store,,Credit Card,,Cold Brew,Beverage,5.0,1,5.0,10.29,2
ORD-002653,2025-08-05 09:49:02,Tuesday,Campus,In Store,,Credit Card,,Granola & Yogurt Cup,Snack,5.29,1,5.29,10.29,2
ORD-000347,2025-08-05 10:12:20,Tuesday,Downtown,In Store,,Debit Card,CUST-2432,Protein Box,Snack,7.03,1,7.03,14.89,2
ORD-000347,2025-08-05 10:12:20,Tuesday,Downtown,In Store,,Debit Card,CUST-2432,Cinnamon Roll,Pastry,3.93,2,7.86,14.89,2
ORD-000097,2025-08-05 12:01:23,Tuesday,Uptown,In Store,,Debit Card,,Espresso Shot,Beverage,2.63,1,2.63,7.1,2
ORD-000097,2025-08-05 12:01:23,Tuesday,Uptown,In Store,,Debit Card,,Chai Latte,Beverage,4.47,1,4.47,7.1,2
ORD-000624,2025-08-05 12:10:23,Tuesday,Riverside,Delivery,DoorDash,Mobile Wallet,,Hot Chocolate,Beverage,3.66,1,3.66,16.78,4
ORD-000624,2025-08-05 12:10:23,Tuesday,Riverside,Delivery,DoorDash,Mobile Wallet,,Bagel w/ Cream Cheese,Pastry,4.2,1,4.2,16.78,4
ORD-000624,2025-08-05 12:10:23,Tuesday,Riverside,Delivery,DoorDash,Mobile Wallet,,Matcha Latte,Beverage,5.37,1,5.37,16.78,4
ORD-000624,2025-08-05 12:10:23,Tuesday,Riverside,Delivery,DoorDash,Mobile Wallet,,Americano,Beverage,3.55,1,3.55,16.78,4
ORD-000604,2025-08-05 13:22:48,Tuesday,Downtown,In Store,,Debit Card,CUST-4780,Turkey & Swiss Sandwich,Food,8.35,1,8.35,8.35,1
ORD-000910,2025-08-05 13:45:55,Tuesday,Riverside,Delivery,Grubhub,Credit Card,,Grilled Cheese,Food,6.87,1,6.87,6.87,1
ORD-000483,2025-08-05 14:16:04,Tuesday,Downtown,In Store,,Cash,CUST-1961,Breakfast Burrito,Food,7.56,1,7.56,15.52,2
ORD-000483,2025-08-05 14:16:04,Tuesday,Downtown,In Store,,Cash,CUST-1961,Croissant,Pastry,3.98,2,7.96,15.52,2
ORD-002947,2025-08-05 14:54:29,Tuesday,Downtown,In Store,,Credit Card,CUST-1083,Cold Brew,Beverage,5.11,1,5.11,16.96,3
ORD-002947,2025-08-05 14:54:29,Tuesday,Downtown,In Store,,Credit Card,CUST-1083,Latte,Beverage,4.83,1,4.83,16.96,3
ORD-002947,2025-08-05 14:54:29,Tuesday,Downtown,In Store,,Credit Card,CUST-1083,Protein Box,Snack,7.02,1,7.02,16.96,3
ORD-002678,2025-08-05 15:09:32,Tuesday,Riverside,In Store,,Credit Card,,Cinnamon Roll,Pastry,3.95,2,7.9,7.9,1
ORD-001527,2025-08-05 15:19:39,Tuesday,Campus,In Store,,Debit Card,CUST-1844,Caesar Salad,Food,8.25,1,8.25,49.41,3
ORD-001527,2025-08-05 15:19:39,Tuesday,Campus,In Store,,Debit Card,CUST-1844,Avocado Toast,Food,7.88,3,23.64,49.41,3
ORD-001527,2025-08-05 15:19:39,Tuesday,Campus,In Store,,Debit Card,CUST-1844,Turkey & Swiss Sandwich,Food,8.76,2,17.52,49.41,3
ORD-000268,2025-08-05 15:33:06,Tuesday,Uptown,In Store,,Cash,,Fruit Cup,Snack,4.44,1,4.44,4.44,1
ORD-001494,2025-08-05 16:17:30,Tuesday,Campus,In Store,,Debit Card,,Espresso Shot,Beverage,2.59,1,2.59,18.88,4
ORD-001494,2025-08-05 16:17:30,Tuesday,Campus,In Store,,Debit Card,,Breakfast Burrito,Food,7.4,1,7.4,18.88,4
ORD-001494,2025-08-05 16:17:30,Tuesday,Campus,In Store,,Debit Card,,Drip Coffee,Beverage,2.62,1,2.62,18.88,4
ORD-001494,2025-08-05 16:17:30,Tuesday,Campus,In Store,,Debit Card,,Grilled Cheese,Food,6.27,1,6.27,18.88,4
ORD-000011,2025-08-05 19:59:34,Tuesday,Uptown,Mobile,,Mobile Wallet,CUST-2276,Caesar Salad,Food,8.67,1,8.67,16.36,2
ORD-000011,2025-08-05 19:59:34,Tuesday,Uptown,Mobile,,Mobile Wallet,CUST-2276,Veggie Wrap,Food,7.69,1,7.69,16.36,2
ORD-001289,2025-08-06 07:19:14,Wednesday,Downtown,Delivery,Uber Eats,Credit Card,,Bagel w/ Cream Cheese,Pastry,3.65,1,3.65,17.69,2
ORD-001289,2025-08-06 07:19:14,Wednesday,Downtown,Delivery,Uber Eats,Credit Card,,Cappuccino,Beverage,4.68,3,14.04,17.69,2
ORD-000052,2025-08-06 08:14:41,Wednesday,Riverside,In Store,,Credit Card,CUST-1679,Bag of Chips,Snack,2.46,1,2.46,14.9,3
ORD-000052,2025-08-06 08:14:41,Wednesday,Riverside,In Store,,Credit Card,CUST-1679,Breakfast Burrito,Food,7.22,1,7.22,14.9,3
ORD-000052,2025-08-06 08:14:41,Wednesday,Riverside,In Store,,Credit Card,CUST-1679,Granola & Yogurt Cup,Snack,5.22,1,5.22,14.9,3
ORD-002309,2025-08-06 09:16:38,Wednesday,Campus,In Store,,Credit Card,CUST-1149,Americano,Beverage,3.27,3,9.81,20.51,2
ORD-002309,2025-08-06 09:16:38,Wednesday,Campus,In Store,,Credit Card,CUST-1149,Matcha Latte,Beverage,5.35,2,10.7,20.51,2
ORD-002527,2025-08-06 11:47:37,Wednesday,Downtown,In Store,,Mobile Wallet,,Chocolate Chip Cookie,Pastry,2.93,1,2.93,7.84,2
ORD-002527,2025-08-06 11:47:37,Wednesday,Downtown,In Store,,Mobile Wallet,,Chai Latte,Beverage,4.91,1,4.91,7.84,2
ORD-000423,2025-08-06 12:30:51,Wednesday,Downtown,Mobile,,Debit Card,CUST-3028,Turkey & Swiss Sandwich,Food,8.77,1,8.77,8.77,1
ORD-000788,2025-08-06 13:20:19,Wednesday,Downtown,In Store,,Credit Card,,Grilled Cheese,Food,6.65,1,6.65,9.88,2
ORD-000788,2025-08-06 13:20:19,Wednesday,Downtown,In Store,,Credit Card,,Blueberry Muffin,Pastry,3.23,1,3.23,9.88,2
ORD-002075,2025-08-06 17:36:01,Wednesday,Uptown,In Store,,Credit Card,CUST-2819,Caesar Salad,Food,8.03,1,8.03,10.86,2
ORD-002075,2025-08-06 17:36:01,Wednesday,Uptown,In Store,,Credit Card,CUST-2819,Iced Tea,Beverage,2.83,1,2.83,10.86,2
ORD-002647,2025-08-06 18:36:37,Wednesday,Riverside,In Store,,Mobile Wallet,CUST-2680,Fruit Cup,Snack,3.72,1,3.72,3.72,1
ORD-001393,2025-08-07 07:03:44,Thursday,Downtown,In Store,,Cash,CUST-2342,Espresso Shot,Beverage,2.79,1,2.79,2.79,1
ORD-001958,2025-08-07 07:05:55,Thursday,Campus,In Store,,Credit Card,CUST-2643,Granola & Yogurt Cup,Snack,5.17,1,5.17,10.18,2
ORD-001958,2025-08-07 07:05:55,Thursday,Campus,In Store,,Credit Card,CUST-2643,Matcha Latte,Beverage,5.01,1,5.01,10.18,2
ORD-001312,2025-08-07 09:05:54,Thursday,Riverside,In Store,,Debit Card,,Hot Chocolate,Beverage,3.83,1,3.83,3.83,1
ORD-000905,2025-08-07 10:24:05,Thursday,Campus,In Store,,Cash,CUST-2982,Bagel w/ Cream Cheese,Pastry,4.02,1,4.02,16.26,2
ORD-000905,2025-08-07 10:24:05,Thursday,Campus,In Store,,Cash,CUST-2982,Hot Chocolate,Beverage,4.08,3,12.24,16.26,2
ORD-000993,2025-08-07 13:31:38,Thursday,Campus,In Store,,Mobile Wallet,CUST-1572,Croissant,Pastry,4.0,1,4.0,4.0,1
ORD-002856,2025-08-07 13:33:03,Thursday,Uptown,In Store,,Credit Card,CUST-3743,Scone,Pastry,3.31,1,3.31,3.31,1
ORD-000871,2025-08-07 13:34:08,Thursday,Campus,In Store,,Cash,CUST-3919,Croissant,Pastry,3.58,1,3.58,3.58,1
ORD-002741,2025-08-07 13:36:02,Thursday,Riverside,Mobile,,Mobile Wallet,CUST-1883,Turkey & Swiss Sandwich,Food,8.94,1,8.94,8.94,1
ORD-000536,2025-08-07 13:41:03,Thursday,Riverside,Mobile,,Debit Card,CUST-4458,Matcha Latte,Beverage,5.14,1,5.14,24.76,5
ORD-000536,2025-08-07 13:41:03,Thursday,Riverside,Mobile,,Debit Card,CUST-4458,Cinnamon Roll,Pastry,4.0,1,4.0,24.76,5
ORD-000536,2025-08-07 13:41:03,Thursday,Riverside,Mobile,,Debit Card,CUST-4458,Scone,Pastry,3.39,1,3.39,24.76,5
ORD-000536,2025-08-07 13:41:03,Thursday,Riverside,Mobile,,Debit Card,CUST-4458,Americano,Beverage,3.54,1,3.54,24.76,5
ORD-000536,2025-08-07 13:41:03,Thursday,Riverside,Mobile,,Debit Card,CUST-4458,Caesar Salad,Food,8.69,1,8.69,24.76,5
ORD-001697,2025-08-08 06:04:46,Friday,Riverside,In Store,,Mobile Wallet,,Fruit Cup,Snack,4.03,1,4.03,4.03,1
ORD-001618,2025-08-08 07:41:23,Friday,Campus,Mobile,,Mobile Wallet,CUST-3550,Cold Brew,Beverage,4.72,2,9.44,20.43,3
ORD-001618,2025-08-08 07:41:23,Friday,Campus,Mobile,,Mobile Wallet,CUST-3550,Chocolate Chip Cookie,Pastry,2.39,3,7.17,20.43,3
ORD-001618,2025-08-08 07:41:23,Friday,Campus,Mobile,,Mobile Wallet,CUST-3550,Cinnamon Roll,Pastry,3.82,1,3.82,20.43,3
ORD-000050,2025-08-08 09:39:03,Friday,Downtown,Mobile,,Credit Card,CUST-3562,Caesar Salad,Food,8.18,1,8.18,8.18,1
ORD-002375,2025-08-08 09:48:22,Friday,Downtown,Mobile,,Debit Card,CUST-4006,Cappuccino,Beverage,4.37,1,4.37,4.37,1
ORD-000673,2025-08-08 10:48:19,Friday,Riverside,In Store,,Mobile Wallet,,Cold Brew,Beverage,4.93,2,9.86,30.95,2
ORD-000673,2025-08-08 10:48:19,Friday,Riverside,In Store,,Mobile Wallet,,Protein Box,Snack,7.03,3,21.09,30.95,2
ORD-002882,2025-08-08 11:44:05,Friday,Uptown,Mobile,,Credit Card,CUST-3266,Americano,Beverage,3.12,1,3.12,14.93,3
ORD-002882,2025-08-08 11:44:05,Friday,Uptown,Mobile,,Credit Card,CUST-3266,Avocado Toast,Food,8.3,1,8.3,14.93,3
ORD-002882,2025-08-08 11:44:05,Friday,Uptown,Mobile,,Credit Card,CUST-3266,Hot Chocolate,Beverage,3.51,1,3.51,14.93,3
ORD-000480,2025-08-08 12:09:05,Friday,Uptown,Delivery,DoorDash,Mobile Wallet,CUST-3153,Bag of Chips,Snack,1.89,1,1.89,5.73,2
ORD-000480,2025-08-08 12:09:05,Friday,Uptown,Delivery,DoorDash,Mobile Wallet,CUST-3153,Cinnamon Roll,Pastry,3.84,1,3.84,5.73,2
ORD-002033,2025-08-08 15:46:34,Friday,Downtown,In Store,,Cash,CUST-4207,Matcha Latte,Beverage,5.2,1,5.2,19.98,5
ORD-002033,2025-08-08 15:46:34,Friday,Downtown,In Store,,Cash,CUST-4207,Latte,Beverage,4.62,1,4.62,19.98,5
ORD-002033,2025-08-08 15:46:34,Friday,Downtown,In Store,,Cash,CUST-4207,Drip Coffee,Beverage,3.02,1,3.02,19.98,5
ORD-002033,2025-08-08 15:46:34,Friday,Downtown,In Store,,Cash,CUST-4207,Chocolate Chip Cookie,Pastry,2.5,1,2.5,19.98,5
ORD-002033,2025-08-08 15:46:34,Friday,Downtown,In Store,,Cash,CUST-4207,Chai Latte,Beverage,4.64,1,4.64,19.98,5
ORD-002747,2025-08-08 15:52:07,Friday,Riverside,In Store,,Mobile Wallet,,Veggie Wrap,Food,8.03,1,8.03,8.03,1
ORD-000756,2025-08-09 06:10:04,Saturday,Campus,In Store,,Mobile Wallet,,Chai Latte,Beverage,4.92,2,9.84,18.18,2
ORD-000756,2025-08-09 06:10:04,Saturday,Campus,In Store,,Mobile Wallet,,Turkey & Swiss Sandwich,Food,8.34,1,8.34,18.18,2
ORD-000981,2025-08-09 06:33:57,Saturday,Downtown,Mobile,,Debit Card,CUST-2940,Chocolate Chip Cookie,Pastry,2.57,1,2.57,2.57,1
ORD-002549,2025-08-09 07:11:43,Saturday,Uptown,In Store,,Cash,CUST-4729,Latte,Beverage,4.93,1,4.93,9.81,2
ORD-002549,2025-08-09 07:11:43,Saturday,Uptown,In Store,,Cash,CUST-4729,Granola & Yogurt Cup,Snack,4.88,1,4.88,9.81,2
ORD-001396,2025-08-09 07:40:18,Saturday,Uptown,In Store,,Cash,,Bag of Chips,Snack,1.89,1,1.89,18.23,4
ORD-001396,2025-08-09 07:40:18,Saturday,Uptown,In Store,,Cash,,Chai Latte,Beverage,4.47,1,4.47,18.23,4
ORD-001396,2025-08-09 07:40:18,Saturday,Uptown,In Store,,Cash,,Blueberry Muffin,Pastry,3.66,1,3.66,18.23,4
ORD-001396,2025-08-09 07:40:18,Saturday,Uptown,In Store,,Cash,,Avocado Toast,Food,8.21,1,8.21,18.23,4
ORD-002038,2025-08-09 08:10:23,Saturday,Riverside,Delivery,DoorDash,Mobile Wallet,CUST-1125,Turkey & Swiss Sandwich,Food,8.44,1,8.44,17.04,3
ORD-002038,2025-08-09 08:10:23,Saturday,Riverside,Delivery,DoorDash,Mobile Wallet,CUST-1125,Croissant,Pastry,3.97,1,3.97,17.04,3
ORD-002038,2025-08-09 08:10:23,Saturday,Riverside,Delivery,DoorDash,Mobile Wallet,CUST-1125,Latte,Beverage,4.63,1,4.63,17.04,3
ORD-002197,2025-08-09 10:46:01,Saturday,Uptown,Mobile,,Mobile Wallet,CUST-1631,Fruit Cup,Snack,4.17,2,8.34,12.42,2
ORD-002197,2025-08-09 10:46:01,Saturday,Uptown,Mobile,,Mobile Wallet,CUST-1631,Hot Chocolate,Beverage,4.08,1,4.08,12.42,2
ORD-001097,2025-08-09 12:11:27,Saturday,Campus,In Store,,Mobile Wallet,,Breakfast Burrito,Food,7.56,1,7.56,10.2,2
ORD-001097,2025-08-09 12:11:27,Saturday,Campus,In Store,,Mobile Wallet,,Espresso Shot,Beverage,2.64,1,2.64,10.2,2
ORD-001262,2025-08-09 14:10:06,Saturday,Uptown,Mobile,,Credit Card,CUST-2444,Scone,Pastry,3.69,2,7.38,25.94,4
ORD-001262,2025-08-09 14:10:06,Saturday,Uptown,Mobile,,Credit Card,CUST-2444,Avocado Toast,Food,7.86,1,7.86,25.94,4
ORD-001262,2025-08-09 14:10:06,Saturday,Uptown,Mobile,,Credit Card,CUST-2444,Americano,Beverage,3.58,1,3.58,25.94,4
ORD-001262,2025-08-09 14:10:06,Saturday,Uptown,Mobile,,Credit Card,CUST-2444,Protein Box,Snack,7.12,1,7.12,25.94,4
ORD-002395,2025-08-10 08:18:19,Sunday,Campus,Mobile,,Credit Card,CUST-3849,Turkey & Swiss Sandwich,Food,8.31,1,8.31,8.31,1
ORD-001972,2025-08-10 09:29:26,Sunday,Riverside,In Store,,Debit Card,CUST-3061,Granola & Yogurt Cup,Snack,4.74,1,4.74,6.73,2
ORD-001972,2025-08-10 09:29:26,Sunday,Riverside,In Store,,Debit Card,CUST-3061,Bag of Chips,Snack,1.99,1,1.99,6.73,2
ORD-002680,2025-08-10 10:43:22,Sunday,Downtown,In Store,,Mobile Wallet,,Veggie Wrap,Food,7.97,3,23.91,27.08,2
ORD-002680,2025-08-10 10:43:22,Sunday,Downtown,In Store,,Mobile Wallet,,Scone,Pastry,3.17,1,3.17,27.08,2
ORD-001760,2025-08-10 12:57:42,Sunday,Downtown,Mobile,,Credit Card,CUST-3984,Veggie Wrap,Food,7.83,1,7.83,19.04,3
ORD-001760,2025-08-10 12:57:42,Sunday,Downtown,Mobile,,Credit Card,CUST-3984,Protein Box,Snack,6.82,1,6.82,19.04,3
ORD-001760,2025-08-10 12:57:42,Sunday,Downtown,Mobile,,Credit Card,CUST-3984,Fruit Cup,Snack,4.39,1,4.39,19.04,3
ORD-001833,2025-08-10 12:59:27,Sunday,Uptown,In Store,,Debit Card,CUST-3200,Matcha Latte,Beverage,5.34,2,10.68,18.43,2
ORD-001833,2025-08-10 12:59:27,Sunday,Uptown,In Store,,Debit Card,CUST-3200,Avocado Toast,Food,7.75,1,7.75,18.43,2
ORD-000258,2025-08-10 13:15:30,Sunday,Campus,In Store,,Credit Card,,Breakfast Burrito,Food,7.7,1,7.7,12.3,2
ORD-000258,2025-08-10 13:15:30,Sunday,Campus,In Store,,Credit Card,,Latte,Beverage,4.6,1,4.6,12.3,2
ORD-000538,2025-08-10 15:37:51,Sunday,Riverside,Mobile,,Debit Card,CUST-2012,Chai Latte,Beverage,4.87,3,14.61,14.61,1
ORD-000564,2025-08-10 15:42:30,Sunday,Riverside,In Store,,Credit Card,,Drip Coffee,Beverage,2.75,1,2.75,28.29,3
ORD-000564,2025-08-10 15:42:30,Sunday,Riverside,In Store,,Credit Card,,Mocha,Beverage,5.15,2,10.3,28.29,3
ORD-000564,2025-08-10 15:42:30,Sunday,Riverside,In Store,,Credit Card,,Matcha Latte,Beverage,5.08,3,15.24,28.29,3
ORD-001442,2025-08-10 16:38:47,Sunday,Uptown,Mobile,,Debit Card,CUST-2051,Drip Coffee,Beverage,2.71,1,2.71,17.68,2
ORD-001442,2025-08-10 16:38:47,Sunday,Uptown,Mobile,,Debit Card,CUST-2051,Cold Brew,Beverage,4.99,3,14.97,17.68,2
ORD-002276,2025-08-10 18:21:42,Sunday,Downtown,In Store,,Debit Card,,Cold Brew,Beverage,5.15,1,5.15,9.11,2
ORD-002276,2025-08-10 18:21:42,Sunday,Downtown,In Store,,Debit Card,,Bagel w/ Cream Cheese,Pastry,3.96,1,3.96,9.11,2
ORD-002457,2025-08-10 19:15:42,Sunday,Riverside,Delivery,Grubhub,Mobile Wallet,,Cinnamon Roll,Pastry,4.04,2,8.08,19.78,3
ORD-002457,2025-08-10 19:15:42,Sunday,Riverside,Delivery,Grubhub,Mobile Wallet,,Veggie Wrap,Food,7.59,1,7.59,19.78,3
ORD-002457,2025-08-10 19:15:42,Sunday,Riverside,Delivery,Grubhub,Mobile Wallet,,Cappuccino,Beverage,4.11,1,4.11,19.78,3
ORD-001223,2025-08-10 19:42:24,Sunday,Downtown,In Store,,Cash,CUST-3651,Hot Chocolate,Beverage,4.17,1,4.17,11.73,2
ORD-001223,2025-08-10 19:42:24,Sunday,Downtown,In Store,,Cash,CUST-3651,Croissant,Pastry,3.78,2,7.56,11.73,2
ORD-000809,2025-08-11 07:24:41,Monday,Uptown,In Store,,Debit Card,CUST-3765,Latte,Beverage,4.55,1,4.55,14.4,3
ORD-000809,2025-08-11 07:24:41,Monday,Uptown,In Store,,Debit Card,CUST-3765,Chocolate Chip Cookie,Pastry,2.51,2,5.02,14.4,3
ORD-000809,2025-08-11 07:24:41,Monday,Uptown,In Store,,Debit Card,CUST-3765,Matcha Latte,Beverage,4.83,1,4.83,14.4,3
ORD-000225,2025-08-11 08:06:21,Monday,Uptown,In Store,,Mobile Wallet,,Granola & Yogurt Cup,Snack,4.92,1,4.92,18.58,3
ORD-000225,2025-08-11 08:06:21,Monday,Uptown,In Store,,Mobile Wallet,,Turkey & Swiss Sandwich,Food,8.54,1,8.54,18.58,3
ORD-000225,2025-08-11 08:06:21,Monday,Uptown,In Store,,Mobile Wallet,,Matcha Latte,Beverage,5.12,1,5.12,18.58,3
ORD-001172,2025-08-11 08:34:55,Monday,Riverside,In Store,,Mobile Wallet,,Bagel w/ Cream Cheese,Pastry,3.65,1,3.65,8.49,2
ORD-001172,2025-08-11 08:34:55,Monday,Riverside,In Store,,Mobile Wallet,,Matcha Latte,Beverage,4.84,1,4.84,8.49,2
ORD-002301,2025-08-11 09:17:09,Monday,Campus,Mobile,,Debit Card,CUST-2125,Matcha Latte,Beverage,5.32,1,5.32,17.47,3
ORD-002301,2025-08-11 09:17:09,Monday,Campus,Mobile,,Debit Card,CUST-2125,Cinnamon Roll,Pastry,4.32,1,4.32,17.47,3
ORD-002301,2025-08-11 09:17:09,Monday,Campus,Mobile,,Debit Card,CUST-2125,Veggie Wrap,Food,7.83,1,7.83,17.47,3
ORD-002031,2025-08-11 09:53:15,Monday,Downtown,In Store,,Credit Card,,Blueberry Muffin,Pastry,3.65,1,3.65,33.54,5
ORD-002031,2025-08-11 09:53:15,Monday,Downtown,In Store,,Credit Card,,Espresso Shot,Beverage,2.93,2,5.86,33.54,5
ORD-002031,2025-08-11 09:53:15,Monday,Downtown,In Store,,Credit Card,,Veggie Wrap,Food,7.97,1,7.97,33.54,5
ORD-002031,2025-08-11 09:53:15,Monday,Downtown,In Store,,Credit Card,,Turkey & Swiss Sandwich,Food,8.69,1,8.69,33.54,5
ORD-002031,2025-08-11 09:53:15,Monday,Downtown,In Store,,Credit Card,,Protein Box,Snack,7.37,1,7.37,33.54,5
ORD-000642,2025-08-11 10:57:30,Monday,Uptown,In Store,,Mobile Wallet,CUST-4532,Avocado Toast,Food,8.25,1,8.25,8.25,1
ORD-000385,2025-08-11 12:21:34,Monday,Uptown,Mobile,,Mobile Wallet,CUST-3742,Grilled Cheese,Food,6.61,1,6.61,6.61,1
ORD-000945,2025-08-11 15:42:57,Monday,Uptown,In Store,,Credit Card,CUST-2602,Matcha Latte,Beverage,5.12,1,5.12,8.49,2
ORD-000945,2025-08-11 15:42:57,Monday,Uptown,In Store,,Credit Card,CUST-2602,Iced Tea,Beverage,3.37,1,3.37,8.49,2
ORD-000028,2025-08-12 06:59:51,Tuesday,Uptown,In Store,,Debit Card,,Caesar Salad,Food,8.22,1,8.22,21.83,4
ORD-000028,2025-08-12 06:59:51,Tuesday,Uptown,In Store,,Debit Card,,Iced Tea,Beverage,2.98,1,2.98,21.83,4
ORD-000028,2025-08-12 06:59:51,Tuesday,Uptown,In Store,,Debit Card,,Breakfast Burrito,Food,7.31,1,7.31,21.83,4
ORD-000028,2025-08-12 06:59:51,Tuesday,Uptown,In Store,,Debit Card,,Americano,Beverage,3.32,1,3.32,21.83,4
ORD-000717,2025-08-12 07:33:28,Tuesday,Riverside,Mobile,,Debit Card,CUST-2450,Cinnamon Roll,Pastry,4.07,3,12.21,14.88,2
ORD-000717,2025-08-12 07:33:28,Tuesday,Riverside,Mobile,,Debit Card,CUST-2450,Chocolate Chip Cookie,Pastry,2.67,1,2.67,14.88,2
ORD-002716,2025-08-12 08:50:42,Tuesday,Uptown,In Store,,Credit Card,,Chai Latte,Beverage,4.36,1,4.36,4.36,1
ORD-002762,2025-08-12 09:48:57,Tuesday,Uptown,In Store,,Mobile Wallet,,Mocha,Beverage,4.94,1,4.94,4.94,1
ORD-002434,2025-08-12 11:09:27,Tuesday,Downtown,In Store,,Mobile Wallet,,Turkey & Swiss Sandwich,Food,8.3,1,8.3,23.55,3
ORD-002434,2025-08-12 11:09:27,Tuesday,Downtown,In Store,,Mobile Wallet,,Cinnamon Roll,Pastry,3.91,2,7.82,23.55,3
ORD-002434,2025-08-12 11:09:27,Tuesday,Downtown,In Store,,Mobile Wallet,,Breakfast Burrito,Food,7.43,1,7.43,23.55,3
ORD-000688,2025-08-12 12:25:59,Tuesday,Uptown,In Store,,Credit Card,,Matcha Latte,Beverage,5.19,1,5.19,19.82,4
ORD-000688,2025-08-12 12:25:59,Tuesday,Uptown,In Store,,Credit Card,,Americano,Beverage,3.33,1,3.33,19.82,4
ORD-000688,2025-08-12 12:25:59,Tuesday,Uptown,In Store,,Credit Card,,Avocado Toast,Food,8.15,1,8.15,19.82,4
ORD-000688,2025-08-12 12:25:59,Tuesday,Uptown,In Store,,Credit Card,,Blueberry Muffin,Pastry,3.15,1,3.15,19.82,4
ORD-001600,2025-08-12 14:58:56,Tuesday,Uptown,In Store,,Debit Card,,Bag of Chips,Snack,2.23,2,4.46,4.46,1
ORD-002735,2025-08-12 16:26:01,Tuesday,Campus,In Store,,Debit Card,,Caesar Salad,Food,8.67,2,17.34,41.6,5
ORD-002735,2025-08-12 16:26:01,Tuesday,Campus,In Store,,Debit Card,,Veggie Wrap,Food,8.23,1,8.23,41.6,5
ORD-002735,2025-08-12 16:26:01,Tuesday,Campus,In Store,,Debit Card,,Protein Box,Snack,7.45,1,7.45,41.6,5
ORD-002735,2025-08-12 16:26:01,Tuesday,Campus,In Store,,Debit Card,,Latte,Beverage,4.55,1,4.55,41.6,5
ORD-002735,2025-08-12 16:26:01,Tuesday,Campus,In Store,,Debit Card,,Fruit Cup,Snack,4.03,1,4.03,41.6,5
ORD-002242,2025-08-13 06:28:13,Wednesday,Riverside,Mobile,,Mobile Wallet,CUST-4857,Mocha,Beverage,5.34,1,5.34,19.05,4
ORD-002242,2025-08-13 06:28:13,Wednesday,Riverside,Mobile,,Mobile Wallet,CUST-4857,Protein Box,Snack,7.04,1,7.04,19.05,4
ORD-002242,2025-08-13 06:28:13,Wednesday,Riverside,Mobile,,Mobile Wallet,CUST-4857,Scone,Pastry,3.38,1,3.38,19.05,4
ORD-002242,2025-08-13 06:28:13,Wednesday,Riverside,Mobile,,Mobile Wallet,CUST-4857,Blueberry Muffin,Pastry,3.29,1,3.29,19.05,4
ORD-002754,2025-08-13 07:37:32,Wednesday,Uptown,Delivery,Uber Eats,Credit Card,,Chocolate Chip Cookie,Pastry,2.76,1,2.76,27.3,5
ORD-002754,2025-08-13 07:37:32,Wednesday,Uptown,Delivery,Uber Eats,Credit Card,,Americano,Beverage,3.17,2,6.34,27.3,5
ORD-002754,2025-08-13 07:37:32,Wednesday,Uptown,Delivery,Uber Eats,Credit Card,,Blueberry Muffin,Pastry,3.22,1,3.22,27.3,5
ORD-002754,2025-08-13 07:37:32,Wednesday,Uptown,Delivery,Uber Eats,Credit Card,,Turkey & Swiss Sandwich,Food,8.52,1,8.52,27.3,5
ORD-002754,2025-08-13 07:37:32,Wednesday,Uptown,Delivery,Uber Eats,Credit Card,,Scone,Pastry,3.23,2,6.46,27.3,5
ORD-002717,2025-08-13 12:31:06,Wednesday,Uptown,In Store,,Debit Card,,Chocolate Chip Cookie,Pastry,2.37,1,2.37,6.1,2
ORD-002717,2025-08-13 12:31:06,Wednesday,Uptown,In Store,,Debit Card,,Hot Chocolate,Beverage,3.73,1,3.73,6.1,2
ORD-000326,2025-08-13 14:14:05,Wednesday,Campus,In Store,,Credit Card,CUST-2276,Croissant,Pastry,3.81,1,3.81,11.28,3
ORD-000326,2025-08-13 14:14:05,Wednesday,Campus,In Store,,Credit Card,CUST-2276,Cinnamon Roll,Pastry,3.95,1,3.95,11.28,3
ORD-000326,2025-08-13 14:14:05,Wednesday,Campus,In Store,,Credit Card,CUST-2276,Bagel w/ Cream Cheese,Pastry,3.52,1,3.52,11.28,3
ORD-000358,2025-08-13 16:31:44,Wednesday,Campus,In Store,,Credit Card,,Granola & Yogurt Cup,Snack,5.26,1,5.26,14.63,3
ORD-000358,2025-08-13 16:31:44,Wednesday,Campus,In Store,,Credit Card,,Breakfast Burrito,Food,7.23,1,7.23,14.63,3
ORD-000358,2025-08-13 16:31:44,Wednesday,Campus,In Store,,Credit Card,,Bag of Chips,Snack,2.14,1,2.14,14.63,3
ORD-000508,2025-08-13 19:49:49,Wednesday,Campus,In Store,,Debit Card,CUST-1701,Croissant,Pastry,3.56,1,3.56,3.56,1
ORD-000062,2025-08-14 07:58:29,Thursday,Uptown,In Store,,Mobile Wallet,,Protein Box,Snack,7.1,1,7.1,37.05,5
ORD-000062,2025-08-14 07:58:29,Thursday,Uptown,In Store,,Mobile Wallet,,Matcha Latte,Beverage,5.22,3,15.66,37.05,5
ORD-000062,2025-08-14 07:58:29,Thursday,Uptown,In Store,,Mobile Wallet,,Bagel w/ Cream Cheese,Pastry,3.75,1,3.75,37.05,5
ORD-000062,2025-08-14 07:58:29,Thursday,Uptown,In Store,,Mobile Wallet,,Cappuccino,Beverage,4.3,1,4.3,37.05,5
ORD-000062,2025-08-14 07:58:29,Thursday,Uptown,In Store,,Mobile Wallet,,Iced Tea,Beverage,3.12,2,6.24,37.05,5
ORD-001764,2025-08-14 08:49:24,Thursday,Uptown,In Store,,Cash,,Croissant,Pastry,3.51,2,7.02,7.02,1
ORD-002756,2025-08-14 10:32:28,Thursday,Uptown,In Store,,Debit Card,,Avocado Toast,Food,8.17,1,8.17,19.9,3
ORD-002756,2025-08-14 10:32:28,Thursday,Uptown,In Store,,Debit Card,,Hot Chocolate,Beverage,3.96,1,3.96,19.9,3
ORD-002756,2025-08-14 10:32:28,Thursday,Uptown,In Store,,Debit Card,,Veggie Wrap,Food,7.77,1,7.77,19.9,3
ORD-002639,2025-08-14 10:44:58,Thursday,Riverside,In Store,,Cash,CUST-4033,Mocha,Beverage,5.09,1,5.09,5.09,1
ORD-000168,2025-08-14 10:52:52,Thursday,Uptown,Mobile,,Debit Card,CUST-2313,Grilled Cheese,Food,6.38,1,6.38,11.32,2
ORD-000168,2025-08-14 10:52:52,Thursday,Uptown,Mobile,,Debit Card,CUST-2313,Mocha,Beverage,4.94,1,4.94,11.32,2
ORD-001437,2025-08-14 11:14:54,Thursday,Campus,Mobile,,Credit Card,CUST-1438,Chai Latte,Beverage,4.72,1,4.72,7.84,2
ORD-001437,2025-08-14 11:14:54,Thursday,Campus,Mobile,,Credit Card,CUST-1438,Iced Tea,Beverage,3.12,1,3.12,7.84,2
ORD-001112,2025-08-14 11:18:25,Thursday,Campus,In Store,,Credit Card,,Chocolate Chip Cookie,Pastry,2.51,1,2.51,16.16,3
ORD-001112,2025-08-14 11:18:25,Thursday,Campus,In Store,,Credit Card,,Espresso Shot,Beverage,2.79,2,5.58,16.16,3
ORD-001112,2025-08-14 11:18:25,Thursday,Campus,In Store,,Credit Card,,Caesar Salad,Food,8.07,1,8.07,16.16,3
ORD-002917,2025-08-14 12:45:58,Thursday,Downtown,In Store,,Cash,CUST-2839,Blueberry Muffin,Pastry,3.45,1,3.45,3.45,1
ORD-002831,2025-08-14 13:07:08,Thursday,Campus,In Store,,Credit Card,,Croissant,Pastry,3.77,1,3.77,29.69,3
ORD-002831,2025-08-14 13:07:08,Thursday,Campus,In Store,,Credit Card,,Breakfast Burrito,Food,7.02,3,21.06,29.69,3
ORD-002831,2025-08-14 13:07:08,Thursday,Campus,In Store,,Credit Card,,Latte,Beverage,4.86,1,4.86,29.69,3
ORD-002748,2025-08-14 13:22:02,Thursday,Riverside,In Store,,Debit Card,,Veggie Wrap,Food,7.6,1,7.6,7.6,1
ORD-001616,2025-08-14 13:30:18,Thursday,Campus,In Store,,Debit Card,,Cappuccino,Beverage,4.57,1,4.57,44.48,5
ORD-001616,2025-08-14 13:30:18,Thursday,Campus,In Store,,Debit Card,,Hot Chocolate,Beverage,3.65,1,3.65,44.48,5
ORD-001616,2025-08-14 13:30:18,Thursday,Campus,In Store,,Debit Card,,Scone,Pastry,3.6,1,3.6,44.48,5
ORD-001616,2025-08-14 13:30:18,Thursday,Campus,In Store,,Debit Card,,Americano,Beverage,3.55,2,7.1,44.48,5
ORD-001616,2025-08-14 13:30:18,Thursday,Campus,In Store,,Debit Card,,Caesar Salad,Food,8.52,3,25.56,44.48,5
ORD-001144,2025-08-14 14:18:41,Thursday,Downtown,In Store,,Credit Card,,Granola & Yogurt Cup,Snack,4.98,1,4.98,11.95,2
ORD-001144,2025-08-14 14:18:41,Thursday,Downtown,In Store,,Credit Card,,Grilled Cheese,Food,6.97,1,6.97,11.95,2
ORD-002910,2025-08-15 06:07:02,Friday,Uptown,In Store,,Debit Card,,Turkey & Swiss Sandwich,Food,8.51,2,17.02,17.02,1
ORD-002738,2025-08-15 08:51:40,Friday,Downtown,In Store,,Mobile Wallet,,Caesar Salad,Food,8.24,1,8.24,22.24,5
ORD-002738,2025-08-15 08:51:40,Friday,Downtown,In Store,,Mobile Wallet,,Scone,Pastry,3.56,1,3.56,22.24,5
ORD-002738,2025-08-15 08:51:40,Friday,Downtown,In Store,,Mobile Wallet,,Hot Chocolate,Beverage,3.65,1,3.65,22.24,5
ORD-002738,2025-08-15 08:51:40,Friday,Downtown,In Store,,Mobile Wallet,,Drip Coffee,Beverage,2.96,1,2.96,22.24,5
ORD-002738,2025-08-15 08:51:40,Friday,Downtown,In Store,,Mobile Wallet,,Bagel w/ Cream Cheese,Pastry,3.83,1,3.83,22.24,5
ORD-000328,2025-08-15 09:02:12,Friday,Downtown,In Store,,Credit Card,,Hot Chocolate,Beverage,3.53,1,3.53,14.79,3
ORD-000328,2025-08-15 09:02:12,Friday,Downtown,In Store,,Credit Card,,Iced Tea,Beverage,3.14,2,6.28,14.79,3
ORD-000328,2025-08-15 09:02:12,Friday,Downtown,In Store,,Credit Card,,Cold Brew,Beverage,4.98,1,4.98,14.79,3
ORD-002722,2025-08-15 09:36:26,Friday,Uptown,Delivery,Grubhub,Debit Card,,Protein Box,Snack,7.22,2,14.44,14.44,1
ORD-000844,2025-08-15 10:43:34,Friday,Uptown,Mobile,,Credit Card,CUST-4124,Hot Chocolate,Beverage,3.74,1,3.74,3.74,1
ORD-002744,2025-08-15 11:42:08,Friday,Downtown,In Store,,Debit Card,CUST-2344,Granola & Yogurt Cup,Snack,4.72,1,4.72,20.46,3
ORD-002744,2025-08-15 11:42:08,Friday,Downtown,In Store,,Debit Card,CUST-2344,Protein Box,Snack,7.25,1,7.25,20.46,3
ORD-002744,2025-08-15 11:42:08,Friday,Downtown,In Store,,Debit Card,CUST-2344,Turkey & Swiss Sandwich,Food,8.49,1,8.49,20.46,3
ORD-002201,2025-08-15 12:57:19,Friday,Campus,Mobile,,Credit Card,CUST-3430,Turkey & Swiss Sandwich,Food,8.86,1,8.86,13.29,2
ORD-002201,2025-08-15 12:57:19,Friday,Campus,Mobile,,Credit Card,CUST-3430,Fruit Cup,Snack,4.43,1,4.43,13.29,2
ORD-001883,2025-08-15 14:24:22,Friday,Uptown,In Store,,Cash,CUST-3699,Espresso Shot,Beverage,2.54,1,2.54,25.33,5
ORD-001883,2025-08-15 14:24:22,Friday,Uptown,In Store,,Cash,CUST-3699,Veggie Wrap,Food,8.05,1,8.05,25.33,5
ORD-001883,2025-08-15 14:24:22,Friday,Uptown,In Store,,Cash,CUST-3699,Avocado Toast,Food,8.2,1,8.2,25.33,5
ORD-001883,2025-08-15 14:24:22,Friday,Uptown,In Store,,Cash,CUST-3699,Bag of Chips,Snack,2.11,2,4.22,25.33,5
ORD-001883,2025-08-15 14:24:22,Friday,Uptown,In Store,,Cash,CUST-3699,Chocolate Chip Cookie,Pastry,2.32,1,2.32,25.33,5
ORD-002879,2025-08-16 07:09:16,Saturday,Downtown,In Store,,Debit Card,CUST-4713,Cinnamon Roll,Pastry,4.24,1,4.24,32.56,4
ORD-002879,2025-08-16 07:09:16,Saturday,Downtown,In Store,,Debit Card,CUST-4713,Turkey & Swiss Sandwich,Food,8.6,1,8.6,32.56,4
ORD-002879,2025-08-16 07:09:16,Saturday,Downtown,In Store,,Debit Card,CUST-4713,Caesar Salad,Food,8.16,2,16.32,32.56,4
ORD-002879,2025-08-16 07:09:16,Saturday,Downtown,In Store,,Debit Card,CUST-4713,Blueberry Muffin,Pastry,3.4,1,3.4,32.56,4
ORD-000524,2025-08-16 07:34:38,Saturday,Downtown,In Store,,Mobile Wallet,,Chocolate Chip Cookie,Pastry,2.27,1,2.27,2.27,1
ORD-001695,2025-08-16 09:58:57,Saturday,Campus,In Store,,Cash,CUST-2359,Croissant,Pastry,3.69,1,3.69,7.77,2
ORD-001695,2025-08-16 09:58:57,Saturday,Campus,In Store,,Cash,CUST-2359,Bagel w/ Cream Cheese,Pastry,4.08,1,4.08,7.77,2
ORD-001622,2025-08-16 11:20:20,Saturday,Downtown,In Store,,Cash,,Cappuccino,Beverage,4.28,1,4.28,11.27,3
ORD-001622,2025-08-16 11:20:20,Saturday,Downtown,In Store,,Cash,,Scone,Pastry,3.19,1,3.19,11.27,3
ORD-001622,2025-08-16 11:20:20,Saturday,Downtown,In Store,,Cash,,Cinnamon Roll,Pastry,3.8,1,3.8,11.27,3
ORD-002055,2025-08-16 12:38:54,Saturday,Uptown,In Store,,Mobile Wallet,,Grilled Cheese,Food,6.49,2,12.98,20.09,3
ORD-002055,2025-08-16 12:38:54,Saturday,Uptown,In Store,,Mobile Wallet,,Chai Latte,Beverage,4.5,1,4.5,20.09,3
ORD-002055,2025-08-16 12:38:54,Saturday,Uptown,In Store,,Mobile Wallet,,Drip Coffee,Beverage,2.61,1,2.61,20.09,3
ORD-001245,2025-08-16 13:03:43,Saturday,Uptown,Mobile,,Mobile Wallet,CUST-1097,Breakfast Burrito,Food,7.24,2,14.48,21.38,2
ORD-001245,2025-08-16 13:03:43,Saturday,Uptown,Mobile,,Mobile Wallet,CUST-1097,Croissant,Pastry,3.45,2,6.9,21.38,2
ORD-001053,2025-08-16 13:54:40,Saturday,Campus,In Store,,Debit Card,CUST-3727,Caesar Salad,Food,8.19,1,8.19,21.83,4
ORD-001053,2025-08-16 13:54:40,Saturday,Campus,In Store,,Debit Card,CUST-3727,Chai Latte,Beverage,4.37,1,4.37,21.83,4
ORD-001053,2025-08-16 13:54:40,Saturday,Campus,In Store,,Debit Card,CUST-3727,Matcha Latte,Beverage,5.14,1,5.14,21.83,4
ORD-001053,2025-08-16 13:54:40,Saturday,Campus,In Store,,Debit Card,CUST-3727,Bagel w/ Cream Cheese,Pastry,4.13,1,4.13,21.83,4
ORD-002079,2025-08-16 14:11:29,Saturday,Riverside,Mobile,,Debit Card,CUST-3541,Granola & Yogurt Cup,Snack,5.37,1,5.37,9.54,2
ORD-002079,2025-08-16 14:11:29,Saturday,Riverside,Mobile,,Debit Card,CUST-3541,Bagel w/ Cream Cheese,Pastry,4.17,1,4.17,9.54,2
ORD-001509,2025-08-16 16:42:09,Saturday,Downtown,Mobile,,Credit Card,CUST-4552,Americano,Beverage,3.22,3,9.66,25.81,4
ORD-001509,2025-08-16 16:42:09,Saturday,Downtown,Mobile,,Credit Card,CUST-4552,Drip Coffee,Beverage,3.04,2,6.08,25.81,4
ORD-001509,2025-08-16 16:42:09,Saturday,Downtown,Mobile,,Credit Card,CUST-4552,Protein Box,Snack,7.29,1,7.29,25.81,4
ORD-001509,2025-08-16 16:42:09,Saturday,Downtown,Mobile,,Credit Card,CUST-4552,Chocolate Chip Cookie,Pastry,2.78,1,2.78,25.81,4
ORD-000115,2025-08-16 20:51:43,Saturday,Riverside,Delivery,Uber Eats,Mobile Wallet,,Cold Brew,Beverage,5.1,1,5.1,9.3,2
ORD-000115,2025-08-16 20:51:43,Saturday,Riverside,Delivery,Uber Eats,Mobile Wallet,,Hot Chocolate,Beverage,4.2,1,4.2,9.3,2
ORD-001285,2025-08-17 07:59:35,Sunday,Uptown,In Store,,Credit Card,,Matcha Latte,Beverage,4.94,1,4.94,26.23,5
ORD-001285,2025-08-17 07:59:35,Sunday,Uptown,In Store,,Credit Card,,Cold Brew,Beverage,4.54,1,4.54,26.23,5
ORD-001285,2025-08-17 07:59:35,Sunday,Uptown,In Store,,Credit Card,,Granola & Yogurt Cup,Snack,5.19,2,10.38,26.23,5
ORD-001285,2025-08-17 07:59:35,Sunday,Uptown,In Store,,Credit Card,,Scone,Pastry,3.64,1,3.64,26.23,5
ORD-001285,2025-08-17 07:59:35,Sunday,Uptown,In Store,,Credit Card,,Chocolate Chip Cookie,Pastry,2.73,1,2.73,26.23,5
ORD-000768,2025-08-17 09:42:27,Sunday,Campus,In Store,,Debit Card,,Blueberry Muffin,Pastry,3.58,1,3.58,3.58,1
ORD-002317,2025-08-17 09:53:09,Sunday,Uptown,In Store,,Cash,,Protein Box,Snack,7.0,1,7.0,11.56,2
ORD-002317,2025-08-17 09:53:09,Sunday,Uptown,In Store,,Cash,,Chai Latte,Beverage,4.56,1,4.56,11.56,2
ORD-000381,2025-08-17 13:19:21,Sunday,Downtown,Mobile,,Debit Card,CUST-3325,Bag of Chips,Snack,2.27,2,4.54,4.54,1
ORD-001367,2025-08-17 15:58:00,Sunday,Uptown,In Store,,Cash,,Fruit Cup,Snack,4.37,1,4.37,16.32,3
ORD-001367,2025-08-17 15:58:00,Sunday,Uptown,In Store,,Cash,,Blueberry Muffin,Pastry,3.68,1,3.68,16.32,3
ORD-001367,2025-08-17 15:58:00,Sunday,Uptown,In Store,,Cash,,Caesar Salad,Food,8.27,1,8.27,16.32,3
ORD-001884,2025-08-17 17:05:48,Sunday,Downtown,In Store,,Credit Card,,Americano,Beverage,3.55,1,3.55,3.55,1
ORD-002225,2025-08-17 18:05:07,Sunday,Campus,Mobile,,Credit Card,CUST-4148,Drip Coffee,Beverage,3.16,2,6.32,12.0,3
ORD-002225,2025-08-17 18:05:07,Sunday,Campus,Mobile,,Credit Card,CUST-4148,Blueberry Muffin,Pastry,3.23,1,3.23,12.0,3
ORD-002225,2025-08-17 18:05:07,Sunday,Campus,Mobile,,Credit Card,CUST-4148,Chocolate Chip Cookie,Pastry,2.45,1,2.45,12.0,3
ORD-001842,2025-08-18 08:25:30,Monday,Campus,Mobile,,Debit Card,CUST-3981,Veggie Wrap,Food,7.91,1,7.91,7.91,1
ORD-000912,2025-08-18 08:44:14,Monday,Downtown,In Store,,Cash,CUST-4240,Cold Brew,Beverage,5.21,1,5.21,13.97,2
ORD-000912,2025-08-18 08:44:14,Monday,Downtown,In Store,,Cash,CUST-4240,Turkey & Swiss Sandwich,Food,8.76,1,8.76,13.97,2
ORD-002506,2025-08-18 09:20:00,Monday,Riverside,In Store,,Credit Card,,Cinnamon Roll,Pastry,4.08,1,4.08,8.17,2
ORD-002506,2025-08-18 09:20:00,Monday,Riverside,In Store,,Credit Card,,Bagel w/ Cream Cheese,Pastry,4.09,1,4.09,8.17,2
ORD-001209,2025-08-18 09:34:39,Monday,Campus,Mobile,,Mobile Wallet,CUST-4850,Bag of Chips,Snack,2.43,1,2.43,6.58,2
ORD-001209,2025-08-18 09:34:39,Monday,Campus,Mobile,,Mobile Wallet,CUST-4850,Cappuccino,Beverage,4.15,1,4.15,6.58,2
ORD-001411,2025-08-18 13:10:03,Monday,Uptown,Delivery,DoorDash,Credit Card,,Protein Box,Snack,7.14,3,21.42,28.92,3
ORD-001411,2025-08-18 13:10:03,Monday,Uptown,Delivery,DoorDash,Credit Card,,Chai Latte,Beverage,4.35,1,4.35,28.92,3
ORD-001411,2025-08-18 13:10:03,Monday,Uptown,Delivery,DoorDash,Credit Card,,Blueberry Muffin,Pastry,3.15,1,3.15,28.92,3
ORD-000340,2025-08-18 18:00:46,Monday,Riverside,In Store,,Cash,,Hot Chocolate,Beverage,4.12,1,4.12,24.16,5
ORD-000340,2025-08-18 18:00:46,Monday,Riverside,In Store,,Cash,,Mocha,Beverage,4.82,2,9.64,24.16,5
ORD-000340,2025-08-18 18:00:46,Monday,Riverside,In Store,,Cash,,Drip Coffee,Beverage,2.71,1,2.71,24.16,5
ORD-000340,2025-08-18 18:00:46,Monday,Riverside,In Store,,Cash,,Iced Tea,Beverage,3.02,1,3.02,24.16,5
ORD-000340,2025-08-18 18:00:46,Monday,Riverside,In Store,,Cash,,Chai Latte,Beverage,4.67,1,4.67,24.16,5
ORD-000171,2025-08-18 20:30:37,Monday,Campus,In Store,,Cash,,Turkey & Swiss Sandwich,Food,8.44,1,8.44,15.83,2
ORD-000171,2025-08-18 20:30:37,Monday,Campus,In Store,,Cash,,Protein Box,Snack,7.39,1,7.39,15.83,2
ORD-001473,2025-08-19 07:30:32,Tuesday,Campus,In Store,,Mobile Wallet,,Cold Brew,Beverage,4.56,1,4.56,4.56,1
ORD-002331,2025-08-19 08:42:52,Tuesday,Downtown,In Store,,Credit Card,,Caesar Salad,Food,8.72,1,8.72,25.47,3
ORD-002331,2025-08-19 08:42:52,Tuesday,Downtown,In Store,,Credit Card,,Protein Box,Snack,6.71,2,13.42,25.47,3
ORD-002331,2025-08-19 08:42:52,Tuesday,Downtown,In Store,,Credit Card,,Blueberry Muffin,Pastry,3.33,1,3.33,25.47,3
ORD-002916,2025-08-19 08:51:02,Tuesday,Campus,In Store,,Mobile Wallet,,Hot Chocolate,Beverage,4.19,2,8.38,8.38,1
ORD-002359,2025-08-19 09:02:09,Tuesday,Riverside,In Store,,Debit Card,,Hot Chocolate,Beverage,4.21,1,4.21,21.7,5
ORD-002359,2025-08-19 09:02:09,Tuesday,Riverside,In Store,,Debit Card,,Scone,Pastry,3.67,1,3.67,21.7,5
ORD-002359,2025-08-19 09:02:09,Tuesday,Riverside,In Store,,Debit Card,,Blueberry Muffin,Pastry,3.14,1,3.14,21.7,5
ORD-002359,2025-08-19 09:02:09,Tuesday,Riverside,In Store,,Debit Card,,Croissant,Pastry,3.34,1,3.34,21.7,5
ORD-002359,2025-08-19 09:02:09,Tuesday,Riverside,In Store,,Debit Card,,Breakfast Burrito,Food,7.34,1,7.34,21.7,5
ORD-000460,2025-08-19 09:24:28,Tuesday,Downtown,In Store,,Credit Card,,Grilled Cheese,Food,6.82,1,6.82,19.32,4
ORD-000460,2025-08-19 09:24:28,Tuesday,Downtown,In Store,,Credit Card,,Bagel w/ Cream Cheese,Pastry,3.9,1,3.9,19.32,4
ORD-000460,2025-08-19 09:24:28,Tuesday,Downtown,In Store,,Credit Card,,Hot Chocolate,Beverage,3.73,1,3.73,19.32,4
ORD-000460,2025-08-19 09:24:28,Tuesday,Downtown,In Store,,Credit Card,,Cold Brew,Beverage,4.87,1,4.87,19.32,4
ORD-000284,2025-08-19 09:42:19,Tuesday,Uptown,Mobile,,Mobile Wallet,CUST-3321,Chocolate Chip Cookie,Pastry,2.78,1,2.78,5.76,2
ORD-000284,2025-08-19 09:42:19,Tuesday,Uptown,Mobile,,Mobile Wallet,CUST-3321,Iced Tea,Beverage,2.98,1,2.98,5.76,2
ORD-002501,2025-08-19 10:23:09,Tuesday,Downtown,Mobile,,Credit Card,CUST-1361,Americano,Beverage,3.42,1,3.42,3.42,1
ORD-001479,2025-08-19 11:56:48,Tuesday,Uptown,In Store,,Cash,,Fruit Cup,Snack,3.96,1,3.96,3.96,1
ORD-000686,2025-08-19 15:11:19,Tuesday,Uptown,In Store,,Cash,CUST-2404,Turkey & Swiss Sandwich,Food,8.64,1,8.64,27.61,5
ORD-000686,2025-08-19 15:11:19,Tuesday,Uptown,In Store,,Cash,CUST-2404,Bagel w/ Cream Cheese,Pastry,3.69,1,3.69,27.61,5
ORD-000686,2025-08-19 15:11:19,Tuesday,Uptown,In Store,,Cash,CUST-2404,Breakfast Burrito,Food,7.45,1,7.45,27.61,5
ORD-000686,2025-08-19 15:11:19,Tuesday,Uptown,In Store,,Cash,CUST-2404,Cold Brew,Beverage,5.17,1,5.17,27.61,5
ORD-000686,2025-08-19 15:11:19,Tuesday,Uptown,In Store,,Cash,CUST-2404,Drip Coffee,Beverage,2.66,1,2.66,27.61,5
ORD-000151,2025-08-19 16:05:34,Tuesday,Uptown,Mobile,,Credit Card,CUST-2099,Breakfast Burrito,Food,7.14,2,14.28,19.07,2
ORD-000151,2025-08-19 16:05:34,Tuesday,Uptown,Mobile,,Credit Card,CUST-2099,Latte,Beverage,4.79,1,4.79,19.07,2
ORD-002953,2025-08-19 16:14:42,Tuesday,Riverside,Mobile,,Credit Card,CUST-3650,Iced Tea,Beverage,3.16,1,3.16,11.64,2
ORD-002953,2025-08-19 16:14:42,Tuesday,Riverside,Mobile,,Credit Card,CUST-3650,Caesar Salad,Food,8.48,1,8.48,11.64,2
ORD-002608,2025-08-20 07:04:20,Wednesday,Riverside,Mobile,,Mobile Wallet,CUST-2927,Blueberry Muffin,Pastry,3.75,3,11.25,26.99,4
ORD-002608,2025-08-20 07:04:20,Wednesday,Riverside,Mobile,,Mobile Wallet,CUST-2927,Veggie Wrap,Food,7.51,1,7.51,26.99,4
ORD-002608,2025-08-20 07:04:20,Wednesday,Riverside,Mobile,,Mobile Wallet,CUST-2927,Espresso Shot,Beverage,2.85,1,2.85,26.99,4
ORD-002608,2025-08-20 07:04:20,Wednesday,Riverside,Mobile,,Mobile Wallet,CUST-2927,Mocha,Beverage,5.38,1,5.38,26.99,4
ORD-002796,2025-08-20 08:14:54,Wednesday,Downtown,In Store,,Mobile Wallet,CUST-4840,Iced Tea,Beverage,3.04,1,3.04,3.04,1
ORD-002757,2025-08-20 08:57:14,Wednesday,Downtown,Mobile,,Debit Card,CUST-4170,Latte,Beverage,4.87,2,9.74,14.5,2
ORD-002757,2025-08-20 08:57:14,Wednesday,Downtown,Mobile,,Debit Card,CUST-4170,Chocolate Chip Cookie,Pastry,2.38,2,4.76,14.5,2
ORD-000325,2025-08-20 09:39:31,Wednesday,Downtown,In Store,,Credit Card,CUST-3191,Americano,Beverage,3.09,1,3.09,3.09,1
ORD-000925,2025-08-20 09:53:49,Wednesday,Campus,Mobile,,Credit Card,CUST-1816,Turkey & Swiss Sandwich,Food,8.74,2,17.48,17.48,1
ORD-001025,2025-08-20 10:32:19,Wednesday,Campus,In Store,,Mobile Wallet,,Hot Chocolate,Beverage,3.66,1,3.66,3.66,1
ORD-001522,2025-08-20 12:32:27,Wednesday,Riverside,In Store,,Cash,,Chocolate Chip Cookie,Pastry,2.77,1,2.77,21.24,3
ORD-001522,2025-08-20 12:32:27,Wednesday,Riverside,In Store,,Cash,,Mocha,Beverage,5.08,2,10.16,21.24,3
ORD-001522,2025-08-20 12:32:27,Wednesday,Riverside,In Store,,Cash,,Avocado Toast,Food,8.31,1,8.31,21.24,3
ORD-002107,2025-08-20 14:04:15,Wednesday,Downtown,In Store,,Credit Card,,Grilled Cheese,Food,6.92,1,6.92,11.87,2
ORD-002107,2025-08-20 14:04:15,Wednesday,Downtown,In Store,,Credit Card,,Mocha,Beverage,4.95,1,4.95,11.87,2
ORD-002456,2025-08-20 18:56:34,Wednesday,Campus,In Store,,Cash,,Blueberry Muffin,Pastry,3.69,3,11.07,11.07,1
ORD-002423,2025-08-21 08:42:51,Thursday,Riverside,In Store,,Cash,,Chai Latte,Beverage,4.89,1,4.89,4.89,1
ORD-002956,2025-08-21 10:19:29,Thursday,Campus,In Store,,Debit Card,,Avocado Toast,Food,8.09,1,8.09,23.9,4
ORD-002956,2025-08-21 10:19:29,Thursday,Campus,In Store,,Debit Card,,Granola & Yogurt Cup,Snack,5.43,1,5.43,23.9,4
ORD-002956,2025-08-21 10:19:29,Thursday,Campus,In Store,,Debit Card,,Espresso Shot,Beverage,2.29,1,2.29,23.9,4
ORD-002956,2025-08-21 10:19:29,Thursday,Campus,In Store,,Debit Card,,Veggie Wrap,Food,8.09,1,8.09,23.9,4
ORD-001055,2025-08-21 10:41:14,Thursday,Riverside,In Store,,Mobile Wallet,,Bagel w/ Cream Cheese,Pastry,4.18,1,4.18,4.18,1
ORD-000262,2025-08-21 10:49:39,Thursday,Riverside,In Store,,Mobile Wallet,CUST-4110,Croissant,Pastry,3.28,1,3.28,12.86,3
ORD-000262,2025-08-21 10:49:39,Thursday,Riverside,In Store,,Mobile Wallet,CUST-4110,Iced Tea,Beverage,3.14,1,3.14,12.86,3
ORD-000262,2025-08-21 10:49:39,Thursday,Riverside,In Store,,Mobile Wallet,CUST-4110,Drip Coffee,Beverage,3.22,2,6.44,12.86,3
ORD-002385,2025-08-21 11:30:47,Thursday,Riverside,In Store,,Cash,CUST-2967,Espresso Shot,Beverage,2.98,1,2.98,7.43,2
ORD-002385,2025-08-21 11:30:47,Thursday,Riverside,In Store,,Cash,CUST-2967,Cappuccino,Beverage,4.45,1,4.45,7.43,2
ORD-000394,2025-08-21 12:30:36,Thursday,Campus,Mobile,,Debit Card,CUST-4934,Breakfast Burrito,Food,7.47,2,14.94,34.91,5
ORD-000394,2025-08-21 12:30:36,Thursday,Campus,Mobile,,Debit Card,CUST-4934,Latte,Beverage,4.38,1,4.38,34.91,5
ORD-000394,2025-08-21 12:30:36,Thursday,Campus,Mobile,,Debit Card,CUST-4934,Grilled Cheese,Food,6.99,1,6.99,34.91,5
ORD-000394,2025-08-21 12:30:36,Thursday,Campus,Mobile,,Debit Card,CUST-4934,Hot Chocolate,Beverage,4.05,1,4.05,34.91,5
ORD-000394,2025-08-21 12:30:36,Thursday,Campus,Mobile,,Debit Card,CUST-4934,Cold Brew,Beverage,4.55,1,4.55,34.91,5
ORD-001701,2025-08-21 14:19:07,Thursday,Riverside,Mobile,,Credit Card,CUST-4859,Turkey & Swiss Sandwich,Food,8.86,1,8.86,25.96,4
ORD-001701,2025-08-21 14:19:07,Thursday,Riverside,Mobile,,Credit Card,CUST-4859,Iced Tea,Beverage,2.88,1,2.88,25.96,4
ORD-001701,2025-08-21 14:19:07,Thursday,Riverside,Mobile,,Credit Card,CUST-4859,Americano,Beverage,3.44,2,6.88,25.96,4
ORD-001701,2025-08-21 14:19:07,Thursday,Riverside,Mobile,,Credit Card,CUST-4859,Breakfast Burrito,Food,7.34,1,7.34,25.96,4
ORD-001227,2025-08-21 17:01:44,Thursday,Uptown,In Store,,Cash,,Grilled Cheese,Food,6.52,1,6.52,6.52,1
ORD-002447,2025-08-21 17:30:04,Thursday,Riverside,In Store,,Cash,,Blueberry Muffin,Pastry,3.44,1,3.44,9.91,2
ORD-002447,2025-08-21 17:30:04,Thursday,Riverside,In Store,,Cash,,Grilled Cheese,Food,6.47,1,6.47,9.91,2
ORD-002420,2025-08-22 08:50:08,Friday,Uptown,Mobile,,Mobile Wallet,CUST-2713,Avocado Toast,Food,7.96,2,15.92,24.85,3
ORD-002420,2025-08-22 08:50:08,Friday,Uptown,Mobile,,Mobile Wallet,CUST-2713,Cold Brew,Beverage,4.6,1,4.6,24.85,3
ORD-002420,2025-08-22 08:50:08,Friday,Uptown,Mobile,,Mobile Wallet,CUST-2713,Cappuccino,Beverage,4.33,1,4.33,24.85,3
ORD-002893,2025-08-22 11:23:07,Friday,Downtown,Delivery,DoorDash,Mobile Wallet,CUST-3582,Breakfast Burrito,Food,7.22,1,7.22,22.38,3
ORD-002893,2025-08-22 11:23:07,Friday,Downtown,Delivery,DoorDash,Mobile Wallet,CUST-3582,Turkey & Swiss Sandwich,Food,8.66,1,8.66,22.38,3
ORD-002893,2025-08-22 11:23:07,Friday,Downtown,Delivery,DoorDash,Mobile Wallet,CUST-3582,Americano,Beverage,3.25,2,6.5,22.38,3
ORD-001123,2025-08-22 14:02:35,Friday,Riverside,In Store,,Credit Card,,Protein Box,Snack,7.37,1,7.37,10.88,2
ORD-001123,2025-08-22 14:02:35,Friday,Riverside,In Store,,Credit Card,,Hot Chocolate,Beverage,3.51,1,3.51,10.88,2
ORD-001983,2025-08-23 11:04:20,Saturday,Uptown,In Store,,Cash,CUST-3303,Scone,Pastry,3.47,1,3.47,14.59,3
ORD-001983,2025-08-23 11:04:20,Saturday,Uptown,In Store,,Cash,CUST-3303,Protein Box,Snack,7.36,1,7.36,14.59,3
ORD-001983,2025-08-23 11:04:20,Saturday,Uptown,In Store,,Cash,CUST-3303,Croissant,Pastry,3.76,1,3.76,14.59,3
ORD-002685,2025-08-23 11:10:08,Saturday,Uptown,In Store,,Cash,,Chai Latte,Beverage,4.4,1,4.4,9.68,2
ORD-002685,2025-08-23 11:10:08,Saturday,Uptown,In Store,,Cash,,Matcha Latte,Beverage,5.28,1,5.28,9.68,2
ORD-000182,2025-08-23 12:49:49,Saturday,Downtown,In Store,,Cash,CUST-3224,Bag of Chips,Snack,2.3,1,2.3,14.53,3
ORD-000182,2025-08-23 12:49:49,Saturday,Downtown,In Store,,Cash,CUST-3224,Croissant,Pastry,3.82,1,3.82,14.53,3
ORD-000182,2025-08-23 12:49:49,Saturday,Downtown,In Store,,Cash,CUST-3224,Turkey & Swiss Sandwich,Food,8.41,1,8.41,14.53,3
ORD-000815,2025-08-23 13:15:58,Saturday,Campus,Mobile,,Credit Card,CUST-1313,Latte,Beverage,4.98,1,4.98,4.98,1
ORD-000934,2025-08-23 13:21:35,Saturday,Downtown,In Store,,Cash,CUST-1817,Grilled Cheese,Food,6.57,3,19.71,35.72,4
ORD-000934,2025-08-23 13:21:35,Saturday,Downtown,In Store,,Cash,CUST-1817,Caesar Salad,Food,8.1,1,8.1,35.72,4
ORD-000934,2025-08-23 13:21:35,Saturday,Downtown,In Store,,Cash,CUST-1817,Latte,Beverage,4.63,1,4.63,35.72,4
ORD-000934,2025-08-23 13:21:35,Saturday,Downtown,In Store,,Cash,CUST-1817,Blueberry Muffin,Pastry,3.28,1,3.28,35.72,4
ORD-002927,2025-08-23 13:52:12,Saturday,Uptown,In Store,,Credit Card,CUST-2625,Fruit Cup,Snack,3.78,1,3.78,6.82,2
ORD-002927,2025-08-23 13:52:12,Saturday,Uptown,In Store,,Credit Card,CUST-2625,Blueberry Muffin,Pastry,3.04,1,3.04,6.82,2
ORD-001352,2025-08-23 14:59:15,Saturday,Uptown,Mobile,,Mobile Wallet,CUST-4643,Scone,Pastry,3.44,1,3.44,3.44,1
ORD-002912,2025-08-23 17:40:08,Saturday,Uptown,In Store,,Cash,CUST-3744,Hot Chocolate,Beverage,3.51,1,3.51,20.96,5
ORD-002912,2025-08-23 17:40:08,Saturday,Uptown,In Store,,Cash,CUST-3744,Granola & Yogurt Cup,Snack,5.1,1,5.1,20.96,5
ORD-002912,2025-08-23 17:40:08,Saturday,Uptown,In Store,,Cash,CUST-3744,Drip Coffee,Beverage,2.93,1,2.93,20.96,5
ORD-002912,2025-08-23 17:40:08,Saturday,Uptown,In Store,,Cash,CUST-3744,Grilled Cheese,Food,6.94,1,6.94,20.96,5
ORD-002912,2025-08-23 17:40:08,Saturday,Uptown,In Store,,Cash,CUST-3744,Chocolate Chip Cookie,Pastry,2.48,1,2.48,20.96,5
ORD-002096,2025-08-23 18:39:49,Saturday,Campus,In Store,,Mobile Wallet,,Avocado Toast,Food,8.16,1,8.16,11.95,2
ORD-002096,2025-08-23 18:39:49,Saturday,Campus,In Store,,Mobile Wallet,,Fruit Cup,Snack,3.79,1,3.79,11.95,2
ORD-001333,2025-08-23 19:02:15,Saturday,Campus,Mobile,,Mobile Wallet,CUST-3515,Cappuccino,Beverage,4.04,1,4.04,4.04,1
ORD-001959,2025-08-24 06:23:02,Sunday,Campus,Mobile,,Debit Card,CUST-3495,Caesar Salad,Food,8.09,1,8.09,24.01,5
ORD-001959,2025-08-24 06:23:02,Sunday,Campus,Mobile,,Debit Card,CUST-3495,Espresso Shot,Beverage,2.66,1,2.66,24.01,5
ORD-001959,2025-08-24 06:23:02,Sunday,Campus,Mobile,,Debit Card,CUST-3495,Drip Coffee,Beverage,2.59,1,2.59,24.01,5
ORD-001959,2025-08-24 06:23:02,Sunday,Campus,Mobile,,Debit Card,CUST-3495,Breakfast Burrito,Food,7.11,1,7.11,24.01,5
ORD-001959,2025-08-24 06:23:02,Sunday,Campus,Mobile,,Debit Card,CUST-3495,Bagel w/ Cream Cheese,Pastry,3.56,1,3.56,24.01,5
ORD-002585,2025-08-24 07:24:06,Sunday,Riverside,In Store,,Credit Card,,Latte,Beverage,4.93,2,9.86,29.7,3
ORD-002585,2025-08-24 07:24:06,Sunday,Riverside,In Store,,Credit Card,,Turkey & Swiss Sandwich,Food,8.35,1,8.35,29.7,3
ORD-002585,2025-08-24 07:24:06,Sunday,Riverside,In Store,,Credit Card,,Bagel w/ Cream Cheese,Pastry,3.83,3,11.49,29.7,3
ORD-002640,2025-08-24 09:16:53,Sunday,Downtown,Mobile,,Credit Card,CUST-2385,Blueberry Muffin,Pastry,3.12,2,6.24,6.24,1
ORD-000238,2025-08-24 09:29:19,Sunday,Campus,Mobile,,Mobile Wallet,CUST-1419,Caesar Salad,Food,8.63,3,25.89,25.89,1
ORD-000666,2025-08-24 09:30:16,Sunday,Campus,Mobile,,Mobile Wallet,CUST-4785,Americano,Beverage,3.37,3,10.11,10.11,1
ORD-001794,2025-08-24 11:30:07,Sunday,Riverside,Mobile,,Credit Card,CUST-3313,Bagel w/ Cream Cheese,Pastry,3.95,1,3.95,8.18,2
ORD-001794,2025-08-24 11:30:07,Sunday,Riverside,Mobile,,Credit Card,CUST-3313,Cinnamon Roll,Pastry,4.23,1,4.23,8.18,2
ORD-000922,2025-08-24 11:56:34,Sunday,Campus,Mobile,,Credit Card,CUST-4441,Blueberry Muffin,Pastry,3.33,1,3.33,8.34,2
ORD-000922,2025-08-24 11:56:34,Sunday,Campus,Mobile,,Credit Card,CUST-4441,Mocha,Beverage,5.01,1,5.01,8.34,2
ORD-002308,2025-08-24 12:35:43,Sunday,Riverside,In Store,,Debit Card,CUST-4009,Blueberry Muffin,Pastry,3.36,1,3.36,3.36,1
ORD-000820,2025-08-24 12:40:38,Sunday,Campus,In Store,,Mobile Wallet,,Iced Tea,Beverage,3.37,1,3.37,3.37,1
ORD-001574,2025-08-24 14:36:29,Sunday,Riverside,Mobile,,Credit Card,CUST-4512,Veggie Wrap,Food,8.23,2,16.46,16.46,1
ORD-002314,2025-08-24 17:41:49,Sunday,Riverside,Mobile,,Mobile Wallet,CUST-4407,Croissant,Pastry,3.35,1,3.35,13.31,3
ORD-002314,2025-08-24 17:41:49,Sunday,Riverside,Mobile,,Mobile Wallet,CUST-4407,Drip Coffee,Beverage,2.82,1,2.82,13.31,3
ORD-002314,2025-08-24 17:41:49,Sunday,Riverside,Mobile,,Mobile Wallet,CUST-4407,Breakfast Burrito,Food,7.14,1,7.14,13.31,3
ORD-001278,2025-08-24 19:11:56,Sunday,Downtown,In Store,,Debit Card,,Matcha Latte,Beverage,5.46,2,10.92,10.92,1
ORD-000746,2025-08-25 06:00:29,Monday,Riverside,In Store,,Mobile Wallet,,Latte,Beverage,4.66,2,9.32,11.63,2
ORD-000746,2025-08-25 06:00:29,Monday,Riverside,In Store,,Mobile Wallet,,Chocolate Chip Cookie,Pastry,2.31,1,2.31,11.63,2
ORD-002996,2025-08-25 08:05:45,Monday,Uptown,Delivery,DoorDash,Credit Card,CUST-2582,Cinnamon Roll,Pastry,4.26,1,4.26,10.52,2
ORD-002996,2025-08-25 08:05:45,Monday,Uptown,Delivery,DoorDash,Credit Card,CUST-2582,Grilled Cheese,Food,6.26,1,6.26,10.52,2
ORD-001026,2025-08-25 08:09:02,Monday,Downtown,In Store,,Credit Card,CUST-2838,Granola & Yogurt Cup,Snack,5.28,1,5.28,5.28,1
ORD-001413,2025-08-25 08:29:05,Monday,Downtown,In Store,,Mobile Wallet,CUST-1383,Turkey & Swiss Sandwich,Food,8.67,2,17.34,17.34,1
ORD-002083,2025-08-25 08:35:29,Monday,Campus,Mobile,,Debit Card,CUST-3242,Cinnamon Roll,Pastry,4.4,1,4.4,32.74,4
ORD-002083,2025-08-25 08:35:29,Monday,Campus,Mobile,,Debit Card,CUST-3242,Drip Coffee,Beverage,2.86,1,2.86,32.74,4
ORD-002083,2025-08-25 08:35:29,Monday,Campus,Mobile,,Debit Card,CUST-3242,Matcha Latte,Beverage,5.2,1,5.2,32.74,4
ORD-002083,2025-08-25 08:35:29,Monday,Campus,Mobile,,Debit Card,CUST-3242,Protein Box,Snack,6.76,3,20.28,32.74,4
ORD-002120,2025-08-25 08:40:42,Monday,Uptown,Mobile,,Mobile Wallet,CUST-2410,Drip Coffee,Beverage,2.75,3,8.25,19.39,3
ORD-002120,2025-08-25 08:40:42,Monday,Uptown,Mobile,,Mobile Wallet,CUST-2410,Cinnamon Roll,Pastry,4.32,1,4.32,19.39,3
ORD-002120,2025-08-25 08:40:42,Monday,Uptown,Mobile,,Mobile Wallet,CUST-2410,Protein Box,Snack,6.82,1,6.82,19.39,3
ORD-000015,2025-08-25 09:59:04,Monday,Downtown,In Store,,Cash,,Drip Coffee,Beverage,3.14,2,6.28,10.64,2
ORD-000015,2025-08-25 09:59:04,Monday,Downtown,In Store,,Cash,,Cappuccino,Beverage,4.36,1,4.36,10.64,2
ORD-000384,2025-08-25 10:26:15,Monday,Uptown,Mobile,,Debit Card,CUST-2572,Mocha,Beverage,5.14,2,10.28,10.28,1
ORD-001908,2025-08-25 11:14:49,Monday,Riverside,In Store,,Credit Card,,Caesar Salad,Food,8.1,1,8.1,32.62,3
ORD-001908,2025-08-25 11:14:49,Monday,Riverside,In Store,,Credit Card,,Grilled Cheese,Food,6.5,3,19.5,32.62,3
ORD-001908,2025-08-25 11:14:49,Monday,Riverside,In Store,,Credit Card,,Matcha Latte,Beverage,5.02,1,5.02,32.62,3
ORD-000829,2025-08-25 11:43:38,Monday,Uptown,In Store,,Credit Card,,Protein Box,Snack,6.82,2,13.64,16.89,2
ORD-000829,2025-08-25 11:43:38,Monday,Uptown,In Store,,Credit Card,,Americano,Beverage,3.25,1,3.25,16.89,2
ORD-001127,2025-08-25 12:34:31,Monday,Uptown,In Store,,Mobile Wallet,,Bag of Chips,Snack,1.78,3,5.34,10.73,3
ORD-001127,2025-08-25 12:34:31,Monday,Uptown,In Store,,Mobile Wallet,,Espresso Shot,Beverage,2.4,1,2.4,10.73,3
ORD-001127,2025-08-25 12:34:31,Monday,Uptown,In Store,,Mobile Wallet,,Iced Tea,Beverage,2.99,1,2.99,10.73,3
ORD-000283,2025-08-25 13:04:18,Monday,Riverside,Mobile,,Credit Card,CUST-1808,Croissant,Pastry,3.49,2,6.98,14.18,3
ORD-000283,2025-08-25 13:04:18,Monday,Riverside,Mobile,,Credit Card,CUST-1808,Bagel w/ Cream Cheese,Pastry,3.99,1,3.99,14.18,3
ORD-000283,2025-08-25 13:04:18,Monday,Riverside,Mobile,,Credit Card,CUST-1808,Iced Tea,Beverage,3.21,1,3.21,14.18,3
ORD-002255,2025-08-25 13:24:28,Monday,Downtown,In Store,,Mobile Wallet,CUST-4280,Mocha,Beverage,5.02,1,5.02,5.02,1
ORD-000830,2025-08-25 14:04:00,Monday,Campus,Mobile,,Mobile Wallet,CUST-2925,Chocolate Chip Cookie,Pastry,2.79,3,8.37,29.7,4
ORD-000830,2025-08-25 14:04:00,Monday,Campus,Mobile,,Mobile Wallet,CUST-2925,Cappuccino,Beverage,4.4,2,8.8,29.7,4
ORD-000830,2025-08-25 14:04:00,Monday,Campus,Mobile,,Mobile Wallet,CUST-2925,Protein Box,Snack,7.16,1,7.16,29.7,4
ORD-000830,2025-08-25 14:04:00,Monday,Campus,Mobile,,Mobile Wallet,CUST-2925,Matcha Latte,Beverage,5.37,1,5.37,29.7,4
ORD-002707,2025-08-25 16:17:46,Monday,Downtown,In Store,,Credit Card,,Breakfast Burrito,Food,7.59,1,7.59,7.59,1
ORD-002609,2025-08-26 07:07:42,Tuesday,Campus,In Store,,Credit Card,,Veggie Wrap,Food,8.22,2,16.44,36.57,3
ORD-002609,2025-08-26 07:07:42,Tuesday,Campus,In Store,,Credit Card,,Blueberry Muffin,Pastry,3.31,1,3.31,36.57,3
ORD-002609,2025-08-26 07:07:42,Tuesday,Campus,In Store,,Credit Card,,Avocado Toast,Food,8.41,2,16.82,36.57,3
ORD-002701,2025-08-26 08:21:04,Tuesday,Uptown,In Store,,Debit Card,CUST-4862,Chai Latte,Beverage,4.6,2,9.2,9.2,1
ORD-000205,2025-08-26 10:31:49,Tuesday,Uptown,Mobile,,Credit Card,CUST-1026,Drip Coffee,Beverage,3.02,1,3.02,19.53,4
ORD-000205,2025-08-26 10:31:49,Tuesday,Uptown,Mobile,,Credit Card,CUST-1026,Chai Latte,Beverage,4.5,1,4.5,19.53,4
ORD-000205,2025-08-26 10:31:49,Tuesday,Uptown,Mobile,,Credit Card,CUST-1026,Turkey & Swiss Sandwich,Food,8.53,1,8.53,19.53,4
ORD-000205,2025-08-26 10:31:49,Tuesday,Uptown,Mobile,,Credit Card,CUST-1026,Croissant,Pastry,3.48,1,3.48,19.53,4
ORD-000145,2025-08-26 13:34:27,Tuesday,Uptown,In Store,,Credit Card,,Mocha,Beverage,5.24,2,10.48,10.48,1
ORD-001476,2025-08-26 16:41:56,Tuesday,Downtown,In Store,,Mobile Wallet,CUST-1673,Hot Chocolate,Beverage,4.16,1,4.16,4.16,1
ORD-001879,2025-08-26 17:17:35,Tuesday,Campus,In Store,,Credit Card,CUST-1783,Americano,Beverage,3.07,1,3.07,6.0,2
ORD-001879,2025-08-26 17:17:35,Tuesday,Campus,In Store,,Credit Card,CUST-1783,Espresso Shot,Beverage,2.93,1,2.93,6.0,2
ORD-002066,2025-08-27 11:24:06,Wednesday,Uptown,Delivery,Grubhub,Debit Card,CUST-3565,Scone,Pastry,3.44,1,3.44,3.44,1
ORD-000204,2025-08-27 16:49:54,Wednesday,Downtown,In Store,,Mobile Wallet,CUST-1821,Protein Box,Snack,7.17,1,7.17,7.17,1
ORD-000066,2025-08-27 17:43:34,Wednesday,Campus,In Store,,Debit Card,,Chocolate Chip Cookie,Pastry,2.59,1,2.59,2.59,1
ORD-001287,2025-08-28 06:17:58,Thursday,Downtown,In Store,,Debit Card,,Drip Coffee,Beverage,2.52,1,2.52,24.07,3
ORD-001287,2025-08-28 06:17:58,Thursday,Downtown,In Store,,Debit Card,,Cappuccino,Beverage,4.49,1,4.49,24.07,3
ORD-001287,2025-08-28 06:17:58,Thursday,Downtown,In Store,,Debit Card,,Turkey & Swiss Sandwich,Food,8.53,2,17.06,24.07,3
ORD-001930,2025-08-28 09:37:39,Thursday,Downtown,In Store,,Debit Card,,Caesar Salad,Food,8.42,1,8.42,20.86,3
ORD-001930,2025-08-28 09:37:39,Thursday,Downtown,In Store,,Debit Card,,Chai Latte,Beverage,4.84,1,4.84,20.86,3
ORD-001930,2025-08-28 09:37:39,Thursday,Downtown,In Store,,Debit Card,,Breakfast Burrito,Food,7.6,1,7.6,20.86,3
ORD-000333,2025-08-28 09:53:38,Thursday,Uptown,Delivery,Grubhub,Credit Card,CUST-2211,Turkey & Swiss Sandwich,Food,8.73,1,8.73,16.51,3
ORD-000333,2025-08-28 09:53:38,Thursday,Uptown,Delivery,Grubhub,Credit Card,CUST-2211,Croissant,Pastry,3.39,1,3.39,16.51,3
ORD-000333,2025-08-28 09:53:38,Thursday,Uptown,Delivery,Grubhub,Credit Card,CUST-2211,Cinnamon Roll,Pastry,4.39,1,4.39,16.51,3
ORD-002061,2025-08-28 10:15:03,Thursday,Downtown,Mobile,,Mobile Wallet,CUST-1016,Bagel w/ Cream Cheese,Pastry,3.94,1,3.94,12.23,2
ORD-002061,2025-08-28 10:15:03,Thursday,Downtown,Mobile,,Mobile Wallet,CUST-1016,Avocado Toast,Food,8.29,1,8.29,12.23,2
ORD-001238,2025-08-28 11:35:36,Thursday,Campus,In Store,,Debit Card,CUST-2053,Bagel w/ Cream Cheese,Pastry,3.81,1,3.81,3.81,1
ORD-001792,2025-08-28 12:24:57,Thursday,Riverside,Mobile,,Credit Card,CUST-4726,Scone,Pastry,3.21,1,3.21,8.03,2
ORD-001792,2025-08-28 12:24:57,Thursday,Riverside,Mobile,,Credit Card,CUST-4726,Cold Brew,Beverage,4.82,1,4.82,8.03,2
ORD-002849,2025-08-28 18:03:08,Thursday,Downtown,Delivery,DoorDash,Mobile Wallet,,Veggie Wrap,Food,7.69,1,7.69,34.27,5
ORD-002849,2025-08-28 18:03:08,Thursday,Downtown,Delivery,DoorDash,Mobile Wallet,,Hot Chocolate,Beverage,3.74,1,3.74,34.27,5
ORD-002849,2025-08-28 18:03:08,Thursday,Downtown,Delivery,DoorDash,Mobile Wallet,,Latte,Beverage,5.0,1,5.0,34.27,5
ORD-002849,2025-08-28 18:03:08,Thursday,Downtown,Delivery,DoorDash,Mobile Wallet,,Breakfast Burrito,Food,7.4,1,7.4,34.27,5
ORD-002849,2025-08-28 18:03:08,Thursday,Downtown,Delivery,DoorDash,Mobile Wallet,,Matcha Latte,Beverage,5.22,2,10.44,34.27,5
ORD-002195,2025-08-28 18:24:42,Thursday,Uptown,In Store,,Debit Card,,Granola & Yogurt Cup,Snack,5.04,2,10.08,23.67,3
ORD-002195,2025-08-28 18:24:42,Thursday,Uptown,In Store,,Debit Card,,Cinnamon Roll,Pastry,3.89,1,3.89,23.67,3
ORD-002195,2025-08-28 18:24:42,Thursday,Uptown,In Store,,Debit Card,,Mocha,Beverage,4.85,2,9.7,23.67,3
ORD-002972,2025-08-29 07:01:21,Friday,Riverside,Mobile,,Mobile Wallet,CUST-1629,Caesar Salad,Food,8.47,1,8.47,8.47,1
ORD-002732,2025-08-29 08:08:12,Friday,Uptown,Mobile,,Credit Card,CUST-4173,Chocolate Chip Cookie,Pastry,2.4,2,4.8,26.91,5
ORD-002732,2025-08-29 08:08:12,Friday,Uptown,Mobile,,Credit Card,CUST-4173,Mocha,Beverage,5.2,2,10.4,26.91,5
ORD-002732,2025-08-29 08:08:12,Friday,Uptown,Mobile,,Credit Card,CUST-4173,Croissant,Pastry,3.55,1,3.55,26.91,5
ORD-002732,2025-08-29 08:08:12,Friday,Uptown,Mobile,,Credit Card,CUST-4173,Chai Latte,Beverage,4.95,1,4.95,26.91,5
ORD-002732,2025-08-29 08:08:12,Friday,Uptown,Mobile,,Credit Card,CUST-4173,Iced Tea,Beverage,3.21,1,3.21,26.91,5
ORD-002618,2025-08-29 08:25:57,Friday,Downtown,In Store,,Credit Card,,Breakfast Burrito,Food,7.43,1,7.43,15.21,3
ORD-002618,2025-08-29 08:25:57,Friday,Downtown,In Store,,Credit Card,,Blueberry Muffin,Pastry,3.62,1,3.62,15.21,3
ORD-002618,2025-08-29 08:25:57,Friday,Downtown,In Store,,Credit Card,,Hot Chocolate,Beverage,4.16,1,4.16,15.21,3
ORD-001981,2025-08-29 08:44:31,Friday,Riverside,Mobile,,Debit Card,CUST-3032,Blueberry Muffin,Pastry,3.39,1,3.39,17.43,4
ORD-001981,2025-08-29 08:44:31,Friday,Riverside,Mobile,,Debit Card,CUST-3032,Chocolate Chip Cookie,Pastry,2.99,1,2.99,17.43,4
ORD-001981,2025-08-29 08:44:31,Friday,Riverside,Mobile,,Debit Card,CUST-3032,Chai Latte,Beverage,4.34,1,4.34,17.43,4
ORD-001981,2025-08-29 08:44:31,Friday,Riverside,Mobile,,Debit Card,CUST-3032,Protein Box,Snack,6.71,1,6.71,17.43,4
ORD-002637,2025-08-29 09:09:00,Friday,Downtown,In Store,,Credit Card,,Veggie Wrap,Food,7.9,1,7.9,11.68,2
ORD-002637,2025-08-29 09:09:00,Friday,Downtown,In Store,,Credit Card,,Scone,Pastry,3.78,1,3.78,11.68,2
ORD-001839,2025-08-29 10:02:16,Friday,Uptown,In Store,,Cash,CUST-3424,Matcha Latte,Beverage,4.96,1,4.96,11.22,3
ORD-001839,2025-08-29 10:02:16,Friday,Uptown,In Store,,Cash,CUST-3424,Iced Tea,Beverage,3.46,1,3.46,11.22,3
ORD-001839,2025-08-29 10:02:16,Friday,Uptown,In Store,,Cash,CUST-3424,Espresso Shot,Beverage,2.8,1,2.8,11.22,3
ORD-000914,2025-08-29 11:07:14,Friday,Campus,In Store,,Credit Card,CUST-3841,Chocolate Chip Cookie,Pastry,2.83,1,2.83,15.01,3
ORD-000914,2025-08-29 11:07:14,Friday,Campus,In Store,,Credit Card,CUST-3841,Breakfast Burrito,Food,7.38,1,7.38,15.01,3
ORD-000914,2025-08-29 11:07:14,Friday,Campus,In Store,,Credit Card,CUST-3841,Chai Latte,Beverage,4.8,1,4.8,15.01,3
ORD-000461,2025-08-29 11:54:10,Friday,Campus,In Store,,Debit Card,,Fruit Cup,Snack,4.37,1,4.37,27.4,5
ORD-000461,2025-08-29 11:54:10,Friday,Campus,In Store,,Debit Card,,Caesar Salad,Food,8.63,1,8.63,27.4,5
ORD-000461,2025-08-29 11:54:10,Friday,Campus,In Store,,Debit Card,,Hot Chocolate,Beverage,3.57,1,3.57,27.4,5
ORD-000461,2025-08-29 11:54:10,Friday,Campus,In Store,,Debit Card,,Breakfast Burrito,Food,7.02,1,7.02,27.4,5
ORD-000461,2025-08-29 11:54:10,Friday,Campus,In Store,,Debit Card,,Croissant,Pastry,3.81,1,3.81,27.4,5
ORD-000429,2025-08-29 14:43:52,Friday,Riverside,In Store,,Mobile Wallet,,Cappuccino,Beverage,4.72,1,4.72,18.62,3
ORD-000429,2025-08-29 14:43:52,Friday,Riverside,In Store,,Mobile Wallet,,Protein Box,Snack,6.99,1,6.99,18.62,3
ORD-000429,2025-08-29 14:43:52,Friday,Riverside,In Store,,Mobile Wallet,,Grilled Cheese,Food,6.91,1,6.91,18.62,3
ORD-002539,2025-08-29 15:48:46,Friday,Riverside,Delivery,Uber Eats,Credit Card,,Croissant,Pastry,3.61,2,7.22,15.46,2
ORD-002539,2025-08-29 15:48:46,Friday,Riverside,Delivery,Uber Eats,Credit Card,,Caesar Salad,Food,8.24,1,8.24,15.46,2
ORD-001453,2025-08-29 19:09:08,Friday,Campus,Delivery,Uber Eats,Debit Card,,Mocha,Beverage,5.33,1,5.33,5.33,1
ORD-001774,2025-08-30 06:32:57,Saturday,Uptown,Mobile,,Credit Card,CUST-4166,Chocolate Chip Cookie,Pastry,2.74,1,2.74,43.73,4
ORD-001774,2025-08-30 06:32:57,Saturday,Uptown,Mobile,,Credit Card,CUST-4166,Fruit Cup,Snack,3.93,1,3.93,43.73,4
ORD-001774,2025-08-30 06:32:57,Saturday,Uptown,Mobile,,Credit Card,CUST-4166,Breakfast Burrito,Food,7.52,3,22.56,43.73,4
ORD-001774,2025-08-30 06:32:57,Saturday,Uptown,Mobile,,Credit Card,CUST-4166,Protein Box,Snack,7.25,2,14.5,43.73,4
ORD-001804,2025-08-30 08:25:22,Saturday,Downtown,In Store,,Credit Card,,Chai Latte,Beverage,4.76,1,4.76,9.08,2
ORD-001804,2025-08-30 08:25:22,Saturday,Downtown,In Store,,Credit Card,,Cinnamon Roll,Pastry,4.32,1,4.32,9.08,2
ORD-002663,2025-08-30 08:55:08,Saturday,Downtown,In Store,,Mobile Wallet,,Hot Chocolate,Beverage,3.63,1,3.63,6.62,2
ORD-002663,2025-08-30 08:55:08,Saturday,Downtown,In Store,,Mobile Wallet,,Iced Tea,Beverage,2.99,1,2.99,6.62,2
ORD-001369,2025-08-30 08:56:41,Saturday,Downtown,Mobile,,Credit Card,CUST-3584,Chocolate Chip Cookie,Pastry,2.42,1,2.42,28.43,3
ORD-001369,2025-08-30 08:56:41,Saturday,Downtown,Mobile,,Credit Card,CUST-3584,Croissant,Pastry,3.48,2,6.96,28.43,3
ORD-001369,2025-08-30 08:56:41,Saturday,Downtown,Mobile,,Credit Card,CUST-3584,Grilled Cheese,Food,6.35,3,19.05,28.43,3
ORD-002874,2025-08-30 10:53:17,Saturday,Riverside,In Store,,Mobile Wallet,,Matcha Latte,Beverage,5.12,1,5.12,16.42,3
ORD-002874,2025-08-30 10:53:17,Saturday,Riverside,In Store,,Mobile Wallet,,Avocado Toast,Food,7.78,1,7.78,16.42,3
ORD-002874,2025-08-30 10:53:17,Saturday,Riverside,In Store,,Mobile Wallet,,Blueberry Muffin,Pastry,3.52,1,3.52,16.42,3
ORD-001749,2025-08-30 12:52:16,Saturday,Campus,In Store,,Mobile Wallet,,Espresso Shot,Beverage,2.86,1,2.86,22.09,3
ORD-001749,2025-08-30 12:52:16,Saturday,Campus,In Store,,Mobile Wallet,,Protein Box,Snack,7.41,2,14.82,22.09,3
ORD-001749,2025-08-30 12:52:16,Saturday,Campus,In Store,,Mobile Wallet,,Chai Latte,Beverage,4.41,1,4.41,22.09,3
ORD-001621,2025-08-30 13:36:03,Saturday,Campus,In Store,,Debit Card,,Veggie Wrap,Food,7.74,1,7.74,27.48,4
ORD-001621,2025-08-30 13:36:03,Saturday,Campus,In Store,,Debit Card,,Turkey & Swiss Sandwich,Food,8.6,1,8.6,27.48,4
ORD-001621,2025-08-30 13:36:03,Saturday,Campus,In Store,,Debit Card,,Grilled Cheese,Food,6.92,1,6.92,27.48,4
ORD-001621,2025-08-30 13:36:03,Saturday,Campus,In Store,,Debit Card,,Cinnamon Roll,Pastry,4.22,1,4.22,27.48,4
ORD-001305,2025-08-31 08:10:27,Sunday,Campus,In Store,,Credit Card,CUST-3465,Cold Brew,Beverage,4.52,1,4.52,36.82,5
ORD-001305,2025-08-31 08:10:27,Sunday,Campus,In Store,,Credit Card,CUST-3465,Veggie Wrap,Food,7.91,1,7.91,36.82,5
ORD-001305,2025-08-31 08:10:27,Sunday,Campus,In Store,,Credit Card,CUST-3465,Espresso Shot,Beverage,2.77,3,8.31,36.82,5
ORD-001305,2025-08-31 08:10:27,Sunday,Campus,In Store,,Credit Card,CUST-3465,Cinnamon Roll,Pastry,4.15,3,12.45,36.82,5
ORD-001305,2025-08-31 08:10:27,Sunday,Campus,In Store,,Credit Card,CUST-3465,Blueberry Muffin,Pastry,3.63,1,3.63,36.82,5
ORD-002259,2025-08-31 08:22:32,Sunday,Campus,In Store,,Debit Card,,Bagel w/ Cream Cheese,Pastry,4.16,2,8.32,20.93,4
ORD-002259,2025-08-31 08:22:32,Sunday,Campus,In Store,,Debit Card,,Matcha Latte,Beverage,5.07,1,5.07,20.93,4
ORD-002259,2025-08-31 08:22:32,Sunday,Campus,In Store,,Debit Card,,Chocolate Chip Cookie,Pastry,2.55,1,2.55,20.93,4
ORD-002259,2025-08-31 08:22:32,Sunday,Campus,In Store,,Debit Card,,Mocha,Beverage,4.99,1,4.99,20.93,4
ORD-001182,2025-08-31 09:42:05,Sunday,Uptown,Mobile,,Credit Card,CUST-2557,Hot Chocolate,Beverage,4.07,1,4.07,11.77,2
ORD-001182,2025-08-31 09:42:05,Sunday,Uptown,Mobile,,Credit Card,CUST-2557,Breakfast Burrito,Food,7.7,1,7.7,11.77,2
ORD-002232,2025-08-31 11:18:49,Sunday,Riverside,Delivery,Uber Eats,Credit Card,CUST-3876,Scone,Pastry,3.26,3,9.78,9.78,1
ORD-000416,2025-08-31 12:10:42,Sunday,Downtown,Delivery,Uber Eats,Mobile Wallet,CUST-2780,Breakfast Burrito,Food,7.57,2,15.14,15.14,1
ORD-000236,2025-08-31 12:22:22,Sunday,Riverside,In Store,,Cash,CUST-2583,Avocado Toast,Food,7.86,1,7.86,7.86,1
ORD-002449,2025-08-31 14:24:25,Sunday,Campus,Mobile,,Debit Card,CUST-1191,Espresso Shot,Beverage,2.8,1,2.8,5.78,2
ORD-002449,2025-08-31 14:24:25,Sunday,Campus,Mobile,,Debit Card,CUST-1191,Drip Coffee,Beverage,2.98,1,2.98,5.78,2
ORD-000061,2025-08-31 14:51:24,Sunday,Uptown,In Store,,Mobile Wallet,,Avocado Toast,Food,7.78,1,7.78,7.78,1
ORD-001113,2025-08-31 17:59:03,Sunday,Downtown,Delivery,DoorDash,Debit Card,,Turkey & Swiss Sandwich,Food,8.4,1,8.4,13.32,2
ORD-001113,2025-08-31 17:59:03,Sunday,Downtown,Delivery,DoorDash,Debit Card,,Matcha Latte,Beverage,4.92,1,4.92,13.32,2
ORD-001685,2025-09-01 06:02:05,Monday,Riverside,In Store,,Cash,,Bag of Chips,Snack,2.24,1,2.24,2.24,1
ORD-001380,2025-09-01 08:18:52,Monday,Uptown,In Store,,Debit Card,,Americano,Beverage,3.23,1,3.23,3.23,1
ORD-001743,2025-09-01 08:23:45,Monday,Riverside,Mobile,,Debit Card,CUST-2649,Hot Chocolate,Beverage,4.14,1,4.14,11.76,3
ORD-001743,2025-09-01 08:23:45,Monday,Riverside,Mobile,,Debit Card,CUST-2649,Latte,Beverage,4.83,1,4.83,11.76,3
ORD-001743,2025-09-01 08:23:45,Monday,Riverside,Mobile,,Debit Card,CUST-2649,Chocolate Chip Cookie,Pastry,2.79,1,2.79,11.76,3
ORD-000670,2025-09-01 08:29:02,Monday,Campus,In Store,,Credit Card,,Latte,Beverage,4.83,3,14.49,14.49,1
ORD-002532,2025-09-01 08:31:10,Monday,Campus,In Store,,Cash,,Croissant,Pastry,3.94,1,3.94,8.89,2
ORD-002532,2025-09-01 08:31:10,Monday,Campus,In Store,,Cash,,Cold Brew,Beverage,4.95,1,4.95,8.89,2
ORD-001568,2025-09-01 11:17:23,Monday,Riverside,Mobile,,Debit Card,CUST-3975,Protein Box,Snack,7.21,1,7.21,20.52,3
ORD-001568,2025-09-01 11:17:23,Monday,Riverside,Mobile,,Debit Card,CUST-3975,Latte,Beverage,4.73,1,4.73,20.52,3
ORD-001568,2025-09-01 11:17:23,Monday,Riverside,Mobile,,Debit Card,CUST-3975,Turkey & Swiss Sandwich,Food,8.58,1,8.58,20.52,3
ORD-001740,2025-09-01 11:58:47,Monday,Downtown,Delivery,Grubhub,Credit Card,CUST-2306,Granola & Yogurt Cup,Snack,5.08,1,5.08,5.08,1
ORD-000229,2025-09-01 12:15:30,Monday,Campus,In Store,,Cash,,Breakfast Burrito,Food,7.03,1,7.03,31.01,4
ORD-000229,2025-09-01 12:15:30,Monday,Campus,In Store,,Cash,,Protein Box,Snack,7.41,1,7.41,31.01,4
ORD-000229,2025-09-01 12:15:30,Monday,Campus,In Store,,Cash,,Caesar Salad,Food,8.16,1,8.16,31.01,4
ORD-000229,2025-09-01 12:15:30,Monday,Campus,In Store,,Cash,,Avocado Toast,Food,8.41,1,8.41,31.01,4
ORD-001471,2025-09-01 12:26:57,Monday,Downtown,Mobile,,Debit Card,CUST-3117,Caesar Salad,Food,8.52,1,8.52,22.69,4
ORD-001471,2025-09-01 12:26:57,Monday,Downtown,Mobile,,Debit Card,CUST-3117,Avocado Toast,Food,7.7,1,7.7,22.69,4
ORD-001471,2025-09-01 12:26:57,Monday,Downtown,Mobile,,Debit Card,CUST-3117,Blueberry Muffin,Pastry,3.28,1,3.28,22.69,4
ORD-001471,2025-09-01 12:26:57,Monday,Downtown,Mobile,,Debit Card,CUST-3117,Scone,Pastry,3.19,1,3.19,22.69,4
ORD-001460,2025-09-01 14:48:51,Monday,Campus,Mobile,,Mobile Wallet,CUST-2191,Protein Box,Snack,7.35,1,7.35,11.85,2
ORD-001460,2025-09-01 14:48:51,Monday,Campus,Mobile,,Mobile Wallet,CUST-2191,Chai Latte,Beverage,4.5,1,4.5,11.85,2
ORD-002782,2025-09-01 15:53:53,Monday,Riverside,In Store,,Mobile Wallet,CUST-2683,Bagel w/ Cream Cheese,Pastry,3.87,1,3.87,22.17,5
ORD-002782,2025-09-01 15:53:53,Monday,Riverside,In Store,,Mobile Wallet,CUST-2683,Croissant,Pastry,3.91,1,3.91,22.17,5
ORD-002782,2025-09-01 15:53:53,Monday,Riverside,In Store,,Mobile Wallet,CUST-2683,Scone,Pastry,3.16,1,3.16,22.17,5
ORD-002782,2025-09-01 15:53:53,Monday,Riverside,In Store,,Mobile Wallet,CUST-2683,Bag of Chips,Snack,2.23,1,2.23,22.17,5
ORD-002782,2025-09-01 15:53:53,Monday,Riverside,In Store,,Mobile Wallet,CUST-2683,Chai Latte,Beverage,4.5,2,9.0,22.17,5
ORD-002163,2025-09-01 16:44:22,Monday,Uptown,Mobile,,Debit Card,CUST-2404,Drip Coffee,Beverage,2.58,3,7.74,7.74,1
ORD-000455,2025-09-01 18:23:11,Monday,Campus,In Store,,Cash,,Caesar Salad,Food,8.3,1,8.3,13.03,2
ORD-000455,2025-09-01 18:23:11,Monday,Campus,In Store,,Cash,,Cappuccino,Beverage,4.73,1,4.73,13.03,2
ORD-000140,2025-09-02 08:47:38,Tuesday,Campus,In Store,,Credit Card,,Breakfast Burrito,Food,7.4,1,7.4,19.41,3
ORD-000140,2025-09-02 08:47:38,Tuesday,Campus,In Store,,Credit Card,,Protein Box,Snack,7.39,1,7.39,19.41,3
ORD-000140,2025-09-02 08:47:38,Tuesday,Campus,In Store,,Credit Card,,Cappuccino,Beverage,4.62,1,4.62,19.41,3
ORD-001501,2025-09-02 08:50:11,Tuesday,Riverside,In Store,,Mobile Wallet,,Croissant,Pastry,3.31,1,3.31,12.33,3
ORD-001501,2025-09-02 08:50:11,Tuesday,Riverside,In Store,,Mobile Wallet,,Cold Brew,Beverage,5.16,1,5.16,12.33,3
ORD-001501,2025-09-02 08:50:11,Tuesday,Riverside,In Store,,Mobile Wallet,,Fruit Cup,Snack,3.86,1,3.86,12.33,3
ORD-001881,2025-09-02 09:51:25,Tuesday,Riverside,Mobile,,Credit Card,CUST-3940,Cappuccino,Beverage,4.25,1,4.25,9.73,2
ORD-001881,2025-09-02 09:51:25,Tuesday,Riverside,Mobile,,Credit Card,CUST-3940,Matcha Latte,Beverage,5.48,1,5.48,9.73,2
ORD-002205,2025-09-02 10:28:17,Tuesday,Downtown,In Store,,Cash,,Americano,Beverage,3.03,2,6.06,6.06,1
ORD-001942,2025-09-02 11:07:06,Tuesday,Campus,In Store,,Mobile Wallet,,Granola & Yogurt Cup,Snack,4.86,1,4.86,20.41,4
ORD-001942,2025-09-02 11:07:06,Tuesday,Campus,In Store,,Mobile Wallet,,Caesar Salad,Food,8.12,1,8.12,20.41,4
ORD-001942,2025-09-02 11:07:06,Tuesday,Campus,In Store,,Mobile Wallet,,Hot Chocolate,Beverage,3.92,1,3.92,20.41,4
ORD-001942,2025-09-02 11:07:06,Tuesday,Campus,In Store,,Mobile Wallet,,Croissant,Pastry,3.51,1,3.51,20.41,4
ORD-001763,2025-09-02 11:09:27,Tuesday,Campus,In Store,,Mobile Wallet,CUST-3248,Granola & Yogurt Cup,Snack,4.92,2,9.84,26.21,3
ORD-001763,2025-09-02 11:09:27,Tuesday,Campus,In Store,,Mobile Wallet,CUST-3248,Croissant,Pastry,3.94,2,7.88,26.21,3
ORD-001763,2025-09-02 11:09:27,Tuesday,Campus,In Store,,Mobile Wallet,CUST-3248,Turkey & Swiss Sandwich,Food,8.49,1,8.49,26.21,3
ORD-002845,2025-09-02 11:16:54,Tuesday,Uptown,In Store,,Mobile Wallet,,Matcha Latte,Beverage,5.01,2,10.02,10.02,1
ORD-002978,2025-09-02 11:17:49,Tuesday,Riverside,In Store,,Cash,CUST-3235,Croissant,Pastry,3.95,1,3.95,15.37,3
ORD-002978,2025-09-02 11:17:49,Tuesday,Riverside,In Store,,Cash,CUST-3235,Protein Box,Snack,6.71,1,6.71,15.37,3
ORD-002978,2025-09-02 11:17:49,Tuesday,Riverside,In Store,,Cash,CUST-3235,Chai Latte,Beverage,4.71,1,4.71,15.37,3
ORD-000777,2025-09-02 12:41:19,Tuesday,Downtown,In Store,,Cash,,Bagel w/ Cream Cheese,Pastry,3.56,1,3.56,3.56,1
ORD-001184,2025-09-02 13:03:17,Tuesday,Riverside,In Store,,Credit Card,,Protein Box,Snack,7.14,1,7.14,7.14,1
ORD-000836,2025-09-02 13:10:22,Tuesday,Riverside,Mobile,,Mobile Wallet,CUST-2533,Bagel w/ Cream Cheese,Pastry,3.89,1,3.89,12.06,2
ORD-000836,2025-09-02 13:10:22,Tuesday,Riverside,Mobile,,Mobile Wallet,CUST-2533,Veggie Wrap,Food,8.17,1,8.17,12.06,2
ORD-000602,2025-09-02 13:13:31,Tuesday,Campus,In Store,,Cash,,Bag of Chips,Snack,2.39,1,2.39,2.39,1
ORD-000651,2025-09-02 15:07:36,Tuesday,Riverside,In Store,,Credit Card,CUST-1522,Blueberry Muffin,Pastry,3.37,1,3.37,3.37,1
ORD-001814,2025-09-02 17:37:39,Tuesday,Downtown,In Store,,Debit Card,CUST-4556,Bagel w/ Cream Cheese,Pastry,3.71,1,3.71,3.71,1
ORD-002187,2025-09-02 18:36:42,Tuesday,Downtown,In Store,,Mobile Wallet,CUST-4457,Bag of Chips,Snack,2.1,1,2.1,10.89,3
ORD-002187,2025-09-02 18:36:42,Tuesday,Downtown,In Store,,Mobile Wallet,CUST-4457,Granola & Yogurt Cup,Snack,5.22,1,5.22,10.89,3
ORD-002187,2025-09-02 18:36:42,Tuesday,Downtown,In Store,,Mobile Wallet,CUST-4457,Hot Chocolate,Beverage,3.57,1,3.57,10.89,3
ORD-001384,2025-09-03 09:01:34,Wednesday,Riverside,Delivery,DoorDash,Credit Card,,Chocolate Chip Cookie,Pastry,2.93,1,2.93,11.15,2
ORD-001384,2025-09-03 09:01:34,Wednesday,Riverside,Delivery,DoorDash,Credit Card,,Caesar Salad,Food,8.22,1,8.22,11.15,2
ORD-002119,2025-09-03 09:57:27,Wednesday,Uptown,In Store,,Mobile Wallet,,Latte,Beverage,4.65,1,4.65,12.59,3
ORD-002119,2025-09-03 09:57:27,Wednesday,Uptown,In Store,,Mobile Wallet,,Iced Tea,Beverage,2.84,1,2.84,12.59,3
ORD-002119,2025-09-03 09:57:27,Wednesday,Uptown,In Store,,Mobile Wallet,,Matcha Latte,Beverage,5.1,1,5.1,12.59,3
ORD-001855,2025-09-03 11:22:05,Wednesday,Campus,In Store,,Debit Card,CUST-1361,Fruit Cup,Snack,3.86,1,3.86,3.86,1
ORD-002973,2025-09-03 11:43:37,Wednesday,Riverside,Delivery,Uber Eats,Mobile Wallet,CUST-1027,Latte,Beverage,4.52,1,4.52,4.52,1
ORD-002153,2025-09-03 18:17:06,Wednesday,Campus,In Store,,Cash,CUST-2639,Cinnamon Roll,Pastry,4.42,1,4.42,4.42,1
ORD-002548,2025-09-04 07:56:51,Thursday,Uptown,In Store,,Credit Card,,Latte,Beverage,4.56,1,4.56,17.49,3
ORD-002548,2025-09-04 07:56:51,Thursday,Uptown,In Store,,Credit Card,,Chai Latte,Beverage,4.65,1,4.65,17.49,3
ORD-002548,2025-09-04 07:56:51,Thursday,Uptown,In Store,,Credit Card,,Caesar Salad,Food,8.28,1,8.28,17.49,3
ORD-000082,2025-09-04 08:06:22,Thursday,Riverside,Mobile,,Credit Card,CUST-4123,Chai Latte,Beverage,4.88,2,9.76,9.76,1
ORD-002244,2025-09-04 12:16:48,Thursday,Campus,In Store,,Debit Card,,Mocha,Beverage,4.71,1,4.71,4.71,1
ORD-001038,2025-09-04 13:17:50,Thursday,Downtown,In Store,,Debit Card,CUST-4303,Matcha Latte,Beverage,5.43,1,5.43,5.43,1
ORD-000652,2025-09-04 13:26:38,Thursday,Riverside,Mobile,,Credit Card,CUST-4285,Turkey & Swiss Sandwich,Food,8.68,1,8.68,19.64,4
ORD-000652,2025-09-04 13:26:38,Thursday,Riverside,Mobile,,Credit Card,CUST-4285,Chai Latte,Beverage,4.65,1,4.65,19.64,4
ORD-000652,2025-09-04 13:26:38,Thursday,Riverside,Mobile,,Credit Card,CUST-4285,Chocolate Chip Cookie,Pastry,2.69,1,2.69,19.64,4
ORD-000652,2025-09-04 13:26:38,Thursday,Riverside,Mobile,,Credit Card,CUST-4285,Blueberry Muffin,Pastry,3.62,1,3.62,19.64,4
ORD-001074,2025-09-04 18:06:28,Thursday,Riverside,Mobile,,Credit Card,CUST-4225,Breakfast Burrito,Food,7.74,1,7.74,10.74,2
ORD-001074,2025-09-04 18:06:28,Thursday,Riverside,Mobile,,Credit Card,CUST-4225,Drip Coffee,Beverage,3.0,1,3.0,10.74,2
ORD-001523,2025-09-04 20:01:47,Thursday,Riverside,Mobile,,Credit Card,CUST-4456,Espresso Shot,Beverage,2.57,2,5.14,16.63,3
ORD-001523,2025-09-04 20:01:47,Thursday,Riverside,Mobile,,Credit Card,CUST-4456,Avocado Toast,Food,7.9,1,7.9,16.63,3
ORD-001523,2025-09-04 20:01:47,Thursday,Riverside,Mobile,,Credit Card,CUST-4456,Hot Chocolate,Beverage,3.59,1,3.59,16.63,3
ORD-000661,2025-09-05 07:20:05,Friday,Downtown,Delivery,Uber Eats,Debit Card,,Iced Tea,Beverage,3.02,1,3.02,7.23,2
ORD-000661,2025-09-05 07:20:05,Friday,Downtown,Delivery,Uber Eats,Debit Card,,Fruit Cup,Snack,4.21,1,4.21,7.23,2
ORD-002466,2025-09-05 07:35:11,Friday,Riverside,In Store,,Credit Card,,Bagel w/ Cream Cheese,Pastry,3.98,1,3.98,3.98,1
ORD-002661,2025-09-05 08:26:03,Friday,Campus,Mobile,,Debit Card,CUST-4650,Latte,Beverage,4.77,1,4.77,12.6,2
ORD-002661,2025-09-05 08:26:03,Friday,Campus,Mobile,,Debit Card,CUST-4650,Veggie Wrap,Food,7.83,1,7.83,12.6,2
ORD-000433,2025-09-05 10:18:49,Friday,Uptown,Mobile,,Debit Card,CUST-2164,Cold Brew,Beverage,5.03,2,10.06,17.79,2
ORD-000433,2025-09-05 10:18:49,Friday,Uptown,Mobile,,Debit Card,CUST-2164,Breakfast Burrito,Food,7.73,1,7.73,17.79,2
ORD-002118,2025-09-05 11:14:53,Friday,Downtown,In Store,,Cash,,Bag of Chips,Snack,2.32,2,4.64,24.99,3
ORD-002118,2025-09-05 11:14:53,Friday,Downtown,In Store,,Cash,,Chai Latte,Beverage,4.51,1,4.51,24.99,3
ORD-002118,2025-09-05 11:14:53,Friday,Downtown,In Store,,Cash,,Matcha Latte,Beverage,5.28,3,15.84,24.99,3
ORD-000780,2025-09-05 12:54:47,Friday,Downtown,Delivery,Uber Eats,Credit Card,,Fruit Cup,Snack,4.26,1,4.26,7.09,2
ORD-000780,2025-09-05 12:54:47,Friday,Downtown,Delivery,Uber Eats,Credit Card,,Drip Coffee,Beverage,2.83,1,2.83,7.09,2
ORD-000769,2025-09-05 16:55:31,Friday,Uptown,Mobile,,Credit Card,CUST-2191,Mocha,Beverage,5.29,2,10.58,10.58,1
ORD-002561,2025-09-05 17:02:53,Friday,Uptown,Mobile,,Debit Card,CUST-3871,Americano,Beverage,3.07,1,3.07,20.4,4
ORD-002561,2025-09-05 17:02:53,Friday,Uptown,Mobile,,Debit Card,CUST-3871,Chai Latte,Beverage,4.35,1,4.35,20.4,4
ORD-002561,2025-09-05 17:02:53,Friday,Uptown,Mobile,,Debit Card,CUST-3871,Caesar Salad,Food,8.56,1,8.56,20.4,4
ORD-002561,2025-09-05 17:02:53,Friday,Uptown,Mobile,,Debit Card,CUST-3871,Latte,Beverage,4.42,1,4.42,20.4,4
ORD-000520,2025-09-06 07:09:09,Saturday,Campus,Mobile,,Credit Card,CUST-4837,Cold Brew,Beverage,4.86,1,4.86,15.2,4
ORD-000520,2025-09-06 07:09:09,Saturday,Campus,Mobile,,Credit Card,CUST-4837,Bag of Chips,Snack,2.09,1,2.09,15.2,4
ORD-000520,2025-09-06 07:09:09,Saturday,Campus,Mobile,,Credit Card,CUST-4837,Mocha,Beverage,4.75,1,4.75,15.2,4
ORD-000520,2025-09-06 07:09:09,Saturday,Campus,Mobile,,Credit Card,CUST-4837,Hot Chocolate,Beverage,3.5,1,3.5,15.2,4
ORD-002906,2025-09-06 08:03:53,Saturday,Uptown,In Store,,Credit Card,CUST-4499,Cinnamon Roll,Pastry,4.21,1,4.21,4.21,1
ORD-001334,2025-09-06 09:02:51,Saturday,Uptown,Mobile,,Mobile Wallet,CUST-1618,Avocado Toast,Food,8.22,1,8.22,15.46,2
ORD-001334,2025-09-06 09:02:51,Saturday,Uptown,Mobile,,Mobile Wallet,CUST-1618,Breakfast Burrito,Food,7.24,1,7.24,15.46,2
ORD-002607,2025-09-06 09:27:03,Saturday,Riverside,In Store,,Debit Card,,Turkey & Swiss Sandwich,Food,8.83,1,8.83,18.07,3
ORD-002607,2025-09-06 09:27:03,Saturday,Riverside,In Store,,Debit Card,,Fruit Cup,Snack,4.36,1,4.36,18.07,3
ORD-002607,2025-09-06 09:27:03,Saturday,Riverside,In Store,,Debit Card,,Mocha,Beverage,4.88,1,4.88,18.07,3
ORD-002005,2025-09-06 11:35:42,Saturday,Riverside,Mobile,,Credit Card,CUST-4968,Matcha Latte,Beverage,4.82,1,4.82,4.82,1
ORD-002230,2025-09-06 12:16:44,Saturday,Uptown,Delivery,Grubhub,Mobile Wallet,,Turkey & Swiss Sandwich,Food,8.57,2,17.14,29.31,3
ORD-002230,2025-09-06 12:16:44,Saturday,Uptown,Delivery,Grubhub,Mobile Wallet,,Fruit Cup,Snack,3.81,1,3.81,29.31,3
ORD-002230,2025-09-06 12:16:44,Saturday,Uptown,Delivery,Grubhub,Mobile Wallet,,Avocado Toast,Food,8.36,1,8.36,29.31,3
ORD-001233,2025-09-06 12:58:52,Saturday,Uptown,In Store,,Debit Card,,Espresso Shot,Beverage,2.3,3,6.9,6.9,1
ORD-001291,2025-09-06 15:22:08,Saturday,Riverside,Mobile,,Mobile Wallet,CUST-3797,Chai Latte,Beverage,4.36,1,4.36,4.36,1
ORD-001348,2025-09-06 18:58:56,Saturday,Downtown,In Store,,Cash,,Bag of Chips,Snack,2.21,1,2.21,4.9,2
ORD-001348,2025-09-06 18:58:56,Saturday,Downtown,In Store,,Cash,,Espresso Shot,Beverage,2.69,1,2.69,4.9,2
ORD-001542,2025-09-06 19:54:56,Saturday,Uptown,Mobile,,Credit Card,CUST-4065,Matcha Latte,Beverage,5.14,1,5.14,5.14,1
ORD-002985,2025-09-07 07:28:37,Sunday,Campus,In Store,,Cash,,Scone,Pastry,3.73,1,3.73,18.96,4
ORD-002985,2025-09-07 07:28:37,Sunday,Campus,In Store,,Cash,,Grilled Cheese,Food,6.95,1,6.95,18.96,4
ORD-002985,2025-09-07 07:28:37,Sunday,Campus,In Store,,Cash,,Chai Latte,Beverage,4.78,1,4.78,18.96,4
ORD-002985,2025-09-07 07:28:37,Sunday,Campus,In Store,,Cash,,Iced Tea,Beverage,3.5,1,3.5,18.96,4
ORD-002994,2025-09-07 08:07:53,Sunday,Campus,In Store,,Mobile Wallet,,Mocha,Beverage,4.75,1,4.75,25.73,4
ORD-002994,2025-09-07 08:07:53,Sunday,Campus,In Store,,Mobile Wallet,,Turkey & Swiss Sandwich,Food,8.76,1,8.76,25.73,4
ORD-002994,2025-09-07 08:07:53,Sunday,Campus,In Store,,Mobile Wallet,,Protein Box,Snack,7.3,1,7.3,25.73,4
ORD-002994,2025-09-07 08:07:53,Sunday,Campus,In Store,,Mobile Wallet,,Chai Latte,Beverage,4.92,1,4.92,25.73,4
ORD-002863,2025-09-07 12:15:46,Sunday,Riverside,In Store,,Cash,,Cold Brew,Beverage,4.54,1,4.54,14.45,4
ORD-002863,2025-09-07 12:15:46,Sunday,Riverside,In Store,,Cash,,Scone,Pastry,3.43,1,3.43,14.45,4
ORD-002863,2025-09-07 12:15:46,Sunday,Riverside,In Store,,Cash,,Chocolate Chip Cookie,Pastry,2.44,1,2.44,14.45,4
ORD-002863,2025-09-07 12:15:46,Sunday,Riverside,In Store,,Cash,,Cinnamon Roll,Pastry,4.04,1,4.04,14.45,4
ORD-000291,2025-09-07 15:56:38,Sunday,Uptown,In Store,,Mobile Wallet,CUST-1315,Mocha,Beverage,5.31,1,5.31,10.18,2
ORD-000291,2025-09-07 15:56:38,Sunday,Uptown,In Store,,Mobile Wallet,CUST-1315,Matcha Latte,Beverage,4.87,1,4.87,10.18,2
ORD-001169,2025-09-08 08:33:02,Monday,Downtown,In Store,,Debit Card,,Drip Coffee,Beverage,2.58,2,5.16,5.16,1
ORD-002706,2025-09-08 08:46:00,Monday,Downtown,In Store,,Cash,,Grilled Cheese,Food,6.7,1,6.7,6.7,1
ORD-002467,2025-09-08 11:21:16,Monday,Downtown,In Store,,Mobile Wallet,CUST-2462,Iced Tea,Beverage,3.1,1,3.1,7.77,2
ORD-002467,2025-09-08 11:21:16,Monday,Downtown,In Store,,Mobile Wallet,CUST-2462,Chai Latte,Beverage,4.67,1,4.67,7.77,2
ORD-000045,2025-09-08 12:15:44,Monday,Campus,In Store,,Mobile Wallet,,Chai Latte,Beverage,4.43,1,4.43,4.43,1
ORD-002643,2025-09-08 16:19:29,Monday,Riverside,Delivery,Uber Eats,Mobile Wallet,CUST-4561,Matcha Latte,Beverage,4.8,1,4.8,14.25,3
ORD-002643,2025-09-08 16:19:29,Monday,Riverside,Delivery,Uber Eats,Mobile Wallet,CUST-4561,Cinnamon Roll,Pastry,4.46,1,4.46,14.25,3
ORD-002643,2025-09-08 16:19:29,Monday,Riverside,Delivery,Uber Eats,Mobile Wallet,CUST-4561,Latte,Beverage,4.99,1,4.99,14.25,3
ORD-000960,2025-09-09 06:44:05,Tuesday,Riverside,In Store,,Credit Card,,Drip Coffee,Beverage,3.06,2,6.12,6.12,1
ORD-002340,2025-09-09 08:05:36,Tuesday,Uptown,In Store,,Credit Card,,Mocha,Beverage,5.12,1,5.12,17.05,3
ORD-002340,2025-09-09 08:05:36,Tuesday,Uptown,In Store,,Credit Card,,Veggie Wrap,Food,7.53,1,7.53,17.05,3
ORD-002340,2025-09-09 08:05:36,Tuesday,Uptown,In Store,,Credit Card,,Cappuccino,Beverage,4.4,1,4.4,17.05,3
ORD-001526,2025-09-09 08:09:26,Tuesday,Uptown,Mobile,,Credit Card,CUST-2899,Granola & Yogurt Cup,Snack,4.7,2,9.4,9.4,1
ORD-000903,2025-09-09 08:25:02,Tuesday,Campus,In Store,,Cash,,Veggie Wrap,Food,7.9,1,7.9,7.9,1
ORD-000405,2025-09-09 11:25:54,Tuesday,Downtown,Mobile,,Mobile Wallet,CUST-1925,Grilled Cheese,Food,6.61,2,13.22,13.22,1
ORD-002394,2025-09-09 12:00:57,Tuesday,Downtown,Delivery,Grubhub,Credit Card,,Chocolate Chip Cookie,Pastry,2.56,1,2.56,13.39,2
ORD-002394,2025-09-09 12:00:57,Tuesday,Downtown,Delivery,Grubhub,Credit Card,,Bagel w/ Cream Cheese,Pastry,3.61,3,10.83,13.39,2
ORD-001997,2025-09-09 13:45:17,Tuesday,Campus,In Store,,Debit Card,,Espresso Shot,Beverage,2.32,1,2.32,5.69,2
ORD-001997,2025-09-09 13:45:17,Tuesday,Campus,In Store,,Debit Card,,Blueberry Muffin,Pastry,3.37,1,3.37,5.69,2
ORD-001560,2025-09-09 15:00:03,Tuesday,Uptown,In Store,,Cash,,Hot Chocolate,Beverage,3.71,1,3.71,3.71,1
ORD-002439,2025-09-09 15:13:26,Tuesday,Downtown,Mobile,,Mobile Wallet,CUST-4906,Mocha,Beverage,4.9,2,9.8,9.8,1
ORD-001088,2025-09-10 08:25:41,Wednesday,Uptown,In Store,,Cash,,Breakfast Burrito,Food,7.58,2,15.16,38.87,4
ORD-001088,2025-09-10 08:25:41,Wednesday,Uptown,In Store,,Cash,,Fruit Cup,Snack,4.42,1,4.42,38.87,4
ORD-001088,2025-09-10 08:25:41,Wednesday,Uptown,In Store,,Cash,,Cappuccino,Beverage,4.74,3,14.22,38.87,4
ORD-001088,2025-09-10 08:25:41,Wednesday,Uptown,In Store,,Cash,,Granola & Yogurt Cup,Snack,5.07,1,5.07,38.87,4
ORD-001768,2025-09-10 09:36:48,Wednesday,Campus,Delivery,Grubhub,Mobile Wallet,,Cold Brew,Beverage,5.14,1,5.14,5.14,1
ORD-000217,2025-09-10 12:11:31,Wednesday,Downtown,In Store,,Credit Card,,Bagel w/ Cream Cheese,Pastry,4.19,1,4.19,4.19,1
ORD-000693,2025-09-10 12:17:26,Wednesday,Campus,In Store,,Credit Card,,Chai Latte,Beverage,4.26,1,4.26,12.39,2
ORD-000693,2025-09-10 12:17:26,Wednesday,Campus,In Store,,Credit Card,,Avocado Toast,Food,8.13,1,8.13,12.39,2
ORD-001120,2025-09-10 15:37:34,Wednesday,Campus,Mobile,,Debit Card,CUST-3788,Grilled Cheese,Food,6.26,2,12.52,24.71,4
ORD-001120,2025-09-10 15:37:34,Wednesday,Campus,Mobile,,Debit Card,CUST-3788,Bagel w/ Cream Cheese,Pastry,4.11,1,4.11,24.71,4
ORD-001120,2025-09-10 15:37:34,Wednesday,Campus,Mobile,,Debit Card,CUST-3788,Americano,Beverage,3.65,1,3.65,24.71,4
ORD-001120,2025-09-10 15:37:34,Wednesday,Campus,Mobile,,Debit Card,CUST-3788,Cinnamon Roll,Pastry,4.43,1,4.43,24.71,4
ORD-000370,2025-09-10 15:56:39,Wednesday,Riverside,In Store,,Credit Card,CUST-1098,Protein Box,Snack,6.86,1,6.86,10.17,2
ORD-000370,2025-09-10 15:56:39,Wednesday,Riverside,In Store,,Credit Card,CUST-1098,Americano,Beverage,3.31,1,3.31,10.17,2
ORD-002233,2025-09-10 16:09:20,Wednesday,Uptown,In Store,,Credit Card,,Americano,Beverage,3.35,1,3.35,3.35,1
ORD-001822,2025-09-10 16:57:11,Wednesday,Downtown,Delivery,DoorDash,Mobile Wallet,,Latte,Beverage,4.55,1,4.55,7.75,2
ORD-001822,2025-09-10 16:57:11,Wednesday,Downtown,Delivery,DoorDash,Mobile Wallet,,Americano,Beverage,3.2,1,3.2,7.75,2
ORD-000699,2025-09-11 07:00:42,Thursday,Campus,In Store,,Credit Card,,Bag of Chips,Snack,2.15,1,2.15,2.15,1
ORD-000705,2025-09-11 08:50:13,Thursday,Riverside,In Store,,Debit Card,,Scone,Pastry,3.62,2,7.24,7.24,1
ORD-002658,2025-09-11 11:09:30,Thursday,Downtown,Mobile,,Debit Card,CUST-1452,Grilled Cheese,Food,6.82,2,13.64,49.44,5
ORD-002658,2025-09-11 11:09:30,Thursday,Downtown,Mobile,,Debit Card,CUST-1452,Granola & Yogurt Cup,Snack,5.22,1,5.22,49.44,5
ORD-002658,2025-09-11 11:09:30,Thursday,Downtown,Mobile,,Debit Card,CUST-1452,Americano,Beverage,3.54,1,3.54,49.44,5
ORD-002658,2025-09-11 11:09:30,Thursday,Downtown,Mobile,,Debit Card,CUST-1452,Avocado Toast,Food,7.71,3,23.13,49.44,5
ORD-002658,2025-09-11 11:09:30,Thursday,Downtown,Mobile,,Debit Card,CUST-1452,Cinnamon Roll,Pastry,3.91,1,3.91,49.44,5
ORD-000167,2025-09-11 12:12:29,Thursday,Riverside,In Store,,Cash,,Breakfast Burrito,Food,7.65,1,7.65,7.65,1
ORD-000259,2025-09-11 16:04:48,Thursday,Uptown,In Store,,Debit Card,,Chai Latte,Beverage,4.53,1,4.53,4.53,1
ORD-002914,2025-09-12 06:57:05,Friday,Riverside,In Store,,Mobile Wallet,,Chai Latte,Beverage,4.4,1,4.4,12.51,2
ORD-002914,2025-09-12 06:57:05,Friday,Riverside,In Store,,Mobile Wallet,,Veggie Wrap,Food,8.11,1,8.11,12.51,2
ORD-001714,2025-09-12 07:18:54,Friday,Riverside,In Store,,Credit Card,CUST-1118,Cinnamon Roll,Pastry,4.17,1,4.17,13.81,4
ORD-001714,2025-09-12 07:18:54,Friday,Riverside,In Store,,Credit Card,CUST-1118,Bag of Chips,Snack,2.41,1,2.41,13.81,4
ORD-001714,2025-09-12 07:18:54,Friday,Riverside,In Store,,Credit Card,CUST-1118,Chai Latte,Beverage,4.43,1,4.43,13.81,4
ORD-001714,2025-09-12 07:18:54,Friday,Riverside,In Store,,Credit Card,CUST-1118,Iced Tea,Beverage,2.8,1,2.8,13.81,4
ORD-001382,2025-09-12 07:30:28,Friday,Uptown,Mobile,,Mobile Wallet,CUST-4313,Cappuccino,Beverage,4.61,1,4.61,8.56,2
ORD-001382,2025-09-12 07:30:28,Friday,Uptown,Mobile,,Mobile Wallet,CUST-4313,Hot Chocolate,Beverage,3.95,1,3.95,8.56,2
ORD-002422,2025-09-12 07:57:22,Friday,Downtown,In Store,,Cash,,Avocado Toast,Food,7.75,1,7.75,7.75,1
ORD-002338,2025-09-12 09:28:18,Friday,Uptown,In Store,,Debit Card,,Breakfast Burrito,Food,7.25,1,7.25,15.41,2
ORD-002338,2025-09-12 09:28:18,Friday,Uptown,In Store,,Debit Card,,Caesar Salad,Food,8.16,1,8.16,15.41,2
ORD-001553,2025-09-12 11:12:41,Friday,Campus,In Store,,Debit Card,CUST-2716,Avocado Toast,Food,7.83,1,7.83,7.83,1
ORD-000153,2025-09-12 11:51:46,Friday,Riverside,In Store,,Credit Card,,Avocado Toast,Food,7.71,1,7.71,12.4,2
ORD-000153,2025-09-12 11:51:46,Friday,Riverside,In Store,,Credit Card,,Chai Latte,Beverage,4.69,1,4.69,12.4,2
ORD-002290,2025-09-12 18:17:23,Friday,Uptown,In Store,,Debit Card,CUST-3900,Mocha,Beverage,4.81,1,4.81,4.81,1
ORD-002718,2025-09-13 09:17:43,Saturday,Downtown,In Store,,Mobile Wallet,,Americano,Beverage,3.27,1,3.27,18.94,4
ORD-002718,2025-09-13 09:17:43,Saturday,Downtown,In Store,,Mobile Wallet,,Fruit Cup,Snack,4.09,1,4.09,18.94,4
ORD-002718,2025-09-13 09:17:43,Saturday,Downtown,In Store,,Mobile Wallet,,Chai Latte,Beverage,4.34,2,8.68,18.94,4
ORD-002718,2025-09-13 09:17:43,Saturday,Downtown,In Store,,Mobile Wallet,,Drip Coffee,Beverage,2.9,1,2.9,18.94,4
ORD-002484,2025-09-13 10:43:39,Saturday,Campus,In Store,,Credit Card,CUST-2635,Blueberry Muffin,Pastry,3.42,1,3.42,10.93,2
ORD-002484,2025-09-13 10:43:39,Saturday,Campus,In Store,,Credit Card,CUST-2635,Breakfast Burrito,Food,7.51,1,7.51,10.93,2
ORD-002414,2025-09-13 12:16:36,Saturday,Riverside,In Store,,Debit Card,,Grilled Cheese,Food,6.52,1,6.52,6.52,1
ORD-000458,2025-09-13 13:11:24,Saturday,Riverside,Mobile,,Credit Card,CUST-2240,Americano,Beverage,3.56,1,3.56,7.85,2
ORD-000458,2025-09-13 13:11:24,Saturday,Riverside,Mobile,,Credit Card,CUST-2240,Fruit Cup,Snack,4.29,1,4.29,7.85,2
ORD-001751,2025-09-13 13:18:00,Saturday,Downtown,In Store,,Credit Card,CUST-2602,Cappuccino,Beverage,4.59,1,4.59,16.78,3
ORD-001751,2025-09-13 13:18:00,Saturday,Downtown,In Store,,Credit Card,CUST-2602,Hot Chocolate,Beverage,3.94,1,3.94,16.78,3
ORD-001751,2025-09-13 13:18:00,Saturday,Downtown,In Store,,Credit Card,CUST-2602,Caesar Salad,Food,8.25,1,8.25,16.78,3
ORD-002783,2025-09-13 14:02:39,Saturday,Uptown,In Store,,Cash,,Veggie Wrap,Food,8.1,2,16.2,16.2,1
ORD-000392,2025-09-13 16:15:45,Saturday,Campus,In Store,,Debit Card,CUST-1155,Grilled Cheese,Food,6.61,1,6.61,9.97,2
ORD-000392,2025-09-13 16:15:45,Saturday,Campus,In Store,,Debit Card,CUST-1155,Croissant,Pastry,3.36,1,3.36,9.97,2
ORD-001081,2025-09-13 17:15:33,Saturday,Uptown,In Store,,Cash,,Caesar Salad,Food,8.52,1,8.52,8.52,1
ORD-001031,2025-09-14 08:09:21,Sunday,Riverside,Mobile,,Mobile Wallet,CUST-2600,Breakfast Burrito,Food,7.72,1,7.72,28.66,4
ORD-001031,2025-09-14 08:09:21,Sunday,Riverside,Mobile,,Mobile Wallet,CUST-2600,Avocado Toast,Food,8.25,1,8.25,28.66,4
ORD-001031,2025-09-14 08:09:21,Sunday,Riverside,Mobile,,Mobile Wallet,CUST-2600,Chocolate Chip Cookie,Pastry,2.59,3,7.77,28.66,4
ORD-001031,2025-09-14 08:09:21,Sunday,Riverside,Mobile,,Mobile Wallet,CUST-2600,Mocha,Beverage,4.92,1,4.92,28.66,4
ORD-001428,2025-09-14 08:36:51,Sunday,Downtown,In Store,,Credit Card,,Cappuccino,Beverage,4.24,1,4.24,15.29,3
ORD-001428,2025-09-14 08:36:51,Sunday,Downtown,In Store,,Credit Card,,Caesar Salad,Food,8.24,1,8.24,15.29,3
ORD-001428,2025-09-14 08:36:51,Sunday,Downtown,In Store,,Credit Card,,Drip Coffee,Beverage,2.81,1,2.81,15.29,3
ORD-000733,2025-09-14 09:39:03,Sunday,Downtown,In Store,,Mobile Wallet,,Latte,Beverage,4.8,1,4.8,26.51,5
ORD-000733,2025-09-14 09:39:03,Sunday,Downtown,In Store,,Mobile Wallet,,Chocolate Chip Cookie,Pastry,2.43,2,4.86,26.51,5
ORD-000733,2025-09-14 09:39:03,Sunday,Downtown,In Store,,Mobile Wallet,,Iced Tea,Beverage,3.25,2,6.5,26.51,5
ORD-000733,2025-09-14 09:39:03,Sunday,Downtown,In Store,,Mobile Wallet,,Drip Coffee,Beverage,2.6,1,2.6,26.51,5
ORD-000733,2025-09-14 09:39:03,Sunday,Downtown,In Store,,Mobile Wallet,,Veggie Wrap,Food,7.75,1,7.75,26.51,5
ORD-001901,2025-09-14 10:02:10,Sunday,Riverside,Delivery,Grubhub,Debit Card,,Mocha,Beverage,5.11,2,10.22,20.96,3
ORD-001901,2025-09-14 10:02:10,Sunday,Riverside,Delivery,Grubhub,Debit Card,,Bag of Chips,Snack,2.4,1,2.4,20.96,3
ORD-001901,2025-09-14 10:02:10,Sunday,Riverside,Delivery,Grubhub,Debit Card,,Caesar Salad,Food,8.34,1,8.34,20.96,3
ORD-001865,2025-09-14 10:16:29,Sunday,Riverside,In Store,,Credit Card,CUST-2340,Americano,Beverage,3.12,2,6.24,10.41,2
ORD-001865,2025-09-14 10:16:29,Sunday,Riverside,In Store,,Credit Card,CUST-2340,Hot Chocolate,Beverage,4.17,1,4.17,10.41,2
ORD-002538,2025-09-14 10:50:38,Sunday,Riverside,Mobile,,Debit Card,CUST-2529,Cold Brew,Beverage,4.98,2,9.96,9.96,1
ORD-000053,2025-09-14 12:28:05,Sunday,Campus,In Store,,Debit Card,,Chai Latte,Beverage,4.88,3,14.64,14.64,1
ORD-000087,2025-09-14 12:42:51,Sunday,Campus,In Store,,Cash,,Cappuccino,Beverage,4.43,1,4.43,7.49,2
ORD-000087,2025-09-14 12:42:51,Sunday,Campus,In Store,,Cash,,Iced Tea,Beverage,3.06,1,3.06,7.49,2
ORD-001805,2025-09-14 12:48:09,Sunday,Uptown,Mobile,,Mobile Wallet,CUST-2451,Granola & Yogurt Cup,Snack,5.03,2,10.06,12.93,2
ORD-001805,2025-09-14 12:48:09,Sunday,Uptown,Mobile,,Mobile Wallet,CUST-2451,Espresso Shot,Beverage,2.87,1,2.87,12.93,2
ORD-002665,2025-09-14 14:58:04,Sunday,Downtown,In Store,,Debit Card,,Scone,Pastry,3.4,1,3.4,3.4,1
ORD-000658,2025-09-15 08:25:53,Monday,Campus,In Store,,Debit Card,,Chai Latte,Beverage,4.64,3,13.92,20.29,2
ORD-000658,2025-09-15 08:25:53,Monday,Campus,In Store,,Debit Card,,Grilled Cheese,Food,6.37,1,6.37,20.29,2
ORD-000280,2025-09-15 08:50:43,Monday,Downtown,In Store,,Debit Card,,Blueberry Muffin,Pastry,3.36,1,3.36,5.21,2
ORD-000280,2025-09-15 08:50:43,Monday,Downtown,In Store,,Debit Card,,Bag of Chips,Snack,1.85,1,1.85,5.21,2
ORD-001653,2025-09-15 11:21:41,Monday,Riverside,Mobile,,Mobile Wallet,CUST-1077,Espresso Shot,Beverage,2.37,1,2.37,9.05,3
ORD-001653,2025-09-15 11:21:41,Monday,Riverside,Mobile,,Mobile Wallet,CUST-1077,Cold Brew,Beverage,4.86,1,4.86,9.05,3
ORD-001653,2025-09-15 11:21:41,Monday,Riverside,Mobile,,Mobile Wallet,CUST-1077,Bag of Chips,Snack,1.82,1,1.82,9.05,3
ORD-001064,2025-09-15 12:59:36,Monday,Campus,In Store,,Debit Card,,Turkey & Swiss Sandwich,Food,8.32,1,8.32,19.22,3
ORD-001064,2025-09-15 12:59:36,Monday,Campus,In Store,,Debit Card,,Grilled Cheese,Food,6.27,1,6.27,19.22,3
ORD-001064,2025-09-15 12:59:36,Monday,Campus,In Store,,Debit Card,,Cold Brew,Beverage,4.63,1,4.63,19.22,3
ORD-002693,2025-09-15 15:19:28,Monday,Downtown,Mobile,,Debit Card,CUST-3360,Bag of Chips,Snack,1.85,1,1.85,11.04,3
ORD-002693,2025-09-15 15:19:28,Monday,Downtown,Mobile,,Debit Card,CUST-3360,Chai Latte,Beverage,4.36,1,4.36,11.04,3
ORD-002693,2025-09-15 15:19:28,Monday,Downtown,Mobile,,Debit Card,CUST-3360,Granola & Yogurt Cup,Snack,4.83,1,4.83,11.04,3
ORD-002580,2025-09-15 17:58:00,Monday,Downtown,Delivery,DoorDash,Debit Card,CUST-2912,Chocolate Chip Cookie,Pastry,2.43,1,2.43,7.49,2
ORD-002580,2025-09-15 17:58:00,Monday,Downtown,Delivery,DoorDash,Debit Card,CUST-2912,Matcha Latte,Beverage,5.06,1,5.06,7.49,2
ORD-000141,2025-09-16 08:34:09,Tuesday,Campus,In Store,,Cash,,Scone,Pastry,3.57,1,3.57,11.42,3
ORD-000141,2025-09-16 08:34:09,Tuesday,Campus,In Store,,Cash,,Cappuccino,Beverage,4.31,1,4.31,11.42,3
ORD-000141,2025-09-16 08:34:09,Tuesday,Campus,In Store,,Cash,,Bagel w/ Cream Cheese,Pastry,3.54,1,3.54,11.42,3
ORD-000274,2025-09-16 08:34:34,Tuesday,Riverside,In Store,,Credit Card,,Croissant,Pastry,4.0,1,4.0,15.79,3
ORD-000274,2025-09-16 08:34:34,Tuesday,Riverside,In Store,,Credit Card,,Iced Tea,Beverage,3.31,1,3.31,15.79,3
ORD-000274,2025-09-16 08:34:34,Tuesday,Riverside,In Store,,Credit Card,,Hot Chocolate,Beverage,4.24,2,8.48,15.79,3
ORD-001843,2025-09-16 11:01:43,Tuesday,Campus,In Store,,Debit Card,CUST-4632,Mocha,Beverage,5.37,1,5.37,22.39,3
ORD-001843,2025-09-16 11:01:43,Tuesday,Campus,In Store,,Debit Card,CUST-4632,Hot Chocolate,Beverage,3.93,3,11.79,22.39,3
ORD-001843,2025-09-16 11:01:43,Tuesday,Campus,In Store,,Debit Card,CUST-4632,Cold Brew,Beverage,5.23,1,5.23,22.39,3
ORD-000032,2025-09-16 11:58:35,Tuesday,Uptown,In Store,,Mobile Wallet,,Veggie Wrap,Food,7.71,1,7.71,14.81,3
ORD-000032,2025-09-16 11:58:35,Tuesday,Uptown,In Store,,Mobile Wallet,,Bag of Chips,Snack,2.14,1,2.14,14.81,3
ORD-000032,2025-09-16 11:58:35,Tuesday,Uptown,In Store,,Mobile Wallet,,Matcha Latte,Beverage,4.96,1,4.96,14.81,3
ORD-001075,2025-09-16 13:48:18,Tuesday,Downtown,In Store,,Credit Card,,Bagel w/ Cream Cheese,Pastry,4.18,1,4.18,7.81,2
ORD-001075,2025-09-16 13:48:18,Tuesday,Downtown,In Store,,Credit Card,,Hot Chocolate,Beverage,3.63,1,3.63,7.81,2
ORD-001322,2025-09-16 14:43:51,Tuesday,Downtown,Mobile,,Credit Card,CUST-3261,Grilled Cheese,Food,6.29,1,6.29,19.98,3
ORD-001322,2025-09-16 14:43:51,Tuesday,Downtown,Mobile,,Credit Card,CUST-3261,Iced Tea,Beverage,3.04,2,6.08,19.98,3
ORD-001322,2025-09-16 14:43:51,Tuesday,Downtown,Mobile,,Credit Card,CUST-3261,Veggie Wrap,Food,7.61,1,7.61,19.98,3
ORD-001362,2025-09-16 16:07:26,Tuesday,Riverside,In Store,,Mobile Wallet,,Blueberry Muffin,Pastry,3.75,1,3.75,8.85,2
ORD-001362,2025-09-16 16:07:26,Tuesday,Riverside,In Store,,Mobile Wallet,,Mocha,Beverage,5.1,1,5.1,8.85,2
ORD-001954,2025-09-17 06:00:01,Wednesday,Downtown,In Store,,Credit Card,,Caesar Salad,Food,8.7,1,8.7,8.7,1
ORD-001015,2025-09-17 07:09:59,Wednesday,Riverside,Mobile,,Mobile Wallet,CUST-3925,Veggie Wrap,Food,7.57,2,15.14,19.95,2
ORD-001015,2025-09-17 07:09:59,Wednesday,Riverside,Mobile,,Mobile Wallet,CUST-3925,Granola & Yogurt Cup,Snack,4.81,1,4.81,19.95,2
ORD-000860,2025-09-17 10:16:32,Wednesday,Campus,In Store,,Cash,CUST-4290,Americano,Beverage,3.23,1,3.23,7.19,2
ORD-000860,2025-09-17 10:16:32,Wednesday,Campus,In Store,,Cash,CUST-4290,Croissant,Pastry,3.96,1,3.96,7.19,2
ORD-001943,2025-09-17 10:43:01,Wednesday,Downtown,Mobile,,Mobile Wallet,CUST-3078,Caesar Salad,Food,8.64,1,8.64,8.64,1
ORD-000436,2025-09-17 10:45:18,Wednesday,Riverside,In Store,,Credit Card,,Iced Tea,Beverage,3.26,1,3.26,13.64,3
ORD-000436,2025-09-17 10:45:18,Wednesday,Riverside,In Store,,Credit Card,,Cinnamon Roll,Pastry,4.11,1,4.11,13.64,3
ORD-000436,2025-09-17 10:45:18,Wednesday,Riverside,In Store,,Credit Card,,Grilled Cheese,Food,6.27,1,6.27,13.64,3
ORD-000893,2025-09-17 14:34:20,Wednesday,Uptown,In Store,,Debit Card,,Bag of Chips,Snack,1.79,1,1.79,27.59,2
ORD-000893,2025-09-17 14:34:20,Wednesday,Uptown,In Store,,Debit Card,,Turkey & Swiss Sandwich,Food,8.6,3,25.8,27.59,2
ORD-001282,2025-09-18 07:21:11,Thursday,Uptown,Mobile,,Debit Card,CUST-4221,Hot Chocolate,Beverage,3.6,3,10.8,26.77,4
ORD-001282,2025-09-18 07:21:11,Thursday,Uptown,Mobile,,Debit Card,CUST-4221,Avocado Toast,Food,8.34,1,8.34,26.77,4
ORD-001282,2025-09-18 07:21:11,Thursday,Uptown,Mobile,,Debit Card,CUST-4221,Blueberry Muffin,Pastry,3.34,1,3.34,26.77,4
ORD-001282,2025-09-18 07:21:11,Thursday,Uptown,Mobile,,Debit Card,CUST-4221,Cinnamon Roll,Pastry,4.29,1,4.29,26.77,4
ORD-000116,2025-09-18 08:12:50,Thursday,Campus,In Store,,Cash,,Protein Box,Snack,6.75,2,13.5,25.05,2
ORD-000116,2025-09-18 08:12:50,Thursday,Campus,In Store,,Cash,,Cinnamon Roll,Pastry,3.85,3,11.55,25.05,2
ORD-000609,2025-09-18 08:37:36,Thursday,Campus,Delivery,Grubhub,Debit Card,,Bagel w/ Cream Cheese,Pastry,4.04,1,4.04,22.22,3
ORD-000609,2025-09-18 08:37:36,Thursday,Campus,Delivery,Grubhub,Debit Card,,Blueberry Muffin,Pastry,3.09,1,3.09,22.22,3
ORD-000609,2025-09-18 08:37:36,Thursday,Campus,Delivery,Grubhub,Debit Card,,Cold Brew,Beverage,5.03,3,15.09,22.22,3
ORD-000026,2025-09-18 10:53:34,Thursday,Downtown,In Store,,Cash,,Avocado Toast,Food,7.9,3,23.7,23.7,1
ORD-001414,2025-09-18 11:04:41,Thursday,Uptown,In Store,,Credit Card,CUST-4294,Fruit Cup,Snack,4.11,1,4.11,13.79,3
ORD-001414,2025-09-18 11:04:41,Thursday,Uptown,In Store,,Credit Card,CUST-4294,Grilled Cheese,Food,6.62,1,6.62,13.79,3
ORD-001414,2025-09-18 11:04:41,Thursday,Uptown,In Store,,Credit Card,CUST-4294,Iced Tea,Beverage,3.06,1,3.06,13.79,3
ORD-001729,2025-09-18 12:48:46,Thursday,Riverside,Mobile,,Debit Card,CUST-3613,Hot Chocolate,Beverage,3.68,1,3.68,3.68,1
ORD-001395,2025-09-18 14:25:36,Thursday,Riverside,In Store,,Credit Card,,Drip Coffee,Beverage,2.91,1,2.91,2.91,1
ORD-002216,2025-09-18 15:37:46,Thursday,Downtown,Delivery,DoorDash,Debit Card,CUST-4238,Caesar Salad,Food,8.32,1,8.32,8.32,1
ORD-002679,2025-09-18 16:50:53,Thursday,Riverside,In Store,,Cash,,Avocado Toast,Food,7.87,1,7.87,10.31,2
ORD-002679,2025-09-18 16:50:53,Thursday,Riverside,In Store,,Cash,,Espresso Shot,Beverage,2.44,1,2.44,10.31,2
ORD-001975,2025-09-19 07:14:15,Friday,Campus,In Store,,Credit Card,CUST-2018,Bag of Chips,Snack,1.89,1,1.89,10.12,2
ORD-001975,2025-09-19 07:14:15,Friday,Campus,In Store,,Credit Card,CUST-2018,Caesar Salad,Food,8.23,1,8.23,10.12,2
ORD-002824,2025-09-19 07:35:51,Friday,Uptown,In Store,,Debit Card,CUST-4811,Turkey & Swiss Sandwich,Food,8.61,1,8.61,8.61,1
ORD-000956,2025-09-19 07:45:45,Friday,Downtown,In Store,,Cash,CUST-1418,Chai Latte,Beverage,4.31,1,4.31,10.83,2
ORD-000956,2025-09-19 07:45:45,Friday,Downtown,In Store,,Cash,CUST-1418,Grilled Cheese,Food,6.52,1,6.52,10.83,2
ORD-002841,2025-09-19 09:18:17,Friday,Campus,In Store,,Debit Card,,Breakfast Burrito,Food,7.41,2,14.82,27.14,4
ORD-002841,2025-09-19 09:18:17,Friday,Campus,In Store,,Debit Card,,Fruit Cup,Snack,4.37,1,4.37,27.14,4
ORD-002841,2025-09-19 09:18:17,Friday,Campus,In Store,,Debit Card,,Cold Brew,Beverage,4.57,1,4.57,27.14,4
ORD-002841,2025-09-19 09:18:17,Friday,Campus,In Store,,Debit Card,,Scone,Pastry,3.38,1,3.38,27.14,4
ORD-000632,2025-09-19 11:03:19,Friday,Riverside,In Store,,Debit Card,,Latte,Beverage,4.46,1,4.46,11.7,3
ORD-000632,2025-09-19 11:03:19,Friday,Riverside,In Store,,Debit Card,,Chai Latte,Beverage,4.25,1,4.25,11.7,3
ORD-000632,2025-09-19 11:03:19,Friday,Riverside,In Store,,Debit Card,,Iced Tea,Beverage,2.99,1,2.99,11.7,3
ORD-001890,2025-09-19 12:27:34,Friday,Campus,Mobile,,Debit Card,CUST-4713,Scone,Pastry,3.75,1,3.75,7.96,2
ORD-001890,2025-09-19 12:27:34,Friday,Campus,Mobile,,Debit Card,CUST-4713,Bagel w/ Cream Cheese,Pastry,4.21,1,4.21,7.96,2
ORD-001183,2025-09-19 17:43:52,Friday,Uptown,In Store,,Mobile Wallet,,Granola & Yogurt Cup,Snack,5.4,3,16.2,20.38,2
ORD-001183,2025-09-19 17:43:52,Friday,Uptown,In Store,,Mobile Wallet,,Cinnamon Roll,Pastry,4.18,1,4.18,20.38,2
ORD-001118,2025-09-20 08:11:04,Saturday,Uptown,In Store,,Cash,,Cold Brew,Beverage,4.87,1,4.87,23.86,4
ORD-001118,2025-09-20 08:11:04,Saturday,Uptown,In Store,,Cash,,Bag of Chips,Snack,2.16,1,2.16,23.86,4
ORD-001118,2025-09-20 08:11:04,Saturday,Uptown,In Store,,Cash,,Avocado Toast,Food,7.85,1,7.85,23.86,4
ORD-001118,2025-09-20 08:11:04,Saturday,Uptown,In Store,,Cash,,Turkey & Swiss Sandwich,Food,8.98,1,8.98,23.86,4
ORD-001699,2025-09-20 09:30:46,Saturday,Uptown,In Store,,Mobile Wallet,CUST-2234,Bag of Chips,Snack,1.89,2,3.78,12.0,2
ORD-001699,2025-09-20 09:30:46,Saturday,Uptown,In Store,,Mobile Wallet,CUST-2234,Bagel w/ Cream Cheese,Pastry,4.11,2,8.22,12.0,2
ORD-000853,2025-09-20 10:36:27,Saturday,Riverside,Delivery,Uber Eats,Mobile Wallet,CUST-2367,Cappuccino,Beverage,4.4,1,4.4,9.83,2
ORD-000853,2025-09-20 10:36:27,Saturday,Riverside,Delivery,Uber Eats,Mobile Wallet,CUST-2367,Granola & Yogurt Cup,Snack,5.43,1,5.43,9.83,2
ORD-000854,2025-09-20 16:05:36,Saturday,Uptown,Delivery,Grubhub,Credit Card,,Cinnamon Roll,Pastry,4.5,2,9.0,9.0,1
ORD-002358,2025-09-20 18:44:45,Saturday,Uptown,In Store,,Cash,CUST-1689,Espresso Shot,Beverage,2.87,2,5.74,10.78,2
ORD-002358,2025-09-20 18:44:45,Saturday,Uptown,In Store,,Cash,CUST-1689,Drip Coffee,Beverage,2.52,2,5.04,10.78,2
ORD-002346,2025-09-21 07:50:12,Sunday,Riverside,In Store,,Mobile Wallet,,Mocha,Beverage,4.94,1,4.94,49.34,5
ORD-002346,2025-09-21 07:50:12,Sunday,Riverside,In Store,,Mobile Wallet,,Cold Brew,Beverage,4.9,1,4.9,49.34,5
ORD-002346,2025-09-21 07:50:12,Sunday,Riverside,In Store,,Mobile Wallet,,Breakfast Burrito,Food,7.59,2,15.18,49.34,5
ORD-002346,2025-09-21 07:50:12,Sunday,Riverside,In Store,,Mobile Wallet,,Avocado Toast,Food,8.27,1,8.27,49.34,5
ORD-002346,2025-09-21 07:50:12,Sunday,Riverside,In Store,,Mobile Wallet,,Matcha Latte,Beverage,5.35,3,16.05,49.34,5
ORD-000127,2025-09-21 08:59:39,Sunday,Campus,In Store,,Debit Card,,Turkey & Swiss Sandwich,Food,8.26,1,8.26,11.83,2
ORD-000127,2025-09-21 08:59:39,Sunday,Campus,In Store,,Debit Card,,Scone,Pastry,3.57,1,3.57,11.83,2
ORD-002641,2025-09-21 09:39:14,Sunday,Riverside,In Store,,Credit Card,,Grilled Cheese,Food,6.55,2,13.1,13.1,1
ORD-002475,2025-09-21 14:27:41,Sunday,Campus,Delivery,Uber Eats,Debit Card,,Bagel w/ Cream Cheese,Pastry,3.99,3,11.97,15.46,2
ORD-002475,2025-09-21 14:27:41,Sunday,Campus,Delivery,Uber Eats,Debit Card,,Americano,Beverage,3.49,1,3.49,15.46,2
ORD-001991,2025-09-21 14:28:23,Sunday,Riverside,In Store,,Mobile Wallet,,Hot Chocolate,Beverage,3.53,1,3.53,3.53,1
ORD-000187,2025-09-21 14:44:59,Sunday,Campus,Mobile,,Debit Card,CUST-2340,Fruit Cup,Snack,4.43,1,4.43,9.65,2
ORD-000187,2025-09-21 14:44:59,Sunday,Campus,Mobile,,Debit Card,CUST-2340,Granola & Yogurt Cup,Snack,5.22,1,5.22,9.65,2
ORD-002341,2025-09-21 15:46:50,Sunday,Uptown,In Store,,Credit Card,CUST-2357,Grilled Cheese,Food,6.35,1,6.35,6.35,1
ORD-001761,2025-09-21 16:32:00,Sunday,Uptown,In Store,,Mobile Wallet,,Blueberry Muffin,Pastry,3.24,3,9.72,9.72,1
ORD-000870,2025-09-21 17:21:57,Sunday,Riverside,In Store,,Mobile Wallet,,Caesar Salad,Food,8.59,1,8.59,15.73,2
ORD-000870,2025-09-21 17:21:57,Sunday,Riverside,In Store,,Mobile Wallet,,Americano,Beverage,3.57,2,7.14,15.73,2
ORD-001630,2025-09-22 09:52:17,Monday,Riverside,In Store,,Debit Card,,Cappuccino,Beverage,4.04,1,4.04,7.27,2
ORD-001630,2025-09-22 09:52:17,Monday,Riverside,In Store,,Debit Card,,Americano,Beverage,3.23,1,3.23,7.27,2
ORD-000926,2025-09-22 11:28:01,Monday,Campus,Mobile,,Mobile Wallet,CUST-3732,Granola & Yogurt Cup,Snack,5.28,1,5.28,5.28,1
ORD-000308,2025-09-22 12:44:53,Monday,Riverside,In Store,,Cash,,Iced Tea,Beverage,3.11,2,6.22,19.85,3
ORD-000308,2025-09-22 12:44:53,Monday,Riverside,In Store,,Cash,,Turkey & Swiss Sandwich,Food,8.96,1,8.96,19.85,3
ORD-000308,2025-09-22 12:44:53,Monday,Riverside,In Store,,Cash,,Cappuccino,Beverage,4.67,1,4.67,19.85,3
ORD-000101,2025-09-22 16:18:05,Monday,Riverside,Mobile,,Debit Card,CUST-4708,Bag of Chips,Snack,2.43,1,2.43,8.25,2
ORD-000101,2025-09-22 16:18:05,Monday,Riverside,Mobile,,Debit Card,CUST-4708,Chocolate Chip Cookie,Pastry,2.91,2,5.82,8.25,2
ORD-000234,2025-09-22 16:52:03,Monday,Uptown,In Store,,Cash,CUST-3075,Scone,Pastry,3.77,1,3.77,11.21,2
ORD-000234,2025-09-22 16:52:03,Monday,Uptown,In Store,,Cash,CUST-3075,Fruit Cup,Snack,3.72,2,7.44,11.21,2
ORD-002086,2025-09-22 18:02:21,Monday,Campus,In Store,,Cash,,Bag of Chips,Snack,2.05,3,6.15,6.15,1
ORD-002982,2025-09-23 10:23:47,Tuesday,Campus,In Store,,Credit Card,,Drip Coffee,Beverage,2.85,1,2.85,15.84,4
ORD-002982,2025-09-23 10:23:47,Tuesday,Campus,In Store,,Credit Card,,Cinnamon Roll,Pastry,4.02,1,4.02,15.84,4
ORD-002982,2025-09-23 10:23:47,Tuesday,Campus,In Store,,Credit Card,,Granola & Yogurt Cup,Snack,5.26,1,5.26,15.84,4
ORD-002982,2025-09-23 10:23:47,Tuesday,Campus,In Store,,Credit Card,,Fruit Cup,Snack,3.71,1,3.71,15.84,4
ORD-002604,2025-09-23 12:54:20,Tuesday,Campus,In Store,,Cash,,Croissant,Pastry,3.86,2,7.72,19.62,3
ORD-002604,2025-09-23 12:54:20,Tuesday,Campus,In Store,,Cash,,Fruit Cup,Snack,4.29,2,8.58,19.62,3
ORD-002604,2025-09-23 12:54:20,Tuesday,Campus,In Store,,Cash,,Americano,Beverage,3.32,1,3.32,19.62,3
ORD-002677,2025-09-23 14:42:27,Tuesday,Downtown,Mobile,,Mobile Wallet,CUST-1755,Chocolate Chip Cookie,Pastry,2.97,2,5.94,34.49,5
ORD-002677,2025-09-23 14:42:27,Tuesday,Downtown,Mobile,,Mobile Wallet,CUST-1755,Americano,Beverage,3.66,2,7.32,34.49,5
ORD-002677,2025-09-23 14:42:27,Tuesday,Downtown,Mobile,,Mobile Wallet,CUST-1755,Cappuccino,Beverage,4.06,3,12.18,34.49,5
ORD-002677,2025-09-23 14:42:27,Tuesday,Downtown,Mobile,,Mobile Wallet,CUST-1755,Chai Latte,Beverage,4.92,1,4.92,34.49,5
ORD-002677,2025-09-23 14:42:27,Tuesday,Downtown,Mobile,,Mobile Wallet,CUST-1755,Fruit Cup,Snack,4.13,1,4.13,34.49,5
ORD-002297,2025-09-23 19:34:22,Tuesday,Downtown,Mobile,,Credit Card,CUST-1136,Protein Box,Snack,7.15,1,7.15,11.13,2
ORD-002297,2025-09-23 19:34:22,Tuesday,Downtown,Mobile,,Credit Card,CUST-1136,Fruit Cup,Snack,3.98,1,3.98,11.13,2
ORD-002499,2025-09-24 06:55:34,Wednesday,Uptown,Delivery,Grubhub,Debit Card,,Cold Brew,Beverage,4.58,1,4.58,6.34,2
ORD-002499,2025-09-24 06:55:34,Wednesday,Uptown,Delivery,Grubhub,Debit Card,,Bag of Chips,Snack,1.76,1,1.76,6.34,2
ORD-001386,2025-09-24 08:33:47,Wednesday,Downtown,In Store,,Credit Card,CUST-2806,Turkey & Swiss Sandwich,Food,8.47,2,16.94,32.02,3
ORD-001386,2025-09-24 08:33:47,Wednesday,Downtown,In Store,,Credit Card,CUST-2806,Granola & Yogurt Cup,Snack,5.33,2,10.66,32.02,3
ORD-001386,2025-09-24 08:33:47,Wednesday,Downtown,In Store,,Credit Card,CUST-2806,Cinnamon Roll,Pastry,4.42,1,4.42,32.02,3
ORD-001105,2025-09-24 08:57:35,Wednesday,Riverside,Mobile,,Credit Card,CUST-4675,Chocolate Chip Cookie,Pastry,2.34,2,4.68,4.68,1
ORD-002183,2025-09-24 09:08:57,Wednesday,Uptown,Mobile,,Debit Card,CUST-3761,Iced Tea,Beverage,2.91,1,2.91,2.91,1
ORD-001885,2025-09-24 12:48:20,Wednesday,Uptown,Mobile,,Mobile Wallet,CUST-3332,Cappuccino,Beverage,4.57,1,4.57,4.57,1
ORD-001950,2025-09-24 15:16:10,Wednesday,Riverside,In Store,,Credit Card,,Chai Latte,Beverage,4.56,3,13.68,13.68,1
ORD-002974,2025-09-24 16:05:28,Wednesday,Campus,In Store,,Credit Card,,Veggie Wrap,Food,8.22,1,8.22,26.42,3
ORD-002974,2025-09-24 16:05:28,Wednesday,Campus,In Store,,Credit Card,,Hot Chocolate,Beverage,3.58,1,3.58,26.42,3
ORD-002974,2025-09-24 16:05:28,Wednesday,Campus,In Store,,Credit Card,,Breakfast Burrito,Food,7.31,2,14.62,26.42,3
ORD-002321,2025-09-25 07:24:29,Thursday,Uptown,Mobile,,Credit Card,CUST-4980,Protein Box,Snack,7.13,1,7.13,7.13,1
ORD-002981,2025-09-25 07:57:19,Thursday,Uptown,Mobile,,Mobile Wallet,CUST-4654,Bagel w/ Cream Cheese,Pastry,3.91,2,7.82,7.82,1
ORD-001102,2025-09-25 09:34:50,Thursday,Campus,In Store,,Credit Card,CUST-3315,Drip Coffee,Beverage,3.17,1,3.17,3.17,1
ORD-001869,2025-09-25 09:56:43,Thursday,Downtown,Mobile,,Credit Card,CUST-4977,Protein Box,Snack,7.41,1,7.41,24.67,5
ORD-001869,2025-09-25 09:56:43,Thursday,Downtown,Mobile,,Credit Card,CUST-4977,Blueberry Muffin,Pastry,3.73,2,7.46,24.67,5
ORD-001869,2025-09-25 09:56:43,Thursday,Downtown,Mobile,,Credit Card,CUST-4977,Iced Tea,Beverage,3.1,1,3.1,24.67,5
ORD-001869,2025-09-25 09:56:43,Thursday,Downtown,Mobile,,Credit Card,CUST-4977,Croissant,Pastry,3.38,1,3.38,24.67,5
ORD-001869,2025-09-25 09:56:43,Thursday,Downtown,Mobile,,Credit Card,CUST-4977,Scone,Pastry,3.32,1,3.32,24.67,5
ORD-000201,2025-09-25 12:52:46,Thursday,Riverside,In Store,,Credit Card,,Granola & Yogurt Cup,Snack,5.02,1,5.02,23.61,4
ORD-000201,2025-09-25 12:52:46,Thursday,Riverside,In Store,,Credit Card,,Americano,Beverage,3.2,1,3.2,23.61,4
ORD-000201,2025-09-25 12:52:46,Thursday,Riverside,In Store,,Credit Card,,Fruit Cup,Snack,4.17,3,12.51,23.61,4
ORD-000201,2025-09-25 12:52:46,Thursday,Riverside,In Store,,Credit Card,,Drip Coffee,Beverage,2.88,1,2.88,23.61,4
ORD-001316,2025-09-25 12:59:17,Thursday,Uptown,In Store,,Cash,,Avocado Toast,Food,7.73,1,7.73,23.17,5
ORD-001316,2025-09-25 12:59:17,Thursday,Uptown,In Store,,Cash,,Cinnamon Roll,Pastry,4.42,1,4.42,23.17,5
ORD-001316,2025-09-25 12:59:17,Thursday,Uptown,In Store,,Cash,,Espresso Shot,Beverage,2.39,1,2.39,23.17,5
ORD-001316,2025-09-25 12:59:17,Thursday,Uptown,In Store,,Cash,,Latte,Beverage,4.84,1,4.84,23.17,5
ORD-001316,2025-09-25 12:59:17,Thursday,Uptown,In Store,,Cash,,Fruit Cup,Snack,3.79,1,3.79,23.17,5
ORD-002642,2025-09-25 13:22:12,Thursday,Campus,In Store,,Credit Card,CUST-4543,Cappuccino,Beverage,4.61,1,4.61,4.61,1
ORD-002948,2025-09-25 13:48:55,Thursday,Downtown,Mobile,,Credit Card,CUST-2437,Espresso Shot,Beverage,2.42,2,4.84,4.84,1
ORD-001452,2025-09-25 14:30:08,Thursday,Downtown,Mobile,,Mobile Wallet,CUST-1928,Americano,Beverage,3.58,1,3.58,6.24,2
ORD-001452,2025-09-25 14:30:08,Thursday,Downtown,Mobile,,Mobile Wallet,CUST-1928,Chocolate Chip Cookie,Pastry,2.66,1,2.66,6.24,2
ORD-001128,2025-09-26 06:41:11,Friday,Uptown,Mobile,,Debit Card,CUST-1212,Croissant,Pastry,3.28,1,3.28,14.32,3
ORD-001128,2025-09-26 06:41:11,Friday,Uptown,Mobile,,Debit Card,CUST-1212,Drip Coffee,Beverage,2.79,1,2.79,14.32,3
ORD-001128,2025-09-26 06:41:11,Friday,Uptown,Mobile,,Debit Card,CUST-1212,Caesar Salad,Food,8.25,1,8.25,14.32,3
ORD-000804,2025-09-26 08:36:48,Friday,Riverside,In Store,,Cash,,Fruit Cup,Snack,3.96,1,3.96,3.96,1
ORD-000376,2025-09-26 09:07:23,Friday,Uptown,Mobile,,Credit Card,CUST-2817,Protein Box,Snack,6.82,2,13.64,17.5,2
ORD-000376,2025-09-26 09:07:23,Friday,Uptown,Mobile,,Credit Card,CUST-2817,Bagel w/ Cream Cheese,Pastry,3.86,1,3.86,17.5,2
ORD-000377,2025-09-26 09:20:09,Friday,Downtown,Mobile,,Mobile Wallet,CUST-3771,Mocha,Beverage,5.09,1,5.09,22.68,5
ORD-000377,2025-09-26 09:20:09,Friday,Downtown,Mobile,,Mobile Wallet,CUST-3771,Granola & Yogurt Cup,Snack,5.4,1,5.4,22.68,5
ORD-000377,2025-09-26 09:20:09,Friday,Downtown,Mobile,,Mobile Wallet,CUST-3771,Latte,Beverage,4.7,1,4.7,22.68,5
ORD-000377,2025-09-26 09:20:09,Friday,Downtown,Mobile,,Mobile Wallet,CUST-3771,Blueberry Muffin,Pastry,3.39,1,3.39,22.68,5
ORD-000377,2025-09-26 09:20:09,Friday,Downtown,Mobile,,Mobile Wallet,CUST-3771,Cinnamon Roll,Pastry,4.1,1,4.1,22.68,5
ORD-000248,2025-09-26 10:56:43,Friday,Riverside,Delivery,Uber Eats,Debit Card,,Protein Box,Snack,6.87,1,6.87,6.87,1
ORD-002334,2025-09-26 11:52:31,Friday,Downtown,Mobile,,Credit Card,CUST-2136,Espresso Shot,Beverage,2.33,3,6.99,17.58,3
ORD-002334,2025-09-26 11:52:31,Friday,Downtown,Mobile,,Credit Card,CUST-2136,Cinnamon Roll,Pastry,3.85,1,3.85,17.58,3
ORD-002334,2025-09-26 11:52:31,Friday,Downtown,Mobile,,Credit Card,CUST-2136,Grilled Cheese,Food,6.74,1,6.74,17.58,3
ORD-002792,2025-09-26 12:45:07,Friday,Uptown,In Store,,Cash,,Americano,Beverage,3.19,1,3.19,3.19,1
ORD-002263,2025-09-26 13:20:56,Friday,Riverside,In Store,,Debit Card,,Protein Box,Snack,6.91,2,13.82,13.82,1
ORD-001583,2025-09-26 13:34:25,Friday,Riverside,In Store,,Mobile Wallet,,Blueberry Muffin,Pastry,3.15,1,3.15,6.61,2
ORD-001583,2025-09-26 13:34:25,Friday,Riverside,In Store,,Mobile Wallet,,Americano,Beverage,3.46,1,3.46,6.61,2
ORD-001267,2025-09-26 14:04:26,Friday,Riverside,Delivery,Grubhub,Mobile Wallet,,Caesar Salad,Food,8.01,1,8.01,15.82,3
ORD-001267,2025-09-26 14:04:26,Friday,Riverside,Delivery,Grubhub,Mobile Wallet,,Granola & Yogurt Cup,Snack,5.4,1,5.4,15.82,3
ORD-001267,2025-09-26 14:04:26,Friday,Riverside,Delivery,Grubhub,Mobile Wallet,,Espresso Shot,Beverage,2.41,1,2.41,15.82,3
ORD-001089,2025-09-26 17:00:58,Friday,Downtown,In Store,,Cash,,Chocolate Chip Cookie,Pastry,2.35,1,2.35,2.35,1
ORD-000838,2025-09-26 17:47:12,Friday,Downtown,In Store,,Mobile Wallet,,Matcha Latte,Beverage,4.93,1,4.93,31.54,5
ORD-000838,2025-09-26 17:47:12,Friday,Downtown,In Store,,Mobile Wallet,,Turkey & Swiss Sandwich,Food,8.39,1,8.39,31.54,5
ORD-000838,2025-09-26 17:47:12,Friday,Downtown,In Store,,Mobile Wallet,,Cappuccino,Beverage,4.33,1,4.33,31.54,5
ORD-000838,2025-09-26 17:47:12,Friday,Downtown,In Store,,Mobile Wallet,,Scone,Pastry,3.21,1,3.21,31.54,5
ORD-000838,2025-09-26 17:47:12,Friday,Downtown,In Store,,Mobile Wallet,,Granola & Yogurt Cup,Snack,5.34,2,10.68,31.54,5
ORD-002446,2025-09-26 17:52:58,Friday,Riverside,In Store,,Cash,CUST-3861,Espresso Shot,Beverage,2.63,1,2.63,24.07,3
ORD-002446,2025-09-26 17:52:58,Friday,Riverside,In Store,,Cash,CUST-3861,Mocha,Beverage,4.92,1,4.92,24.07,3
ORD-002446,2025-09-26 17:52:58,Friday,Riverside,In Store,,Cash,CUST-3861,Caesar Salad,Food,8.26,2,16.52,24.07,3
ORD-000106,2025-09-26 19:04:33,Friday,Downtown,In Store,,Mobile Wallet,,Blueberry Muffin,Pastry,3.19,3,9.57,9.57,1
ORD-002804,2025-09-27 08:00:17,Saturday,Riverside,In Store,,Debit Card,,Bag of Chips,Snack,1.95,1,1.95,6.19,2
ORD-002804,2025-09-27 08:00:17,Saturday,Riverside,In Store,,Debit Card,,Bagel w/ Cream Cheese,Pastry,4.24,1,4.24,6.19,2
ORD-000692,2025-09-27 08:35:17,Saturday,Downtown,Mobile,,Mobile Wallet,CUST-4656,Caesar Salad,Food,8.61,1,8.61,12.35,2
ORD-000692,2025-09-27 08:35:17,Saturday,Downtown,Mobile,,Mobile Wallet,CUST-4656,Fruit Cup,Snack,3.74,1,3.74,12.35,2
ORD-001145,2025-09-27 08:52:11,Saturday,Downtown,Mobile,,Mobile Wallet,CUST-1547,Cappuccino,Beverage,4.45,1,4.45,4.45,1
ORD-000711,2025-09-27 08:58:43,Saturday,Riverside,In Store,,Mobile Wallet,,Hot Chocolate,Beverage,3.59,2,7.18,22.09,4
ORD-000711,2025-09-27 08:58:43,Saturday,Riverside,In Store,,Mobile Wallet,,Mocha,Beverage,5.12,1,5.12,22.09,4
ORD-000711,2025-09-27 08:58:43,Saturday,Riverside,In Store,,Mobile Wallet,,Latte,Beverage,4.51,1,4.51,22.09,4
ORD-000711,2025-09-27 08:58:43,Saturday,Riverside,In Store,,Mobile Wallet,,Matcha Latte,Beverage,5.28,1,5.28,22.09,4
ORD-000214,2025-09-27 09:51:34,Saturday,Campus,Mobile,,Mobile Wallet,CUST-2470,Bagel w/ Cream Cheese,Pastry,3.7,1,3.7,10.82,2
ORD-000214,2025-09-27 09:51:34,Saturday,Campus,Mobile,,Mobile Wallet,CUST-2470,Protein Box,Snack,7.12,1,7.12,10.82,2
ORD-001899,2025-09-27 10:47:31,Saturday,Riverside,In Store,,Debit Card,CUST-2707,Croissant,Pastry,3.28,2,6.56,32.2,4
ORD-001899,2025-09-27 10:47:31,Saturday,Riverside,In Store,,Debit Card,CUST-2707,Avocado Toast,Food,8.26,1,8.26,32.2,4
ORD-001899,2025-09-27 10:47:31,Saturday,Riverside,In Store,,Debit Card,CUST-2707,Chai Latte,Beverage,4.61,2,9.22,32.2,4
ORD-001899,2025-09-27 10:47:31,Saturday,Riverside,In Store,,Debit Card,CUST-2707,Espresso Shot,Beverage,2.72,3,8.16,32.2,4
ORD-000873,2025-09-27 12:09:36,Saturday,Downtown,Mobile,,Mobile Wallet,CUST-2485,Grilled Cheese,Food,6.37,1,6.37,10.0,2
ORD-000873,2025-09-27 12:09:36,Saturday,Downtown,Mobile,,Mobile Wallet,CUST-2485,Scone,Pastry,3.63,1,3.63,10.0,2
ORD-002234,2025-09-27 13:48:11,Saturday,Riverside,In Store,,Cash,,Croissant,Pastry,3.8,1,3.8,3.8,1
ORD-002765,2025-09-27 17:44:00,Saturday,Campus,In Store,,Cash,CUST-1770,Latte,Beverage,4.39,1,4.39,4.39,1
ORD-000549,2025-09-27 19:39:56,Saturday,Downtown,In Store,,Cash,CUST-4785,Mocha,Beverage,4.98,1,4.98,4.98,1
ORD-000393,2025-09-27 19:48:49,Saturday,Downtown,In Store,,Cash,CUST-3583,Cappuccino,Beverage,4.68,1,4.68,20.62,3
ORD-000393,2025-09-27 19:48:49,Saturday,Downtown,In Store,,Cash,CUST-3583,Veggie Wrap,Food,7.51,1,7.51,20.62,3
ORD-000393,2025-09-27 19:48:49,Saturday,Downtown,In Store,,Cash,CUST-3583,Caesar Salad,Food,8.43,1,8.43,20.62,3
ORD-000337,2025-09-28 07:04:53,Sunday,Uptown,In Store,,Cash,CUST-1946,Scone,Pastry,3.57,2,7.14,12.27,2
ORD-000337,2025-09-28 07:04:53,Sunday,Uptown,In Store,,Cash,CUST-1946,Mocha,Beverage,5.13,1,5.13,12.27,2
ORD-002451,2025-09-28 08:35:32,Sunday,Uptown,In Store,,Mobile Wallet,,Espresso Shot,Beverage,2.77,1,2.77,10.75,3
ORD-002451,2025-09-28 08:35:32,Sunday,Uptown,In Store,,Mobile Wallet,,Cold Brew,Beverage,5.02,1,5.02,10.75,3
ORD-002451,2025-09-28 08:35:32,Sunday,Uptown,In Store,,Mobile Wallet,,Drip Coffee,Beverage,2.96,1,2.96,10.75,3
ORD-001782,2025-09-28 08:45:43,Sunday,Riverside,In Store,,Debit Card,,Fruit Cup,Snack,3.73,1,3.73,3.73,1
ORD-000525,2025-09-28 09:16:05,Sunday,Downtown,In Store,,Credit Card,CUST-1748,Cappuccino,Beverage,4.71,1,4.71,4.71,1
ORD-001083,2025-09-28 11:06:19,Sunday,Riverside,Delivery,Uber Eats,Credit Card,,Veggie Wrap,Food,7.72,1,7.72,18.21,3
ORD-001083,2025-09-28 11:06:19,Sunday,Riverside,Delivery,Uber Eats,Credit Card,,Blueberry Muffin,Pastry,3.14,2,6.28,18.21,3
ORD-001083,2025-09-28 11:06:19,Sunday,Riverside,Delivery,Uber Eats,Credit Card,,Hot Chocolate,Beverage,4.21,1,4.21,18.21,3
ORD-001447,2025-09-28 11:52:15,Sunday,Downtown,In Store,,Mobile Wallet,CUST-1239,Latte,Beverage,4.4,3,13.2,13.2,1
ORD-002161,2025-09-28 13:35:17,Sunday,Campus,In Store,,Mobile Wallet,CUST-3830,Protein Box,Snack,6.95,2,13.9,17.65,2
ORD-002161,2025-09-28 13:35:17,Sunday,Campus,In Store,,Mobile Wallet,CUST-3830,Bagel w/ Cream Cheese,Pastry,3.75,1,3.75,17.65,2
ORD-000730,2025-09-28 15:12:05,Sunday,Downtown,In Store,,Credit Card,CUST-1575,Fruit Cup,Snack,4.25,1,4.25,21.33,4
ORD-000730,2025-09-28 15:12:05,Sunday,Downtown,In Store,,Credit Card,CUST-1575,Avocado Toast,Food,8.32,1,8.32,21.33,4
ORD-000730,2025-09-28 15:12:05,Sunday,Downtown,In Store,,Credit Card,CUST-1575,Chocolate Chip Cookie,Pastry,2.73,2,5.46,21.33,4
ORD-000730,2025-09-28 15:12:05,Sunday,Downtown,In Store,,Credit Card,CUST-1575,Croissant,Pastry,3.3,1,3.3,21.33,4
ORD-000906,2025-09-28 16:12:05,Sunday,Uptown,In Store,,Debit Card,,Hot Chocolate,Beverage,4.12,1,4.12,8.63,2
ORD-000906,2025-09-28 16:12:05,Sunday,Uptown,In Store,,Debit Card,,Latte,Beverage,4.51,1,4.51,8.63,2
ORD-000369,2025-09-28 19:30:46,Sunday,Riverside,Mobile,,Debit Card,CUST-3493,Avocado Toast,Food,8.17,1,8.17,26.8,3
ORD-000369,2025-09-28 19:30:46,Sunday,Riverside,Mobile,,Debit Card,CUST-3493,Scone,Pastry,3.57,1,3.57,26.8,3
ORD-000369,2025-09-28 19:30:46,Sunday,Riverside,Mobile,,Debit Card,CUST-3493,Matcha Latte,Beverage,5.02,3,15.06,26.8,3
ORD-001467,2025-09-29 06:11:56,Monday,Downtown,In Store,,Debit Card,,Cinnamon Roll,Pastry,4.04,1,4.04,4.04,1
ORD-002837,2025-09-29 07:30:38,Monday,Downtown,In Store,,Cash,,Caesar Salad,Food,8.59,2,17.18,17.18,1
ORD-002231,2025-09-29 08:05:13,Monday,Downtown,In Store,,Cash,,Protein Box,Snack,6.82,2,13.64,40.29,5
ORD-002231,2025-09-29 08:05:13,Monday,Downtown,In Store,,Cash,,Caesar Salad,Food,8.75,1,8.75,40.29,5
ORD-002231,2025-09-29 08:05:13,Monday,Downtown,In Store,,Cash,,Avocado Toast,Food,8.16,1,8.16,40.29,5
ORD-002231,2025-09-29 08:05:13,Monday,Downtown,In Store,,Cash,,Blueberry Muffin,Pastry,3.61,2,7.22,40.29,5
ORD-002231,2025-09-29 08:05:13,Monday,Downtown,In Store,,Cash,,Espresso Shot,Beverage,2.52,1,2.52,40.29,5
ORD-002651,2025-09-29 09:36:25,Monday,Downtown,Delivery,DoorDash,Debit Card,,Matcha Latte,Beverage,5.39,1,5.39,13.87,2
ORD-002651,2025-09-29 09:36:25,Monday,Downtown,Delivery,DoorDash,Debit Card,,Turkey & Swiss Sandwich,Food,8.48,1,8.48,13.87,2
ORD-000845,2025-09-29 11:43:19,Monday,Uptown,Delivery,Grubhub,Mobile Wallet,CUST-1640,Blueberry Muffin,Pastry,3.64,1,3.64,3.64,1
ORD-002897,2025-09-29 13:05:32,Monday,Downtown,In Store,,Debit Card,CUST-1090,Bagel w/ Cream Cheese,Pastry,3.94,1,3.94,36.74,5
ORD-002897,2025-09-29 13:05:32,Monday,Downtown,In Store,,Debit Card,CUST-1090,Veggie Wrap,Food,7.62,2,15.24,36.74,5
ORD-002897,2025-09-29 13:05:32,Monday,Downtown,In Store,,Debit Card,CUST-1090,Matcha Latte,Beverage,4.91,2,9.82,36.74,5
ORD-002897,2025-09-29 13:05:32,Monday,Downtown,In Store,,Debit Card,CUST-1090,Drip Coffee,Beverage,2.78,1,2.78,36.74,5
ORD-002897,2025-09-29 13:05:32,Monday,Downtown,In Store,,Debit Card,CUST-1090,Bag of Chips,Snack,2.48,2,4.96,36.74,5
ORD-001351,2025-09-29 17:35:45,Monday,Riverside,In Store,,Credit Card,,Breakfast Burrito,Food,7.58,1,7.58,20.74,3
ORD-001351,2025-09-29 17:35:45,Monday,Riverside,In Store,,Credit Card,,Cold Brew,Beverage,4.84,1,4.84,20.74,3
ORD-001351,2025-09-29 17:35:45,Monday,Riverside,In Store,,Credit Card,,Caesar Salad,Food,8.32,1,8.32,20.74,3
ORD-002606,2025-09-30 06:38:34,Tuesday,Uptown,In Store,,Cash,,Chocolate Chip Cookie,Pastry,2.3,1,2.3,2.3,1
ORD-000704,2025-09-30 07:14:56,Tuesday,Campus,Mobile,,Debit Card,CUST-2609,Granola & Yogurt Cup,Snack,5.22,2,10.44,10.44,1
ORD-001147,2025-09-30 08:30:25,Tuesday,Downtown,In Store,,Mobile Wallet,CUST-1740,Bagel w/ Cream Cheese,Pastry,3.77,1,3.77,21.26,4
ORD-001147,2025-09-30 08:30:25,Tuesday,Downtown,In Store,,Mobile Wallet,CUST-1740,Matcha Latte,Beverage,4.99,2,9.98,21.26,4
ORD-001147,2025-09-30 08:30:25,Tuesday,Downtown,In Store,,Mobile Wallet,CUST-1740,Iced Tea,Beverage,3.4,1,3.4,21.26,4
ORD-001147,2025-09-30 08:30:25,Tuesday,Downtown,In Store,,Mobile Wallet,CUST-1740,Cinnamon Roll,Pastry,4.11,1,4.11,21.26,4
ORD-001700,2025-09-30 09:11:15,Tuesday,Riverside,Mobile,,Credit Card,CUST-1870,Drip Coffee,Beverage,2.71,1,2.71,2.71,1
ORD-002381,2025-09-30 11:50:40,Tuesday,Downtown,In Store,,Debit Card,,Mocha,Beverage,5.18,1,5.18,8.4,2
ORD-002381,2025-09-30 11:50:40,Tuesday,Downtown,In Store,,Debit Card,,Drip Coffee,Beverage,3.22,1,3.22,8.4,2
ORD-000297,2025-09-30 12:07:05,Tuesday,Uptown,In Store,,Cash,,Scone,Pastry,3.51,2,7.02,17.75,3
ORD-000297,2025-09-30 12:07:05,Tuesday,Uptown,In Store,,Cash,,Veggie Wrap,Food,8.16,1,8.16,17.75,3
ORD-000297,2025-09-30 12:07:05,Tuesday,Uptown,In Store,,Cash,,Chocolate Chip Cookie,Pastry,2.57,1,2.57,17.75,3
ORD-002367,2025-09-30 12:13:37,Tuesday,Campus,In Store,,Credit Card,,Cold Brew,Beverage,4.99,1,4.99,4.99,1
ORD-001068,2025-09-30 13:13:28,Tuesday,Campus,In Store,,Debit Card,CUST-3483,Granola & Yogurt Cup,Snack,5.33,1,5.33,5.33,1
ORD-002928,2025-09-30 13:25:48,Tuesday,Downtown,Delivery,DoorDash,Debit Card,CUST-4739,Veggie Wrap,Food,7.53,1,7.53,7.53,1
ORD-000447,2025-09-30 14:44:48,Tuesday,Campus,Mobile,,Debit Card,CUST-4752,Bag of Chips,Snack,1.76,1,1.76,1.76,1
ORD-001870,2025-09-30 15:36:05,Tuesday,Downtown,In Store,,Cash,,Cappuccino,Beverage,4.53,1,4.53,28.44,5
ORD-001870,2025-09-30 15:36:05,Tuesday,Downtown,In Store,,Cash,,Mocha,Beverage,5.33,1,5.33,28.44,5
ORD-001870,2025-09-30 15:36:05,Tuesday,Downtown,In Store,,Cash,,Blueberry Muffin,Pastry,3.28,1,3.28,28.44,5
ORD-001870,2025-09-30 15:36:05,Tuesday,Downtown,In Store,,Cash,,Matcha Latte,Beverage,4.83,2,9.66,28.44,5
ORD-001870,2025-09-30 15:36:05,Tuesday,Downtown,In Store,,Cash,,Bag of Chips,Snack,1.88,3,5.64,28.44,5
ORD-001131,2025-09-30 15:46:59,Tuesday,Riverside,In Store,,Mobile Wallet,CUST-3357,Avocado Toast,Food,8.22,1,8.22,8.22,1
ORD-001426,2025-09-30 18:36:46,Tuesday,Downtown,In Store,,Mobile Wallet,CUST-4256,Hot Chocolate,Beverage,4.21,3,12.63,31.89,3
ORD-001426,2025-09-30 18:36:46,Tuesday,Downtown,In Store,,Mobile Wallet,CUST-4256,Bag of Chips,Snack,1.94,1,1.94,31.89,3
ORD-001426,2025-09-30 18:36:46,Tuesday,Downtown,In Store,,Mobile Wallet,CUST-4256,Turkey & Swiss Sandwich,Food,8.66,2,17.32,31.89,3
ORD-000918,2025-10-01 06:46:10,Wednesday,Riverside,Mobile,,Debit Card,CUST-1157,Americano,Beverage,3.0,1,3.0,3.0,1
ORD-000048,2025-10-01 08:02:03,Wednesday,Uptown,In Store,,Mobile Wallet,CUST-1050,Bagel w/ Cream Cheese,Pastry,4.22,1,4.22,8.62,2
ORD-000048,2025-10-01 08:02:03,Wednesday,Uptown,In Store,,Mobile Wallet,CUST-1050,Cinnamon Roll,Pastry,4.4,1,4.4,8.62,2
ORD-002966,2025-10-01 08:18:48,Wednesday,Riverside,Mobile,,Mobile Wallet,CUST-3631,Americano,Beverage,3.5,1,3.5,12.53,3
ORD-002966,2025-10-01 08:18:48,Wednesday,Riverside,Mobile,,Mobile Wallet,CUST-3631,Bag of Chips,Snack,1.99,1,1.99,12.53,3
ORD-002966,2025-10-01 08:18:48,Wednesday,Riverside,Mobile,,Mobile Wallet,CUST-3631,Protein Box,Snack,7.04,1,7.04,12.53,3
ORD-002692,2025-10-01 11:53:32,Wednesday,Uptown,Mobile,,Credit Card,CUST-4105,Cinnamon Roll,Pastry,4.03,1,4.03,16.49,3
ORD-002692,2025-10-01 11:53:32,Wednesday,Uptown,Mobile,,Credit Card,CUST-4105,Hot Chocolate,Beverage,3.94,1,3.94,16.49,3
ORD-002692,2025-10-01 11:53:32,Wednesday,Uptown,Mobile,,Credit Card,CUST-4105,Caesar Salad,Food,8.52,1,8.52,16.49,3
ORD-001563,2025-10-01 12:09:25,Wednesday,Riverside,In Store,,Cash,,Chocolate Chip Cookie,Pastry,2.43,1,2.43,8.83,2
ORD-001563,2025-10-01 12:09:25,Wednesday,Riverside,In Store,,Cash,,Grilled Cheese,Food,6.4,1,6.4,8.83,2
ORD-002022,2025-10-01 13:28:00,Wednesday,Riverside,In Store,,Debit Card,,Chai Latte,Beverage,4.43,1,4.43,4.43,1
ORD-001709,2025-10-01 15:18:21,Wednesday,Campus,In Store,,Debit Card,,Protein Box,Snack,6.92,1,6.92,11.77,2
ORD-001709,2025-10-01 15:18:21,Wednesday,Campus,In Store,,Debit Card,,Granola & Yogurt Cup,Snack,4.85,1,4.85,11.77,2
ORD-001775,2025-10-02 07:01:48,Thursday,Riverside,Mobile,,Debit Card,CUST-4275,Granola & Yogurt Cup,Snack,4.83,1,4.83,4.83,1
ORD-001389,2025-10-02 08:05:36,Thursday,Campus,In Store,,Cash,CUST-4753,Drip Coffee,Beverage,2.52,2,5.04,5.04,1
ORD-001734,2025-10-02 08:12:16,Thursday,Downtown,In Store,,Debit Card,,Espresso Shot,Beverage,2.52,1,2.52,10.96,2
ORD-001734,2025-10-02 08:12:16,Thursday,Downtown,In Store,,Debit Card,,Turkey & Swiss Sandwich,Food,8.44,1,8.44,10.96,2
ORD-000465,2025-10-02 08:16:03,Thursday,Campus,In Store,,Credit Card,,Matcha Latte,Beverage,5.15,1,5.15,26.7,5
ORD-000465,2025-10-02 08:16:03,Thursday,Campus,In Store,,Credit Card,,Iced Tea,Beverage,3.35,1,3.35,26.7,5
ORD-000465,2025-10-02 08:16:03,Thursday,Campus,In Store,,Credit Card,,Americano,Beverage,3.49,1,3.49,26.7,5
ORD-000465,2025-10-02 08:16:03,Thursday,Campus,In Store,,Credit Card,,Avocado Toast,Food,7.86,1,7.86,26.7,5
ORD-000465,2025-10-02 08:16:03,Thursday,Campus,In Store,,Credit Card,,Grilled Cheese,Food,6.85,1,6.85,26.7,5
ORD-001813,2025-10-02 08:44:37,Thursday,Campus,Mobile,,Mobile Wallet,CUST-1218,Iced Tea,Beverage,3.3,1,3.3,15.88,3
ORD-001813,2025-10-02 08:44:37,Thursday,Campus,Mobile,,Mobile Wallet,CUST-1218,Bagel w/ Cream Cheese,Pastry,3.96,1,3.96,15.88,3
ORD-001813,2025-10-02 08:44:37,Thursday,Campus,Mobile,,Mobile Wallet,CUST-1218,Caesar Salad,Food,8.62,1,8.62,15.88,3
ORD-000865,2025-10-02 11:54:38,Thursday,Downtown,Mobile,,Debit Card,CUST-2950,Matcha Latte,Beverage,5.15,1,5.15,13.4,2
ORD-000865,2025-10-02 11:54:38,Thursday,Downtown,Mobile,,Debit Card,CUST-2950,Espresso Shot,Beverage,2.75,3,8.25,13.4,2
ORD-000373,2025-10-02 17:29:50,Thursday,Downtown,Mobile,,Mobile Wallet,CUST-2226,Iced Tea,Beverage,3.0,1,3.0,11.01,2
ORD-000373,2025-10-02 17:29:50,Thursday,Downtown,Mobile,,Mobile Wallet,CUST-2226,Caesar Salad,Food,8.01,1,8.01,11.01,2
ORD-002878,2025-10-03 07:22:54,Friday,Riverside,In Store,,Cash,CUST-3740,Chocolate Chip Cookie,Pastry,2.56,2,5.12,9.28,2
ORD-002878,2025-10-03 07:22:54,Friday,Riverside,In Store,,Cash,CUST-3740,Fruit Cup,Snack,4.16,1,4.16,9.28,2
ORD-002428,2025-10-03 07:27:55,Friday,Riverside,In Store,,Cash,,Protein Box,Snack,6.79,1,6.79,6.79,1
ORD-000500,2025-10-03 08:19:49,Friday,Campus,In Store,,Mobile Wallet,CUST-1680,Granola & Yogurt Cup,Snack,5.34,1,5.34,19.63,4
ORD-000500,2025-10-03 08:19:49,Friday,Campus,In Store,,Mobile Wallet,CUST-1680,Grilled Cheese,Food,6.4,1,6.4,19.63,4
ORD-000500,2025-10-03 08:19:49,Friday,Campus,In Store,,Mobile Wallet,CUST-1680,Cinnamon Roll,Pastry,4.38,1,4.38,19.63,4
ORD-000500,2025-10-03 08:19:49,Friday,Campus,In Store,,Mobile Wallet,CUST-1680,Bagel w/ Cream Cheese,Pastry,3.51,1,3.51,19.63,4
ORD-000610,2025-10-03 08:52:44,Friday,Campus,In Store,,Cash,,Grilled Cheese,Food,6.34,1,6.34,8.81,2
ORD-000610,2025-10-03 08:52:44,Friday,Campus,In Store,,Cash,,Bag of Chips,Snack,2.47,1,2.47,8.81,2
ORD-002559,2025-10-03 10:16:31,Friday,Downtown,Delivery,Grubhub,Mobile Wallet,,Croissant,Pastry,3.53,1,3.53,11.62,2
ORD-002559,2025-10-03 10:16:31,Friday,Downtown,Delivery,Grubhub,Mobile Wallet,,Caesar Salad,Food,8.09,1,8.09,11.62,2
ORD-001529,2025-10-03 11:00:23,Friday,Uptown,In Store,,Debit Card,CUST-4737,Fruit Cup,Snack,3.88,1,3.88,8.74,2
ORD-001529,2025-10-03 11:00:23,Friday,Uptown,In Store,,Debit Card,CUST-4737,Matcha Latte,Beverage,4.86,1,4.86,8.74,2
ORD-001825,2025-10-03 11:40:17,Friday,Downtown,Delivery,Grubhub,Mobile Wallet,,Americano,Beverage,3.71,1,3.71,22.3,4
ORD-001825,2025-10-03 11:40:17,Friday,Downtown,Delivery,Grubhub,Mobile Wallet,,Cinnamon Roll,Pastry,4.06,2,8.12,22.3,4
ORD-001825,2025-10-03 11:40:17,Friday,Downtown,Delivery,Grubhub,Mobile Wallet,,Bagel w/ Cream Cheese,Pastry,3.55,1,3.55,22.3,4
ORD-001825,2025-10-03 11:40:17,Friday,Downtown,Delivery,Grubhub,Mobile Wallet,,Grilled Cheese,Food,6.92,1,6.92,22.3,4
ORD-000035,2025-10-03 14:34:51,Friday,Uptown,Mobile,,Debit Card,CUST-1898,Bagel w/ Cream Cheese,Pastry,3.75,1,3.75,3.75,1
ORD-002043,2025-10-03 15:45:08,Friday,Uptown,In Store,,Credit Card,,Chocolate Chip Cookie,Pastry,2.59,1,2.59,2.59,1
ORD-002122,2025-10-03 16:04:23,Friday,Campus,Mobile,,Mobile Wallet,CUST-4212,Chai Latte,Beverage,4.64,3,13.92,44.8,4
ORD-002122,2025-10-03 16:04:23,Friday,Campus,Mobile,,Mobile Wallet,CUST-4212,Cinnamon Roll,Pastry,3.97,1,3.97,44.8,4
ORD-002122,2025-10-03 16:04:23,Friday,Campus,Mobile,,Mobile Wallet,CUST-4212,Veggie Wrap,Food,7.76,3,23.28,44.8,4
ORD-002122,2025-10-03 16:04:23,Friday,Campus,Mobile,,Mobile Wallet,CUST-4212,Blueberry Muffin,Pastry,3.63,1,3.63,44.8,4
ORD-002648,2025-10-03 16:28:35,Friday,Campus,Delivery,DoorDash,Debit Card,,Protein Box,Snack,7.11,1,7.11,11.34,2
ORD-002648,2025-10-03 16:28:35,Friday,Campus,Delivery,DoorDash,Debit Card,,Bagel w/ Cream Cheese,Pastry,4.23,1,4.23,11.34,2
ORD-000438,2025-10-03 16:43:42,Friday,Campus,Delivery,Uber Eats,Credit Card,CUST-3478,Latte,Beverage,4.36,1,4.36,20.92,2
ORD-000438,2025-10-03 16:43:42,Friday,Campus,Delivery,Uber Eats,Credit Card,CUST-3478,Caesar Salad,Food,8.28,2,16.56,20.92,2
ORD-000901,2025-10-03 17:50:07,Friday,Riverside,Mobile,,Debit Card,CUST-1441,Cold Brew,Beverage,4.63,1,4.63,4.63,1
ORD-000772,2025-10-04 06:46:01,Saturday,Downtown,Mobile,,Mobile Wallet,CUST-2365,Turkey & Swiss Sandwich,Food,8.99,1,8.99,29.17,4
ORD-000772,2025-10-04 06:46:01,Saturday,Downtown,Mobile,,Mobile Wallet,CUST-2365,Fruit Cup,Snack,3.86,1,3.86,29.17,4
ORD-000772,2025-10-04 06:46:01,Saturday,Downtown,Mobile,,Mobile Wallet,CUST-2365,Cappuccino,Beverage,4.3,2,8.6,29.17,4
ORD-000772,2025-10-04 06:46:01,Saturday,Downtown,Mobile,,Mobile Wallet,CUST-2365,Veggie Wrap,Food,7.72,1,7.72,29.17,4
ORD-001533,2025-10-04 07:40:57,Saturday,Downtown,Mobile,,Debit Card,CUST-1652,Cold Brew,Beverage,5.15,1,5.15,8.61,2
ORD-001533,2025-10-04 07:40:57,Saturday,Downtown,Mobile,,Debit Card,CUST-1652,Scone,Pastry,3.46,1,3.46,8.61,2
ORD-001387,2025-10-04 08:38:58,Saturday,Downtown,Mobile,,Debit Card,CUST-1058,Avocado Toast,Food,7.77,1,7.77,23.48,4
ORD-001387,2025-10-04 08:38:58,Saturday,Downtown,Mobile,,Debit Card,CUST-1058,Scone,Pastry,3.84,1,3.84,23.48,4
ORD-001387,2025-10-04 08:38:58,Saturday,Downtown,Mobile,,Debit Card,CUST-1058,Fruit Cup,Snack,3.9,2,7.8,23.48,4
ORD-001387,2025-10-04 08:38:58,Saturday,Downtown,Mobile,,Debit Card,CUST-1058,Hot Chocolate,Beverage,4.07,1,4.07,23.48,4
ORD-000161,2025-10-04 10:48:47,Saturday,Downtown,In Store,,Debit Card,CUST-2790,Cappuccino,Beverage,4.58,1,4.58,4.58,1
ORD-002200,2025-10-04 11:35:56,Saturday,Riverside,In Store,,Credit Card,,Caesar Salad,Food,8.26,1,8.26,17.74,2
ORD-002200,2025-10-04 11:35:56,Saturday,Riverside,In Store,,Credit Card,,Iced Tea,Beverage,3.16,3,9.48,17.74,2
ORD-000415,2025-10-04 12:29:49,Saturday,Uptown,Mobile,,Debit Card,CUST-1217,Protein Box,Snack,7.33,1,7.33,7.33,1
ORD-000408,2025-10-04 13:31:34,Saturday,Campus,Delivery,DoorDash,Credit Card,CUST-2383,Latte,Beverage,4.74,1,4.74,15.25,3
ORD-000408,2025-10-04 13:31:34,Saturday,Campus,Delivery,DoorDash,Credit Card,CUST-2383,Blueberry Muffin,Pastry,3.71,1,3.71,15.25,3
ORD-000408,2025-10-04 13:31:34,Saturday,Campus,Delivery,DoorDash,Credit Card,CUST-2383,Americano,Beverage,3.4,2,6.8,15.25,3
ORD-000276,2025-10-04 14:01:58,Saturday,Riverside,In Store,,Mobile Wallet,,Veggie Wrap,Food,7.89,1,7.89,7.89,1
ORD-001179,2025-10-04 16:06:05,Saturday,Uptown,In Store,,Cash,,Americano,Beverage,3.51,1,3.51,22.89,3
ORD-001179,2025-10-04 16:06:05,Saturday,Uptown,In Store,,Cash,,Matcha Latte,Beverage,5.35,2,10.7,22.89,3
ORD-001179,2025-10-04 16:06:05,Saturday,Uptown,In Store,,Cash,,Turkey & Swiss Sandwich,Food,8.68,1,8.68,22.89,3
ORD-000098,2025-10-04 16:56:33,Saturday,Riverside,In Store,,Credit Card,,Cold Brew,Beverage,5.08,2,10.16,10.16,1
ORD-000063,2025-10-05 07:04:15,Sunday,Riverside,Mobile,,Credit Card,CUST-4058,Americano,Beverage,3.53,1,3.53,3.53,1
ORD-000034,2025-10-05 11:03:13,Sunday,Campus,Mobile,,Mobile Wallet,CUST-4875,Blueberry Muffin,Pastry,3.63,2,7.26,19.66,3
ORD-000034,2025-10-05 11:03:13,Sunday,Campus,Mobile,,Mobile Wallet,CUST-4875,Fruit Cup,Snack,4.41,1,4.41,19.66,3
ORD-000034,2025-10-05 11:03:13,Sunday,Campus,Mobile,,Mobile Wallet,CUST-4875,Avocado Toast,Food,7.99,1,7.99,19.66,3
ORD-000940,2025-10-05 12:12:44,Sunday,Downtown,In Store,,Credit Card,CUST-2316,Chai Latte,Beverage,4.69,1,4.69,12.89,3
ORD-000940,2025-10-05 12:12:44,Sunday,Downtown,In Store,,Credit Card,CUST-2316,Cold Brew,Beverage,4.88,1,4.88,12.89,3
ORD-000940,2025-10-05 12:12:44,Sunday,Downtown,In Store,,Credit Card,CUST-2316,Blueberry Muffin,Pastry,3.32,1,3.32,12.89,3
ORD-000426,2025-10-05 12:13:50,Sunday,Riverside,Mobile,,Mobile Wallet,CUST-4818,Caesar Salad,Food,8.04,1,8.04,8.04,1
ORD-002583,2025-10-05 12:27:21,Sunday,Downtown,Mobile,,Mobile Wallet,CUST-4918,Cappuccino,Beverage,4.52,1,4.52,23.84,4
ORD-002583,2025-10-05 12:27:21,Sunday,Downtown,Mobile,,Mobile Wallet,CUST-4918,Avocado Toast,Food,7.81,1,7.81,23.84,4
ORD-002583,2025-10-05 12:27:21,Sunday,Downtown,Mobile,,Mobile Wallet,CUST-4918,Latte,Beverage,4.7,1,4.7,23.84,4
ORD-002583,2025-10-05 12:27:21,Sunday,Downtown,Mobile,,Mobile Wallet,CUST-4918,Grilled Cheese,Food,6.81,1,6.81,23.84,4
ORD-001242,2025-10-05 12:35:19,Sunday,Riverside,Delivery,Uber Eats,Credit Card,,Blueberry Muffin,Pastry,3.7,2,7.4,26.76,3
ORD-001242,2025-10-05 12:35:19,Sunday,Riverside,Delivery,Uber Eats,Credit Card,,Hot Chocolate,Beverage,3.54,1,3.54,26.76,3
ORD-001242,2025-10-05 12:35:19,Sunday,Riverside,Delivery,Uber Eats,Credit Card,,Veggie Wrap,Food,7.91,2,15.82,26.76,3
ORD-001687,2025-10-05 12:43:17,Sunday,Downtown,Delivery,DoorDash,Debit Card,,Chocolate Chip Cookie,Pastry,2.63,1,2.63,2.63,1
ORD-000354,2025-10-05 13:12:55,Sunday,Uptown,In Store,,Mobile Wallet,,Veggie Wrap,Food,7.64,1,7.64,41.06,5
ORD-000354,2025-10-05 13:12:55,Sunday,Uptown,In Store,,Mobile Wallet,,Cold Brew,Beverage,4.74,1,4.74,41.06,5
ORD-000354,2025-10-05 13:12:55,Sunday,Uptown,In Store,,Mobile Wallet,,Avocado Toast,Food,7.81,2,15.62,41.06,5
ORD-000354,2025-10-05 13:12:55,Sunday,Uptown,In Store,,Mobile Wallet,,Iced Tea,Beverage,3.47,3,10.41,41.06,5
ORD-000354,2025-10-05 13:12:55,Sunday,Uptown,In Store,,Mobile Wallet,,Espresso Shot,Beverage,2.65,1,2.65,41.06,5
ORD-002593,2025-10-05 13:41:50,Sunday,Riverside,Mobile,,Mobile Wallet,CUST-1277,Avocado Toast,Food,7.85,1,7.85,7.85,1
ORD-001234,2025-10-05 18:50:49,Sunday,Campus,In Store,,Cash,CUST-2439,Grilled Cheese,Food,6.71,3,20.13,41.64,4
ORD-001234,2025-10-05 18:50:49,Sunday,Campus,In Store,,Cash,CUST-2439,Latte,Beverage,4.86,1,4.86,41.64,4
ORD-001234,2025-10-05 18:50:49,Sunday,Campus,In Store,,Cash,CUST-2439,Fruit Cup,Snack,4.36,2,8.72,41.64,4
ORD-001234,2025-10-05 18:50:49,Sunday,Campus,In Store,,Cash,CUST-2439,Veggie Wrap,Food,7.93,1,7.93,41.64,4
ORD-002312,2025-10-06 07:16:12,Monday,Uptown,Delivery,Grubhub,Mobile Wallet,,Cold Brew,Beverage,4.5,1,4.5,21.15,4
ORD-002312,2025-10-06 07:16:12,Monday,Uptown,Delivery,Grubhub,Mobile Wallet,,Chocolate Chip Cookie,Pastry,2.75,2,5.5,21.15,4
ORD-002312,2025-10-06 07:16:12,Monday,Uptown,Delivery,Grubhub,Mobile Wallet,,Grilled Cheese,Food,6.29,1,6.29,21.15,4
ORD-002312,2025-10-06 07:16:12,Monday,Uptown,Delivery,Grubhub,Mobile Wallet,,Mocha,Beverage,4.86,1,4.86,21.15,4
ORD-002844,2025-10-06 09:25:15,Monday,Uptown,Delivery,Grubhub,Mobile Wallet,CUST-4036,Turkey & Swiss Sandwich,Food,8.76,1,8.76,16.49,3
ORD-002844,2025-10-06 09:25:15,Monday,Uptown,Delivery,Grubhub,Mobile Wallet,CUST-4036,Bagel w/ Cream Cheese,Pastry,3.86,1,3.86,16.49,3
ORD-002844,2025-10-06 09:25:15,Monday,Uptown,Delivery,Grubhub,Mobile Wallet,CUST-4036,Scone,Pastry,3.87,1,3.87,16.49,3
ORD-001677,2025-10-06 10:05:20,Monday,Downtown,Mobile,,Mobile Wallet,CUST-4619,Bagel w/ Cream Cheese,Pastry,4.16,1,4.16,4.16,1
ORD-002683,2025-10-06 10:32:47,Monday,Riverside,In Store,,Credit Card,,Latte,Beverage,4.53,1,4.53,4.53,1
ORD-002902,2025-10-06 12:06:58,Monday,Uptown,In Store,,Cash,,Bagel w/ Cream Cheese,Pastry,4.01,1,4.01,20.59,2
ORD-002902,2025-10-06 12:06:58,Monday,Uptown,In Store,,Cash,,Avocado Toast,Food,8.29,2,16.58,20.59,2
ORD-002124,2025-10-06 12:22:34,Monday,Campus,In Store,,Cash,CUST-4477,Cold Brew,Beverage,4.7,1,4.7,9.58,2
ORD-002124,2025-10-06 12:22:34,Monday,Campus,In Store,,Cash,CUST-4477,Chai Latte,Beverage,4.88,1,4.88,9.58,2
ORD-002299,2025-10-06 12:28:33,Monday,Downtown,In Store,,Credit Card,,Cinnamon Roll,Pastry,4.31,1,4.31,4.31,1
ORD-001696,2025-10-06 15:11:36,Monday,Downtown,Delivery,Grubhub,Debit Card,,Latte,Beverage,4.92,1,4.92,11.77,2
ORD-001696,2025-10-06 15:11:36,Monday,Downtown,Delivery,Grubhub,Debit Card,,Grilled Cheese,Food,6.85,1,6.85,11.77,2
ORD-002605,2025-10-06 16:04:20,Monday,Riverside,In Store,,Mobile Wallet,,Croissant,Pastry,3.56,1,3.56,3.56,1
ORD-000023,2025-10-07 07:23:37,Tuesday,Campus,In Store,,Credit Card,CUST-2493,Protein Box,Snack,7.2,1,7.2,25.22,4
ORD-000023,2025-10-07 07:23:37,Tuesday,Campus,In Store,,Credit Card,CUST-2493,Latte,Beverage,4.67,1,4.67,25.22,4
ORD-000023,2025-10-07 07:23:37,Tuesday,Campus,In Store,,Credit Card,CUST-2493,Mocha,Beverage,5.39,1,5.39,25.22,4
ORD-000023,2025-10-07 07:23:37,Tuesday,Campus,In Store,,Credit Card,CUST-2493,Croissant,Pastry,3.98,2,7.96,25.22,4
ORD-001625,2025-10-07 07:59:36,Tuesday,Campus,Mobile,,Mobile Wallet,CUST-4211,Scone,Pastry,3.17,2,6.34,16.55,3
ORD-001625,2025-10-07 07:59:36,Tuesday,Campus,Mobile,,Mobile Wallet,CUST-4211,Fruit Cup,Snack,3.71,2,7.42,16.55,3
ORD-001625,2025-10-07 07:59:36,Tuesday,Campus,Mobile,,Mobile Wallet,CUST-4211,Espresso Shot,Beverage,2.79,1,2.79,16.55,3
ORD-001963,2025-10-07 09:04:11,Tuesday,Campus,In Store,,Mobile Wallet,CUST-4784,Protein Box,Snack,6.92,1,6.92,13.3,2
ORD-001963,2025-10-07 09:04:11,Tuesday,Campus,In Store,,Mobile Wallet,CUST-4784,Grilled Cheese,Food,6.38,1,6.38,13.3,2
ORD-001929,2025-10-07 12:33:25,Tuesday,Riverside,In Store,,Cash,,Chai Latte,Beverage,4.54,1,4.54,11.25,3
ORD-001929,2025-10-07 12:33:25,Tuesday,Riverside,In Store,,Cash,,Bag of Chips,Snack,2.21,1,2.21,11.25,3
ORD-001929,2025-10-07 12:33:25,Tuesday,Riverside,In Store,,Cash,,Latte,Beverage,4.5,1,4.5,11.25,3
ORD-002140,2025-10-07 13:45:04,Tuesday,Campus,In Store,,Debit Card,,Americano,Beverage,3.08,2,6.16,6.16,1
ORD-001375,2025-10-07 14:39:22,Tuesday,Riverside,In Store,,Debit Card,CUST-3393,Caesar Salad,Food,8.3,1,8.3,19.33,3
ORD-001375,2025-10-07 14:39:22,Tuesday,Riverside,In Store,,Debit Card,CUST-3393,Bag of Chips,Snack,2.0,3,6.0,19.33,3
ORD-001375,2025-10-07 14:39:22,Tuesday,Riverside,In Store,,Debit Card,CUST-3393,Cold Brew,Beverage,5.03,1,5.03,19.33,3
ORD-001034,2025-10-07 18:01:32,Tuesday,Riverside,Mobile,,Mobile Wallet,CUST-3716,Avocado Toast,Food,8.2,1,8.2,8.2,1
ORD-002753,2025-10-08 06:44:55,Wednesday,Campus,Delivery,Grubhub,Debit Card,CUST-2295,Drip Coffee,Beverage,2.78,1,2.78,2.78,1
ORD-001017,2025-10-08 12:58:13,Wednesday,Downtown,In Store,,Credit Card,,Bagel w/ Cream Cheese,Pastry,3.66,1,3.66,3.66,1
ORD-002127,2025-10-08 15:04:02,Wednesday,Downtown,In Store,,Cash,,Cinnamon Roll,Pastry,4.36,1,4.36,4.36,1
ORD-002105,2025-10-08 17:43:30,Wednesday,Uptown,Delivery,Uber Eats,Credit Card,,Bagel w/ Cream Cheese,Pastry,4.11,1,4.11,6.97,2
ORD-002105,2025-10-08 17:43:30,Wednesday,Uptown,Delivery,Uber Eats,Credit Card,,Iced Tea,Beverage,2.86,1,2.86,6.97,2
ORD-002721,2025-10-08 18:24:12,Wednesday,Riverside,Mobile,,Debit Card,CUST-4124,Chai Latte,Beverage,4.86,1,4.86,4.86,1
ORD-000596,2025-10-08 19:29:10,Wednesday,Downtown,Delivery,Grubhub,Debit Card,,Cold Brew,Beverage,4.99,1,4.99,4.99,1
ORD-001478,2025-10-09 06:56:17,Thursday,Campus,In Store,,Debit Card,,Chocolate Chip Cookie,Pastry,2.9,1,2.9,2.9,1
ORD-000946,2025-10-09 09:12:31,Thursday,Campus,Mobile,,Debit Card,CUST-2782,Bagel w/ Cream Cheese,Pastry,4.03,3,12.09,29.4,4
ORD-000946,2025-10-09 09:12:31,Thursday,Campus,Mobile,,Debit Card,CUST-2782,Cold Brew,Beverage,4.58,1,4.58,29.4,4
ORD-000946,2025-10-09 09:12:31,Thursday,Campus,Mobile,,Debit Card,CUST-2782,Caesar Salad,Food,8.11,1,8.11,29.4,4
ORD-000946,2025-10-09 09:12:31,Thursday,Campus,Mobile,,Debit Card,CUST-2782,Latte,Beverage,4.62,1,4.62,29.4,4
ORD-001482,2025-10-09 09:44:38,Thursday,Uptown,In Store,,Credit Card,,Fruit Cup,Snack,4.11,1,4.11,4.11,1
ORD-002962,2025-10-09 11:39:26,Thursday,Uptown,Mobile,,Credit Card,CUST-3478,Caesar Salad,Food,8.11,2,16.22,30.18,4
ORD-002962,2025-10-09 11:39:26,Thursday,Uptown,Mobile,,Credit Card,CUST-3478,Drip Coffee,Beverage,2.9,2,5.8,30.18,4
ORD-002962,2025-10-09 11:39:26,Thursday,Uptown,Mobile,,Credit Card,CUST-3478,Scone,Pastry,3.56,1,3.56,30.18,4
ORD-002962,2025-10-09 11:39:26,Thursday,Uptown,Mobile,,Credit Card,CUST-3478,Chai Latte,Beverage,4.6,1,4.6,30.18,4
ORD-000389,2025-10-09 19:00:45,Thursday,Riverside,In Store,,Cash,,Grilled Cheese,Food,6.75,1,6.75,21.62,4
ORD-000389,2025-10-09 19:00:45,Thursday,Riverside,In Store,,Cash,,Chocolate Chip Cookie,Pastry,2.54,1,2.54,21.62,4
ORD-000389,2025-10-09 19:00:45,Thursday,Riverside,In Store,,Cash,,Chai Latte,Beverage,4.49,1,4.49,21.62,4
ORD-000389,2025-10-09 19:00:45,Thursday,Riverside,In Store,,Cash,,Avocado Toast,Food,7.84,1,7.84,21.62,4
ORD-000134,2025-10-09 19:10:26,Thursday,Campus,Mobile,,Debit Card,CUST-3664,Hot Chocolate,Beverage,3.98,1,3.98,3.98,1
ORD-002775,2025-10-09 20:09:55,Thursday,Campus,Delivery,DoorDash,Mobile Wallet,,Latte,Beverage,4.31,1,4.31,12.87,3
ORD-002775,2025-10-09 20:09:55,Thursday,Campus,Delivery,DoorDash,Mobile Wallet,,Iced Tea,Beverage,2.8,1,2.8,12.87,3
ORD-002775,2025-10-09 20:09:55,Thursday,Campus,Delivery,DoorDash,Mobile Wallet,,Chocolate Chip Cookie,Pastry,2.88,2,5.76,12.87,3
ORD-000051,2025-10-10 07:00:26,Friday,Campus,In Store,,Debit Card,CUST-2180,Cinnamon Roll,Pastry,4.22,1,4.22,15.86,3
ORD-000051,2025-10-10 07:00:26,Friday,Campus,In Store,,Debit Card,CUST-2180,Cappuccino,Beverage,4.7,1,4.7,15.86,3
ORD-000051,2025-10-10 07:00:26,Friday,Campus,In Store,,Debit Card,CUST-2180,Grilled Cheese,Food,6.94,1,6.94,15.86,3
ORD-002065,2025-10-10 07:30:33,Friday,Uptown,In Store,,Debit Card,,Grilled Cheese,Food,6.58,1,6.58,11.88,2
ORD-002065,2025-10-10 07:30:33,Friday,Uptown,In Store,,Debit Card,,Mocha,Beverage,5.3,1,5.3,11.88,2
ORD-002149,2025-10-10 08:56:41,Friday,Campus,In Store,,Debit Card,,Avocado Toast,Food,7.81,1,7.81,7.81,1
ORD-002368,2025-10-10 08:59:32,Friday,Campus,In Store,,Credit Card,,Bag of Chips,Snack,2.11,1,2.11,6.3,2
ORD-002368,2025-10-10 08:59:32,Friday,Campus,In Store,,Credit Card,,Fruit Cup,Snack,4.19,1,4.19,6.3,2
ORD-001810,2025-10-10 12:14:00,Friday,Uptown,In Store,,Mobile Wallet,,Granola & Yogurt Cup,Snack,5.28,3,15.84,35.58,4
ORD-001810,2025-10-10 12:14:00,Friday,Uptown,In Store,,Mobile Wallet,,Chai Latte,Beverage,4.82,2,9.64,35.58,4
ORD-001810,2025-10-10 12:14:00,Friday,Uptown,In Store,,Mobile Wallet,,Grilled Cheese,Food,6.96,1,6.96,35.58,4
ORD-001810,2025-10-10 12:14:00,Friday,Uptown,In Store,,Mobile Wallet,,Blueberry Muffin,Pastry,3.14,1,3.14,35.58,4
ORD-000969,2025-10-10 12:20:47,Friday,Campus,Mobile,,Credit Card,CUST-3376,Croissant,Pastry,3.92,1,3.92,7.78,2
ORD-000969,2025-10-10 12:20:47,Friday,Campus,Mobile,,Credit Card,CUST-3376,Cinnamon Roll,Pastry,3.86,1,3.86,7.78,2
ORD-001408,2025-10-10 13:03:39,Friday,Riverside,In Store,,Cash,,Fruit Cup,Snack,4.12,1,4.12,24.92,4
ORD-001408,2025-10-10 13:03:39,Friday,Riverside,In Store,,Cash,,Matcha Latte,Beverage,5.04,1,5.04,24.92,4
ORD-001408,2025-10-10 13:03:39,Friday,Riverside,In Store,,Cash,,Turkey & Swiss Sandwich,Food,8.95,1,8.95,24.92,4
ORD-001408,2025-10-10 13:03:39,Friday,Riverside,In Store,,Cash,,Espresso Shot,Beverage,2.27,3,6.81,24.92,4
ORD-000930,2025-10-10 13:44:17,Friday,Uptown,Mobile,,Credit Card,CUST-3719,Latte,Beverage,4.95,2,9.9,21.29,4
ORD-000930,2025-10-10 13:44:17,Friday,Uptown,Mobile,,Credit Card,CUST-3719,Cinnamon Roll,Pastry,4.04,1,4.04,21.29,4
ORD-000930,2025-10-10 13:44:17,Friday,Uptown,Mobile,,Credit Card,CUST-3719,Americano,Beverage,3.13,1,3.13,21.29,4
ORD-000930,2025-10-10 13:44:17,Friday,Uptown,Mobile,,Credit Card,CUST-3719,Fruit Cup,Snack,4.22,1,4.22,21.29,4
ORD-000060,2025-10-10 15:24:29,Friday,Uptown,Delivery,DoorDash,Mobile Wallet,,Fruit Cup,Snack,3.94,1,3.94,3.94,1
ORD-002135,2025-10-10 17:23:45,Friday,Uptown,Mobile,,Debit Card,CUST-2958,Avocado Toast,Food,7.91,1,7.91,17.33,2
ORD-002135,2025-10-10 17:23:45,Friday,Uptown,Mobile,,Debit Card,CUST-2958,Latte,Beverage,4.71,2,9.42,17.33,2
ORD-001591,2025-10-10 18:07:01,Friday,Campus,In Store,,Debit Card,,Espresso Shot,Beverage,2.82,1,2.82,2.82,1
ORD-000076,2025-10-11 08:13:52,Saturday,Riverside,Mobile,,Credit Card,CUST-4230,Matcha Latte,Beverage,4.77,1,4.77,18.73,4
ORD-000076,2025-10-11 08:13:52,Saturday,Riverside,Mobile,,Credit Card,CUST-4230,Espresso Shot,Beverage,2.84,1,2.84,18.73,4
ORD-000076,2025-10-11 08:13:52,Saturday,Riverside,Mobile,,Credit Card,CUST-4230,Turkey & Swiss Sandwich,Food,8.49,1,8.49,18.73,4
ORD-000076,2025-10-11 08:13:52,Saturday,Riverside,Mobile,,Credit Card,CUST-4230,Drip Coffee,Beverage,2.63,1,2.63,18.73,4
ORD-002740,2025-10-11 11:01:52,Saturday,Campus,Delivery,Uber Eats,Mobile Wallet,CUST-3331,Americano,Beverage,3.65,1,3.65,18.88,4
ORD-002740,2025-10-11 11:01:52,Saturday,Campus,Delivery,Uber Eats,Mobile Wallet,CUST-3331,Espresso Shot,Beverage,2.33,1,2.33,18.88,4
ORD-002740,2025-10-11 11:01:52,Saturday,Campus,Delivery,Uber Eats,Mobile Wallet,CUST-3331,Fruit Cup,Snack,3.93,1,3.93,18.88,4
ORD-002740,2025-10-11 11:01:52,Saturday,Campus,Delivery,Uber Eats,Mobile Wallet,CUST-3331,Turkey & Swiss Sandwich,Food,8.97,1,8.97,18.88,4
ORD-001365,2025-10-11 12:03:01,Saturday,Uptown,Mobile,,Debit Card,CUST-3189,Scone,Pastry,3.58,2,7.16,13.91,3
ORD-001365,2025-10-11 12:03:01,Saturday,Uptown,Mobile,,Debit Card,CUST-3189,Croissant,Pastry,3.25,1,3.25,13.91,3
ORD-001365,2025-10-11 12:03:01,Saturday,Uptown,Mobile,,Debit Card,CUST-3189,Americano,Beverage,3.5,1,3.5,13.91,3
ORD-002896,2025-10-11 12:43:48,Saturday,Riverside,Delivery,Grubhub,Credit Card,,Breakfast Burrito,Food,7.09,1,7.09,7.09,1
ORD-002771,2025-10-11 13:14:12,Saturday,Riverside,In Store,,Cash,,Blueberry Muffin,Pastry,3.61,1,3.61,3.61,1
ORD-001125,2025-10-11 13:41:05,Saturday,Campus,In Store,,Mobile Wallet,,Grilled Cheese,Food,6.92,1,6.92,19.23,3
ORD-001125,2025-10-11 13:41:05,Saturday,Campus,In Store,,Mobile Wallet,,Veggie Wrap,Food,7.79,1,7.79,19.23,3
ORD-001125,2025-10-11 13:41:05,Saturday,Campus,In Store,,Mobile Wallet,,Latte,Beverage,4.52,1,4.52,19.23,3
ORD-002825,2025-10-11 15:21:32,Saturday,Riverside,In Store,,Credit Card,,Hot Chocolate,Beverage,3.51,1,3.51,20.23,5
ORD-002825,2025-10-11 15:21:32,Saturday,Riverside,In Store,,Credit Card,,Fruit Cup,Snack,4.26,1,4.26,20.23,5
ORD-002825,2025-10-11 15:21:32,Saturday,Riverside,In Store,,Credit Card,,Chocolate Chip Cookie,Pastry,2.86,2,5.72,20.23,5
ORD-002825,2025-10-11 15:21:32,Saturday,Riverside,In Store,,Credit Card,,Americano,Beverage,3.51,1,3.51,20.23,5
ORD-002825,2025-10-11 15:21:32,Saturday,Riverside,In Store,,Credit Card,,Iced Tea,Beverage,3.23,1,3.23,20.23,5
ORD-002277,2025-10-11 16:32:15,Saturday,Campus,Mobile,,Debit Card,CUST-2006,Chocolate Chip Cookie,Pastry,2.87,1,2.87,15.61,3
ORD-002277,2025-10-11 16:32:15,Saturday,Campus,Mobile,,Debit Card,CUST-2006,Bagel w/ Cream Cheese,Pastry,4.25,2,8.5,15.61,3
ORD-002277,2025-10-11 16:32:15,Saturday,Campus,Mobile,,Debit Card,CUST-2006,Cappuccino,Beverage,4.24,1,4.24,15.61,3
ORD-002333,2025-10-12 07:29:03,Sunday,Uptown,In Store,,Credit Card,,Scone,Pastry,3.65,2,7.3,12.5,2
ORD-002333,2025-10-12 07:29:03,Sunday,Uptown,In Store,,Credit Card,,Cold Brew,Beverage,5.2,1,5.2,12.5,2
ORD-002213,2025-10-12 10:09:45,Sunday,Downtown,In Store,,Mobile Wallet,,Cold Brew,Beverage,5.09,2,10.18,10.18,1
ORD-001938,2025-10-12 12:13:15,Sunday,Riverside,In Store,,Cash,,Bag of Chips,Snack,2.4,1,2.4,5.45,2
ORD-001938,2025-10-12 12:13:15,Sunday,Riverside,In Store,,Cash,,Blueberry Muffin,Pastry,3.05,1,3.05,5.45,2
ORD-002026,2025-10-12 12:41:48,Sunday,Riverside,In Store,,Mobile Wallet,,Fruit Cup,Snack,4.37,1,4.37,12.79,2
ORD-002026,2025-10-12 12:41:48,Sunday,Riverside,In Store,,Mobile Wallet,,Caesar Salad,Food,8.42,1,8.42,12.79,2
ORD-002089,2025-10-12 13:35:01,Sunday,Downtown,In Store,,Cash,,Caesar Salad,Food,8.49,1,8.49,17.67,3
ORD-002089,2025-10-12 13:35:01,Sunday,Downtown,In Store,,Cash,,Fruit Cup,Snack,4.35,1,4.35,17.67,3
ORD-002089,2025-10-12 13:35:01,Sunday,Downtown,In Store,,Cash,,Granola & Yogurt Cup,Snack,4.83,1,4.83,17.67,3
ORD-002092,2025-10-12 14:01:46,Sunday,Riverside,In Store,,Cash,CUST-3724,Bagel w/ Cream Cheese,Pastry,4.07,1,4.07,4.07,1
ORD-001748,2025-10-12 17:13:14,Sunday,Uptown,In Store,,Debit Card,,Cold Brew,Beverage,4.93,1,4.93,4.93,1
ORD-002720,2025-10-12 17:52:26,Sunday,Campus,In Store,,Debit Card,CUST-2782,Mocha,Beverage,5.31,1,5.31,5.31,1
ORD-000899,2025-10-13 07:23:06,Monday,Downtown,In Store,,Cash,CUST-2254,Avocado Toast,Food,8.34,1,8.34,8.34,1
ORD-000506,2025-10-13 09:09:54,Monday,Downtown,Mobile,,Mobile Wallet,CUST-1206,Bag of Chips,Snack,2.37,2,4.74,19.64,4
ORD-000506,2025-10-13 09:09:54,Monday,Downtown,Mobile,,Mobile Wallet,CUST-1206,Fruit Cup,Snack,3.78,1,3.78,19.64,4
ORD-000506,2025-10-13 09:09:54,Monday,Downtown,Mobile,,Mobile Wallet,CUST-1206,Cinnamon Roll,Pastry,3.83,1,3.83,19.64,4
ORD-000506,2025-10-13 09:09:54,Monday,Downtown,Mobile,,Mobile Wallet,CUST-1206,Protein Box,Snack,7.29,1,7.29,19.64,4
ORD-000071,2025-10-13 10:50:25,Monday,Downtown,In Store,,Mobile Wallet,,Blueberry Muffin,Pastry,3.66,1,3.66,22.46,3
ORD-000071,2025-10-13 10:50:25,Monday,Downtown,In Store,,Mobile Wallet,,Matcha Latte,Beverage,5.46,2,10.92,22.46,3
ORD-000071,2025-10-13 10:50:25,Monday,Downtown,In Store,,Mobile Wallet,,Avocado Toast,Food,7.88,1,7.88,22.46,3
ORD-000338,2025-10-13 11:06:49,Monday,Riverside,Mobile,,Mobile Wallet,CUST-2878,Cold Brew,Beverage,4.95,1,4.95,11.1,3
ORD-000338,2025-10-13 11:06:49,Monday,Riverside,Mobile,,Mobile Wallet,CUST-2878,Americano,Beverage,3.49,1,3.49,11.1,3
ORD-000338,2025-10-13 11:06:49,Monday,Riverside,Mobile,,Mobile Wallet,CUST-2878,Chocolate Chip Cookie,Pastry,2.66,1,2.66,11.1,3
ORD-000301,2025-10-13 11:23:35,Monday,Riverside,In Store,,Debit Card,,Granola & Yogurt Cup,Snack,5.03,1,5.03,14.38,3
ORD-000301,2025-10-13 11:23:35,Monday,Riverside,In Store,,Debit Card,,Espresso Shot,Beverage,2.37,1,2.37,14.38,3
ORD-000301,2025-10-13 11:23:35,Monday,Riverside,In Store,,Debit Card,,Blueberry Muffin,Pastry,3.49,2,6.98,14.38,3
ORD-002574,2025-10-13 12:48:09,Monday,Uptown,In Store,,Cash,,Bag of Chips,Snack,2.19,1,2.19,10.93,2
ORD-002574,2025-10-13 12:48:09,Monday,Uptown,In Store,,Cash,,Caesar Salad,Food,8.74,1,8.74,10.93,2
ORD-000315,2025-10-13 18:16:22,Monday,Downtown,In Store,,Debit Card,,Mocha,Beverage,4.91,3,14.73,44.58,5
ORD-000315,2025-10-13 18:16:22,Monday,Downtown,In Store,,Debit Card,,Cold Brew,Beverage,5.22,1,5.22,44.58,5
ORD-000315,2025-10-13 18:16:22,Monday,Downtown,In Store,,Debit Card,,Turkey & Swiss Sandwich,Food,8.71,1,8.71,44.58,5
ORD-000315,2025-10-13 18:16:22,Monday,Downtown,In Store,,Debit Card,,Veggie Wrap,Food,7.84,1,7.84,44.58,5
ORD-000315,2025-10-13 18:16:22,Monday,Downtown,In Store,,Debit Card,,Avocado Toast,Food,8.08,1,8.08,44.58,5
ORD-002045,2025-10-14 07:38:07,Tuesday,Campus,Mobile,,Credit Card,CUST-1507,Chocolate Chip Cookie,Pastry,2.76,1,2.76,10.09,2
ORD-002045,2025-10-14 07:38:07,Tuesday,Campus,Mobile,,Credit Card,CUST-1507,Protein Box,Snack,7.33,1,7.33,10.09,2
ORD-000152,2025-10-14 08:13:55,Tuesday,Riverside,Delivery,DoorDash,Credit Card,,Bagel w/ Cream Cheese,Pastry,3.99,1,3.99,20.83,5
ORD-000152,2025-10-14 08:13:55,Tuesday,Riverside,Delivery,DoorDash,Credit Card,,Chai Latte,Beverage,4.52,1,4.52,20.83,5
ORD-000152,2025-10-14 08:13:55,Tuesday,Riverside,Delivery,DoorDash,Credit Card,,Fruit Cup,Snack,3.91,1,3.91,20.83,5
ORD-000152,2025-10-14 08:13:55,Tuesday,Riverside,Delivery,DoorDash,Credit Card,,Granola & Yogurt Cup,Snack,4.88,1,4.88,20.83,5
ORD-000152,2025-10-14 08:13:55,Tuesday,Riverside,Delivery,DoorDash,Credit Card,,Americano,Beverage,3.53,1,3.53,20.83,5
ORD-001133,2025-10-14 09:39:20,Tuesday,Riverside,Mobile,,Debit Card,CUST-1918,Hot Chocolate,Beverage,3.59,1,3.59,3.59,1
ORD-000519,2025-10-14 10:07:38,Tuesday,Downtown,Mobile,,Credit Card,CUST-2513,Scone,Pastry,3.38,3,10.14,14.67,2
ORD-000519,2025-10-14 10:07:38,Tuesday,Downtown,Mobile,,Credit Card,CUST-2513,Latte,Beverage,4.53,1,4.53,14.67,2
ORD-002251,2025-10-14 11:13:53,Tuesday,Downtown,Mobile,,Debit Card,CUST-2052,Fruit Cup,Snack,4.16,1,4.16,45.84,5
ORD-002251,2025-10-14 11:13:53,Tuesday,Downtown,Mobile,,Debit Card,CUST-2052,Chai Latte,Beverage,4.89,1,4.89,45.84,5
ORD-002251,2025-10-14 11:13:53,Tuesday,Downtown,Mobile,,Debit Card,CUST-2052,Croissant,Pastry,3.38,1,3.38,45.84,5
ORD-002251,2025-10-14 11:13:53,Tuesday,Downtown,Mobile,,Debit Card,CUST-2052,Avocado Toast,Food,8.19,3,24.57,45.84,5
ORD-002251,2025-10-14 11:13:53,Tuesday,Downtown,Mobile,,Debit Card,CUST-2052,Cappuccino,Beverage,4.42,2,8.84,45.84,5
ORD-002172,2025-10-14 13:46:31,Tuesday,Downtown,In Store,,Mobile Wallet,,Chai Latte,Beverage,4.98,1,4.98,19.16,4
ORD-002172,2025-10-14 13:46:31,Tuesday,Downtown,In Store,,Mobile Wallet,,Iced Tea,Beverage,3.17,1,3.17,19.16,4
ORD-002172,2025-10-14 13:46:31,Tuesday,Downtown,In Store,,Mobile Wallet,,Espresso Shot,Beverage,2.81,1,2.81,19.16,4
ORD-002172,2025-10-14 13:46:31,Tuesday,Downtown,In Store,,Mobile Wallet,,Veggie Wrap,Food,8.2,1,8.2,19.16,4
ORD-001433,2025-10-14 18:35:44,Tuesday,Downtown,In Store,,Mobile Wallet,,Protein Box,Snack,6.96,3,20.88,28.88,2
ORD-001433,2025-10-14 18:35:44,Tuesday,Downtown,In Store,,Mobile Wallet,,Veggie Wrap,Food,8.0,1,8.0,28.88,2
ORD-000636,2025-10-14 19:57:23,Tuesday,Downtown,In Store,,Mobile Wallet,CUST-2716,Protein Box,Snack,6.8,1,6.8,10.4,2
ORD-000636,2025-10-14 19:57:23,Tuesday,Downtown,In Store,,Mobile Wallet,CUST-2716,Scone,Pastry,3.6,1,3.6,10.4,2
ORD-000072,2025-10-15 09:39:14,Wednesday,Campus,Mobile,,Mobile Wallet,CUST-2237,Espresso Shot,Beverage,2.34,3,7.02,10.05,2
ORD-000072,2025-10-15 09:39:14,Wednesday,Campus,Mobile,,Mobile Wallet,CUST-2237,Americano,Beverage,3.03,1,3.03,10.05,2
ORD-000323,2025-10-15 11:15:10,Wednesday,Campus,Mobile,,Debit Card,CUST-1903,Chocolate Chip Cookie,Pastry,2.64,1,2.64,2.64,1
ORD-000882,2025-10-15 12:36:24,Wednesday,Campus,Mobile,,Credit Card,CUST-3464,Bag of Chips,Snack,2.47,1,2.47,2.47,1
ORD-000239,2025-10-15 13:38:18,Wednesday,Downtown,In Store,,Mobile Wallet,CUST-2132,Matcha Latte,Beverage,5.42,1,5.42,13.03,2
ORD-000239,2025-10-15 13:38:18,Wednesday,Downtown,In Store,,Mobile Wallet,CUST-2132,Veggie Wrap,Food,7.61,1,7.61,13.03,2
ORD-000573,2025-10-15 13:39:13,Wednesday,Campus,Delivery,DoorDash,Debit Card,CUST-1433,Cold Brew,Beverage,4.74,1,4.74,7.58,2
ORD-000573,2025-10-15 13:39:13,Wednesday,Campus,Delivery,DoorDash,Debit Card,CUST-1433,Drip Coffee,Beverage,2.84,1,2.84,7.58,2
ORD-002491,2025-10-15 19:14:44,Wednesday,Downtown,Mobile,,Mobile Wallet,CUST-2014,Blueberry Muffin,Pastry,3.44,1,3.44,6.58,2
ORD-002491,2025-10-15 19:14:44,Wednesday,Downtown,Mobile,,Mobile Wallet,CUST-2014,Americano,Beverage,3.14,1,3.14,6.58,2
ORD-002846,2025-10-16 07:34:29,Thursday,Uptown,In Store,,Mobile Wallet,CUST-2782,Chocolate Chip Cookie,Pastry,2.77,1,2.77,12.38,3
ORD-002846,2025-10-16 07:34:29,Thursday,Uptown,In Store,,Mobile Wallet,CUST-2782,Grilled Cheese,Food,6.34,1,6.34,12.38,3
ORD-002846,2025-10-16 07:34:29,Thursday,Uptown,In Store,,Mobile Wallet,CUST-2782,Blueberry Muffin,Pastry,3.27,1,3.27,12.38,3
ORD-002196,2025-10-16 08:04:27,Thursday,Downtown,Mobile,,Credit Card,CUST-3376,Breakfast Burrito,Food,7.41,1,7.41,7.41,1
ORD-002516,2025-10-16 12:50:15,Thursday,Campus,In Store,,Credit Card,,Breakfast Burrito,Food,7.67,1,7.67,40.54,5
ORD-002516,2025-10-16 12:50:15,Thursday,Campus,In Store,,Credit Card,,Mocha,Beverage,4.82,1,4.82,40.54,5
ORD-002516,2025-10-16 12:50:15,Thursday,Campus,In Store,,Credit Card,,Veggie Wrap,Food,7.52,2,15.04,40.54,5
ORD-002516,2025-10-16 12:50:15,Thursday,Campus,In Store,,Credit Card,,Granola & Yogurt Cup,Snack,4.88,2,9.76,40.54,5
ORD-002516,2025-10-16 12:50:15,Thursday,Campus,In Store,,Credit Card,,Iced Tea,Beverage,3.25,1,3.25,40.54,5
ORD-001280,2025-10-16 13:31:21,Thursday,Campus,Mobile,,Mobile Wallet,CUST-3916,Fruit Cup,Snack,4.44,1,4.44,39.21,4
ORD-001280,2025-10-16 13:31:21,Thursday,Campus,Mobile,,Mobile Wallet,CUST-3916,Granola & Yogurt Cup,Snack,5.03,3,15.09,39.21,4
ORD-001280,2025-10-16 13:31:21,Thursday,Campus,Mobile,,Mobile Wallet,CUST-3916,Matcha Latte,Beverage,4.9,1,4.9,39.21,4
ORD-001280,2025-10-16 13:31:21,Thursday,Campus,Mobile,,Mobile Wallet,CUST-3916,Protein Box,Snack,7.39,2,14.78,39.21,4
ORD-001226,2025-10-17 08:33:43,Friday,Campus,Mobile,,Mobile Wallet,CUST-1297,Protein Box,Snack,6.76,1,6.76,10.15,2
ORD-001226,2025-10-17 08:33:43,Friday,Campus,Mobile,,Mobile Wallet,CUST-1297,Croissant,Pastry,3.39,1,3.39,10.15,2
ORD-000585,2025-10-17 08:48:27,Friday,Riverside,Delivery,Grubhub,Mobile Wallet,,Veggie Wrap,Food,7.77,2,15.54,26.72,3
ORD-000585,2025-10-17 08:48:27,Friday,Riverside,Delivery,Grubhub,Mobile Wallet,,Grilled Cheese,Food,6.57,1,6.57,26.72,3
ORD-000585,2025-10-17 08:48:27,Friday,Riverside,Delivery,Grubhub,Mobile Wallet,,Latte,Beverage,4.61,1,4.61,26.72,3
ORD-001297,2025-10-17 08:52:42,Friday,Uptown,Delivery,Grubhub,Credit Card,,Blueberry Muffin,Pastry,3.46,2,6.92,20.9,2
ORD-001297,2025-10-17 08:52:42,Friday,Uptown,Delivery,Grubhub,Credit Card,,Cold Brew,Beverage,4.66,3,13.98,20.9,2
ORD-002167,2025-10-17 09:18:05,Friday,Riverside,Mobile,,Credit Card,CUST-3562,Chai Latte,Beverage,4.66,2,9.32,24.53,3
ORD-002167,2025-10-17 09:18:05,Friday,Riverside,Mobile,,Credit Card,CUST-3562,Protein Box,Snack,7.45,1,7.45,24.53,3
ORD-002167,2025-10-17 09:18:05,Friday,Riverside,Mobile,,Credit Card,CUST-3562,Veggie Wrap,Food,7.76,1,7.76,24.53,3
ORD-000158,2025-10-17 09:44:14,Friday,Downtown,In Store,,Cash,CUST-2553,Bagel w/ Cream Cheese,Pastry,4.03,1,4.03,8.91,2
ORD-000158,2025-10-17 09:44:14,Friday,Downtown,In Store,,Cash,CUST-2553,Latte,Beverage,4.88,1,4.88,8.91,2
ORD-001960,2025-10-17 11:00:53,Friday,Uptown,In Store,,Mobile Wallet,,Americano,Beverage,3.28,1,3.28,11.7,2
ORD-001960,2025-10-17 11:00:53,Friday,Uptown,In Store,,Mobile Wallet,,Avocado Toast,Food,8.42,1,8.42,11.7,2
ORD-001100,2025-10-17 12:04:51,Friday,Uptown,In Store,,Cash,,Matcha Latte,Beverage,5.05,2,10.1,18.23,2
ORD-001100,2025-10-17 12:04:51,Friday,Uptown,In Store,,Cash,,Avocado Toast,Food,8.13,1,8.13,18.23,2
ORD-001638,2025-10-17 12:41:53,Friday,Downtown,Delivery,Uber Eats,Credit Card,,Blueberry Muffin,Pastry,3.19,1,3.19,18.9,3
ORD-001638,2025-10-17 12:41:53,Friday,Downtown,Delivery,Uber Eats,Credit Card,,Latte,Beverage,4.47,2,8.94,18.9,3
ORD-001638,2025-10-17 12:41:53,Friday,Downtown,Delivery,Uber Eats,Credit Card,,Grilled Cheese,Food,6.77,1,6.77,18.9,3
ORD-002465,2025-10-17 13:29:01,Friday,Riverside,In Store,,Cash,CUST-4226,Drip Coffee,Beverage,2.51,2,5.02,5.02,1
ORD-000041,2025-10-17 15:22:34,Friday,Riverside,In Store,,Cash,,Chocolate Chip Cookie,Pastry,2.33,2,4.66,4.66,1
ORD-000948,2025-10-17 19:04:01,Friday,Campus,In Store,,Credit Card,CUST-2336,Bagel w/ Cream Cheese,Pastry,3.6,1,3.6,14.52,3
ORD-000948,2025-10-17 19:04:01,Friday,Campus,In Store,,Credit Card,CUST-2336,Veggie Wrap,Food,7.75,1,7.75,14.52,3
ORD-000948,2025-10-17 19:04:01,Friday,Campus,In Store,,Credit Card,CUST-2336,Iced Tea,Beverage,3.17,1,3.17,14.52,3
ORD-000113,2025-10-18 07:09:43,Saturday,Riverside,In Store,,Debit Card,,Espresso Shot,Beverage,2.55,1,2.55,2.55,1
ORD-000221,2025-10-18 07:38:20,Saturday,Uptown,Delivery,Grubhub,Mobile Wallet,CUST-3032,Granola & Yogurt Cup,Snack,4.96,1,4.96,4.96,1
ORD-002483,2025-10-18 10:08:35,Saturday,Campus,In Store,,Mobile Wallet,,Mocha,Beverage,5.19,1,5.19,16.03,3
ORD-002483,2025-10-18 10:08:35,Saturday,Campus,In Store,,Mobile Wallet,,Iced Tea,Beverage,3.45,1,3.45,16.03,3
ORD-002483,2025-10-18 10:08:35,Saturday,Campus,In Store,,Mobile Wallet,,Protein Box,Snack,7.39,1,7.39,16.03,3
ORD-000406,2025-10-18 12:22:21,Saturday,Campus,Mobile,,Credit Card,CUST-3589,Veggie Wrap,Food,7.84,1,7.84,27.42,5
ORD-000406,2025-10-18 12:22:21,Saturday,Campus,Mobile,,Credit Card,CUST-3589,Croissant,Pastry,3.28,1,3.28,27.42,5
ORD-000406,2025-10-18 12:22:21,Saturday,Campus,Mobile,,Credit Card,CUST-3589,Cappuccino,Beverage,4.49,1,4.49,27.42,5
ORD-000406,2025-10-18 12:22:21,Saturday,Campus,Mobile,,Credit Card,CUST-3589,Iced Tea,Beverage,3.42,1,3.42,27.42,5
ORD-000406,2025-10-18 12:22:21,Saturday,Campus,Mobile,,Credit Card,CUST-3589,Turkey & Swiss Sandwich,Food,8.39,1,8.39,27.42,5
ORD-002410,2025-10-18 12:32:59,Saturday,Riverside,In Store,,Mobile Wallet,CUST-4038,Mocha,Beverage,5.38,1,5.38,16.39,3
ORD-002410,2025-10-18 12:32:59,Saturday,Riverside,In Store,,Mobile Wallet,CUST-4038,Croissant,Pastry,3.7,1,3.7,16.39,3
ORD-002410,2025-10-18 12:32:59,Saturday,Riverside,In Store,,Mobile Wallet,CUST-4038,Protein Box,Snack,7.31,1,7.31,16.39,3
ORD-000665,2025-10-18 13:31:06,Saturday,Uptown,Mobile,,Debit Card,CUST-3241,Cappuccino,Beverage,4.05,1,4.05,18.18,4
ORD-000665,2025-10-18 13:31:06,Saturday,Uptown,Mobile,,Debit Card,CUST-3241,Americano,Beverage,3.53,1,3.53,18.18,4
ORD-000665,2025-10-18 13:31:06,Saturday,Uptown,Mobile,,Debit Card,CUST-3241,Bagel w/ Cream Cheese,Pastry,3.77,1,3.77,18.18,4
ORD-000665,2025-10-18 13:31:06,Saturday,Uptown,Mobile,,Debit Card,CUST-3241,Protein Box,Snack,6.83,1,6.83,18.18,4
ORD-002036,2025-10-18 18:29:49,Saturday,Campus,In Store,,Credit Card,,Bagel w/ Cream Cheese,Pastry,3.76,1,3.76,11.94,2
ORD-002036,2025-10-18 18:29:49,Saturday,Campus,In Store,,Credit Card,,Avocado Toast,Food,8.18,1,8.18,11.94,2
ORD-000841,2025-10-19 06:27:55,Sunday,Campus,Delivery,DoorDash,Mobile Wallet,,Cinnamon Roll,Pastry,3.95,1,3.95,15.62,2
ORD-000841,2025-10-19 06:27:55,Sunday,Campus,Delivery,DoorDash,Mobile Wallet,,Fruit Cup,Snack,3.89,3,11.67,15.62,2
ORD-001236,2025-10-19 08:02:02,Sunday,Campus,In Store,,Debit Card,,Bagel w/ Cream Cheese,Pastry,4.03,1,4.03,4.03,1
ORD-002937,2025-10-19 09:24:40,Sunday,Downtown,In Store,,Credit Card,,Scone,Pastry,3.5,3,10.5,14.48,2
ORD-002937,2025-10-19 09:24:40,Sunday,Downtown,In Store,,Credit Card,,Croissant,Pastry,3.98,1,3.98,14.48,2
ORD-000185,2025-10-19 10:17:38,Sunday,Riverside,In Store,,Debit Card,CUST-2095,Scone,Pastry,3.74,3,11.22,41.65,5
ORD-000185,2025-10-19 10:17:38,Sunday,Riverside,In Store,,Debit Card,CUST-2095,Caesar Salad,Food,8.74,2,17.48,41.65,5
ORD-000185,2025-10-19 10:17:38,Sunday,Riverside,In Store,,Debit Card,CUST-2095,Bag of Chips,Snack,1.85,2,3.7,41.65,5
ORD-000185,2025-10-19 10:17:38,Sunday,Riverside,In Store,,Debit Card,CUST-2095,Americano,Beverage,3.19,2,6.38,41.65,5
ORD-000185,2025-10-19 10:17:38,Sunday,Riverside,In Store,,Debit Card,CUST-2095,Espresso Shot,Beverage,2.87,1,2.87,41.65,5
ORD-000125,2025-10-19 12:23:35,Sunday,Campus,In Store,,Mobile Wallet,,Breakfast Burrito,Food,7.09,1,7.09,7.09,1
ORD-000372,2025-10-19 13:01:53,Sunday,Riverside,In Store,,Debit Card,,Protein Box,Snack,7.05,1,7.05,10.65,2
ORD-000372,2025-10-19 13:01:53,Sunday,Riverside,In Store,,Debit Card,,Bagel w/ Cream Cheese,Pastry,3.6,1,3.6,10.65,2
ORD-002303,2025-10-19 13:21:15,Sunday,Riverside,In Store,,Debit Card,,Veggie Wrap,Food,7.71,1,7.71,13.15,2
ORD-002303,2025-10-19 13:21:15,Sunday,Riverside,In Store,,Debit Card,,Espresso Shot,Beverage,2.72,2,5.44,13.15,2
ORD-001103,2025-10-19 13:54:12,Sunday,Uptown,Delivery,DoorDash,Credit Card,,Hot Chocolate,Beverage,3.92,1,3.92,16.92,3
ORD-001103,2025-10-19 13:54:12,Sunday,Uptown,Delivery,DoorDash,Credit Card,,Fruit Cup,Snack,4.01,2,8.02,16.92,3
ORD-001103,2025-10-19 13:54:12,Sunday,Uptown,Delivery,DoorDash,Credit Card,,Chai Latte,Beverage,4.98,1,4.98,16.92,3
ORD-000388,2025-10-19 15:43:19,Sunday,Campus,Delivery,Uber Eats,Mobile Wallet,,Breakfast Burrito,Food,7.1,1,7.1,10.53,2
ORD-000388,2025-10-19 15:43:19,Sunday,Campus,Delivery,Uber Eats,Mobile Wallet,,Scone,Pastry,3.43,1,3.43,10.53,2
ORD-000565,2025-10-19 17:29:29,Sunday,Downtown,In Store,,Debit Card,,Grilled Cheese,Food,6.38,2,12.76,25.93,4
ORD-000565,2025-10-19 17:29:29,Sunday,Downtown,In Store,,Debit Card,,Croissant,Pastry,3.71,1,3.71,25.93,4
ORD-000565,2025-10-19 17:29:29,Sunday,Downtown,In Store,,Debit Card,,Bag of Chips,Snack,2.42,1,2.42,25.93,4
ORD-000565,2025-10-19 17:29:29,Sunday,Downtown,In Store,,Debit Card,,Protein Box,Snack,7.04,1,7.04,25.93,4
ORD-000561,2025-10-19 18:40:57,Sunday,Uptown,In Store,,Cash,,Bag of Chips,Snack,2.12,1,2.12,2.12,1
ORD-002336,2025-10-19 18:42:29,Sunday,Uptown,Mobile,,Debit Card,CUST-1183,Croissant,Pastry,3.6,1,3.6,3.6,1
ORD-000346,2025-10-20 08:39:47,Monday,Uptown,In Store,,Cash,CUST-2761,Avocado Toast,Food,8.2,1,8.2,8.2,1
ORD-002687,2025-10-20 09:29:14,Monday,Uptown,Mobile,,Debit Card,CUST-1391,Chai Latte,Beverage,4.97,1,4.97,25.42,5
ORD-002687,2025-10-20 09:29:14,Monday,Uptown,Mobile,,Debit Card,CUST-1391,Grilled Cheese,Food,6.88,1,6.88,25.42,5
ORD-002687,2025-10-20 09:29:14,Monday,Uptown,Mobile,,Debit Card,CUST-1391,Veggie Wrap,Food,8.21,1,8.21,25.42,5
ORD-002687,2025-10-20 09:29:14,Monday,Uptown,Mobile,,Debit Card,CUST-1391,Bag of Chips,Snack,1.77,1,1.77,25.42,5
ORD-002687,2025-10-20 09:29:14,Monday,Uptown,Mobile,,Debit Card,CUST-1391,Hot Chocolate,Beverage,3.59,1,3.59,25.42,5
ORD-001042,2025-10-20 10:42:59,Monday,Riverside,In Store,,Mobile Wallet,,Iced Tea,Beverage,2.81,2,5.62,5.62,1
ORD-001905,2025-10-20 11:28:28,Monday,Campus,In Store,,Debit Card,,Drip Coffee,Beverage,2.73,1,2.73,2.73,1
ORD-002828,2025-10-20 13:13:01,Monday,Uptown,In Store,,Cash,,Croissant,Pastry,3.28,1,3.28,3.28,1
ORD-002268,2025-10-20 13:16:07,Monday,Uptown,In Store,,Cash,,Cappuccino,Beverage,4.6,1,4.6,10.29,3
ORD-002268,2025-10-20 13:16:07,Monday,Uptown,In Store,,Cash,,Bag of Chips,Snack,2.12,1,2.12,10.29,3
ORD-002268,2025-10-20 13:16:07,Monday,Uptown,In Store,,Cash,,Hot Chocolate,Beverage,3.57,1,3.57,10.29,3
ORD-000241,2025-10-20 15:21:46,Monday,Campus,Mobile,,Mobile Wallet,CUST-2468,Bag of Chips,Snack,2.1,1,2.1,7.02,2
ORD-000241,2025-10-20 15:21:46,Monday,Campus,Mobile,,Mobile Wallet,CUST-2468,Cold Brew,Beverage,4.92,1,4.92,7.02,2
ORD-000537,2025-10-20 15:47:14,Monday,Campus,Delivery,DoorDash,Credit Card,CUST-2348,Veggie Wrap,Food,7.52,1,7.52,7.52,1
ORD-000936,2025-10-20 15:49:05,Monday,Downtown,Mobile,,Mobile Wallet,CUST-1055,Breakfast Burrito,Food,7.35,2,14.7,27.1,3
ORD-000936,2025-10-20 15:49:05,Monday,Downtown,Mobile,,Mobile Wallet,CUST-1055,Iced Tea,Beverage,3.22,1,3.22,27.1,3
ORD-000936,2025-10-20 15:49:05,Monday,Downtown,Mobile,,Mobile Wallet,CUST-1055,Cappuccino,Beverage,4.59,2,9.18,27.1,3
ORD-000731,2025-10-20 16:32:22,Monday,Uptown,In Store,,Cash,,Avocado Toast,Food,7.79,1,7.79,12.38,2
ORD-000731,2025-10-20 16:32:22,Monday,Uptown,In Store,,Cash,,Cappuccino,Beverage,4.59,1,4.59,12.38,2
ORD-001969,2025-10-20 19:00:56,Monday,Downtown,In Store,,Debit Card,CUST-3500,Mocha,Beverage,5.25,1,5.25,15.63,3
ORD-001969,2025-10-20 19:00:56,Monday,Downtown,In Store,,Debit Card,CUST-3500,Breakfast Burrito,Food,7.4,1,7.4,15.63,3
ORD-001969,2025-10-20 19:00:56,Monday,Downtown,In Store,,Debit Card,CUST-3500,Iced Tea,Beverage,2.98,1,2.98,15.63,3
ORD-000100,2025-10-20 19:29:49,Monday,Campus,In Store,,Mobile Wallet,,Breakfast Burrito,Food,7.28,1,7.28,26.32,3
ORD-000100,2025-10-20 19:29:49,Monday,Campus,In Store,,Mobile Wallet,,Espresso Shot,Beverage,2.78,2,5.56,26.32,3
ORD-000100,2025-10-20 19:29:49,Monday,Campus,In Store,,Mobile Wallet,,Protein Box,Snack,6.74,2,13.48,26.32,3
ORD-001770,2025-10-21 11:15:30,Tuesday,Riverside,Delivery,Grubhub,Credit Card,,Protein Box,Snack,7.18,1,7.18,13.72,2
ORD-001770,2025-10-21 11:15:30,Tuesday,Riverside,Delivery,Grubhub,Credit Card,,Grilled Cheese,Food,6.54,1,6.54,13.72,2
ORD-001309,2025-10-21 11:28:59,Tuesday,Downtown,In Store,,Mobile Wallet,,Croissant,Pastry,3.28,1,3.28,7.82,2
ORD-001309,2025-10-21 11:28:59,Tuesday,Downtown,In Store,,Mobile Wallet,,Chocolate Chip Cookie,Pastry,2.27,2,4.54,7.82,2
ORD-002688,2025-10-21 13:56:27,Tuesday,Campus,In Store,,Debit Card,,Fruit Cup,Snack,4.35,1,4.35,7.3,2
ORD-002688,2025-10-21 13:56:27,Tuesday,Campus,In Store,,Debit Card,,Espresso Shot,Beverage,2.95,1,2.95,7.3,2
ORD-001341,2025-10-21 14:10:09,Tuesday,Downtown,In Store,,Cash,CUST-4541,Latte,Beverage,4.86,1,4.86,18.75,5
ORD-001341,2025-10-21 14:10:09,Tuesday,Downtown,In Store,,Cash,CUST-4541,Espresso Shot,Beverage,2.38,1,2.38,18.75,5
ORD-001341,2025-10-21 14:10:09,Tuesday,Downtown,In Store,,Cash,CUST-4541,Mocha,Beverage,4.88,1,4.88,18.75,5
ORD-001341,2025-10-21 14:10:09,Tuesday,Downtown,In Store,,Cash,CUST-4541,Chocolate Chip Cookie,Pastry,2.69,1,2.69,18.75,5
ORD-001341,2025-10-21 14:10:09,Tuesday,Downtown,In Store,,Cash,CUST-4541,Fruit Cup,Snack,3.94,1,3.94,18.75,5
ORD-002760,2025-10-21 15:07:53,Tuesday,Campus,In Store,,Cash,CUST-3072,Espresso Shot,Beverage,2.39,1,2.39,4.78,2
ORD-002760,2025-10-21 15:07:53,Tuesday,Campus,In Store,,Cash,CUST-3072,Chocolate Chip Cookie,Pastry,2.39,1,2.39,4.78,2
ORD-000884,2025-10-21 16:02:25,Tuesday,Campus,Mobile,,Mobile Wallet,CUST-4719,Avocado Toast,Food,8.17,1,8.17,8.17,1
ORD-002858,2025-10-21 16:26:57,Tuesday,Uptown,In Store,,Cash,,Turkey & Swiss Sandwich,Food,8.93,3,26.79,31.23,2
ORD-002858,2025-10-21 16:26:57,Tuesday,Uptown,In Store,,Cash,,Cinnamon Roll,Pastry,4.44,1,4.44,31.23,2
ORD-002064,2025-10-21 19:23:32,Tuesday,Campus,Mobile,,Mobile Wallet,CUST-4097,Caesar Salad,Food,8.31,1,8.31,8.31,1
ORD-002049,2025-10-21 19:26:06,Tuesday,Uptown,Mobile,,Credit Card,CUST-2351,Croissant,Pastry,3.95,3,11.85,21.53,3
ORD-002049,2025-10-21 19:26:06,Tuesday,Uptown,Mobile,,Credit Card,CUST-2351,Iced Tea,Beverage,3.25,1,3.25,21.53,3
ORD-002049,2025-10-21 19:26:06,Tuesday,Uptown,Mobile,,Credit Card,CUST-2351,Grilled Cheese,Food,6.43,1,6.43,21.53,3
ORD-000883,2025-10-22 07:48:15,Wednesday,Campus,In Store,,Mobile Wallet,,Veggie Wrap,Food,8.14,1,8.14,8.14,1
ORD-000173,2025-10-22 08:23:25,Wednesday,Uptown,In Store,,Debit Card,,Chocolate Chip Cookie,Pastry,2.8,2,5.6,12.72,2
ORD-000173,2025-10-22 08:23:25,Wednesday,Uptown,In Store,,Debit Card,,Hot Chocolate,Beverage,3.56,2,7.12,12.72,2
ORD-002154,2025-10-22 11:25:02,Wednesday,Riverside,In Store,,Debit Card,CUST-1423,Fruit Cup,Snack,4.3,1,4.3,4.3,1
ORD-000054,2025-10-22 12:01:48,Wednesday,Riverside,Mobile,,Mobile Wallet,CUST-1164,Bagel w/ Cream Cheese,Pastry,3.94,1,3.94,12.65,3
ORD-000054,2025-10-22 12:01:48,Wednesday,Riverside,Mobile,,Mobile Wallet,CUST-1164,Scone,Pastry,3.52,1,3.52,12.65,3
ORD-000054,2025-10-22 12:01:48,Wednesday,Riverside,Mobile,,Mobile Wallet,CUST-1164,Cold Brew,Beverage,5.19,1,5.19,12.65,3
ORD-001429,2025-10-22 12:16:18,Wednesday,Riverside,In Store,,Mobile Wallet,,Latte,Beverage,4.66,1,4.66,4.66,1
ORD-001603,2025-10-22 12:55:17,Wednesday,Riverside,In Store,,Mobile Wallet,,Fruit Cup,Snack,3.88,1,3.88,11.72,2
ORD-001603,2025-10-22 12:55:17,Wednesday,Riverside,In Store,,Mobile Wallet,,Avocado Toast,Food,7.84,1,7.84,11.72,2
ORD-000755,2025-10-22 12:56:49,Wednesday,Uptown,In Store,,Mobile Wallet,CUST-1494,Fruit Cup,Snack,4.05,1,4.05,12.95,2
ORD-000755,2025-10-22 12:56:49,Wednesday,Uptown,In Store,,Mobile Wallet,CUST-1494,Turkey & Swiss Sandwich,Food,8.9,1,8.9,12.95,2
ORD-001349,2025-10-22 13:06:41,Wednesday,Uptown,In Store,,Cash,,Chai Latte,Beverage,4.57,2,9.14,9.14,1
ORD-000904,2025-10-22 14:33:25,Wednesday,Uptown,Mobile,,Debit Card,CUST-2312,Fruit Cup,Snack,4.41,1,4.41,4.41,1
ORD-002141,2025-10-22 16:02:32,Wednesday,Uptown,In Store,,Credit Card,CUST-4949,Grilled Cheese,Food,6.82,1,6.82,8.9,2
ORD-002141,2025-10-22 16:02:32,Wednesday,Uptown,In Store,,Credit Card,CUST-4949,Bag of Chips,Snack,2.08,1,2.08,8.9,2
ORD-002980,2025-10-22 17:20:27,Wednesday,Downtown,In Store,,Mobile Wallet,CUST-1912,Chocolate Chip Cookie,Pastry,2.49,1,2.49,5.63,2
ORD-002980,2025-10-22 17:20:27,Wednesday,Downtown,In Store,,Mobile Wallet,CUST-1912,Drip Coffee,Beverage,3.14,1,3.14,5.63,2
ORD-000857,2025-10-23 08:49:09,Thursday,Uptown,In Store,,Cash,CUST-3465,Latte,Beverage,4.3,1,4.3,24.49,4
ORD-000857,2025-10-23 08:49:09,Thursday,Uptown,In Store,,Cash,CUST-3465,Fruit Cup,Snack,4.4,2,8.8,24.49,4
ORD-000857,2025-10-23 08:49:09,Thursday,Uptown,In Store,,Cash,CUST-3465,Turkey & Swiss Sandwich,Food,8.99,1,8.99,24.49,4
ORD-000857,2025-10-23 08:49:09,Thursday,Uptown,In Store,,Cash,CUST-3465,Espresso Shot,Beverage,2.4,1,2.4,24.49,4
ORD-000523,2025-10-23 14:36:33,Thursday,Campus,In Store,,Cash,CUST-4834,Drip Coffee,Beverage,2.68,1,2.68,8.1,2
ORD-000523,2025-10-23 14:36:33,Thursday,Campus,In Store,,Cash,CUST-4834,Matcha Latte,Beverage,5.42,1,5.42,8.1,2
ORD-001151,2025-10-23 16:34:13,Thursday,Riverside,In Store,,Debit Card,,Veggie Wrap,Food,8.16,1,8.16,12.52,2
ORD-001151,2025-10-23 16:34:13,Thursday,Riverside,In Store,,Debit Card,,Cinnamon Roll,Pastry,4.36,1,4.36,12.52,2
ORD-002596,2025-10-23 18:57:53,Thursday,Uptown,In Store,,Debit Card,CUST-1870,Bagel w/ Cream Cheese,Pastry,4.0,1,4.0,6.15,2
ORD-002596,2025-10-23 18:57:53,Thursday,Uptown,In Store,,Debit Card,CUST-1870,Bag of Chips,Snack,2.15,1,2.15,6.15,2
ORD-002791,2025-10-24 07:30:05,Friday,Uptown,In Store,,Credit Card,CUST-3031,Grilled Cheese,Food,6.72,2,13.44,27.36,4
ORD-002791,2025-10-24 07:30:05,Friday,Uptown,In Store,,Credit Card,CUST-3031,Bag of Chips,Snack,2.49,1,2.49,27.36,4
ORD-002791,2025-10-24 07:30:05,Friday,Uptown,In Store,,Credit Card,CUST-3031,Breakfast Burrito,Food,7.58,1,7.58,27.36,4
ORD-002791,2025-10-24 07:30:05,Friday,Uptown,In Store,,Credit Card,CUST-3031,Bagel w/ Cream Cheese,Pastry,3.85,1,3.85,27.36,4
ORD-001819,2025-10-24 07:54:02,Friday,Downtown,In Store,,Credit Card,,Croissant,Pastry,3.53,1,3.53,3.53,1
ORD-001250,2025-10-24 08:17:22,Friday,Downtown,In Store,,Credit Card,,Fruit Cup,Snack,4.16,1,4.16,10.46,2
ORD-001250,2025-10-24 08:17:22,Friday,Downtown,In Store,,Credit Card,,Grilled Cheese,Food,6.3,1,6.3,10.46,2
ORD-000409,2025-10-24 09:04:02,Friday,Campus,Mobile,,Mobile Wallet,CUST-1078,Latte,Beverage,4.72,1,4.72,12.21,2
ORD-000409,2025-10-24 09:04:02,Friday,Campus,Mobile,,Mobile Wallet,CUST-1078,Breakfast Burrito,Food,7.49,1,7.49,12.21,2
ORD-001033,2025-10-24 09:16:00,Friday,Downtown,In Store,,Credit Card,,Blueberry Muffin,Pastry,3.72,1,3.72,9.14,2
ORD-001033,2025-10-24 09:16:00,Friday,Downtown,In Store,,Credit Card,,Drip Coffee,Beverage,2.71,2,5.42,9.14,2
ORD-000451,2025-10-24 10:10:54,Friday,Uptown,In Store,,Cash,CUST-3368,Scone,Pastry,3.36,1,3.36,32.52,3
ORD-000451,2025-10-24 10:10:54,Friday,Uptown,In Store,,Cash,CUST-3368,Grilled Cheese,Food,6.32,3,18.96,32.52,3
ORD-000451,2025-10-24 10:10:54,Friday,Uptown,In Store,,Cash,CUST-3368,Mocha,Beverage,5.1,2,10.2,32.52,3
ORD-002296,2025-10-24 11:14:14,Friday,Campus,In Store,,Cash,,Chai Latte,Beverage,4.57,1,4.57,9.29,2
ORD-002296,2025-10-24 11:14:14,Friday,Campus,In Store,,Cash,,Cappuccino,Beverage,4.72,1,4.72,9.29,2
ORD-001307,2025-10-24 13:11:14,Friday,Downtown,In Store,,Credit Card,CUST-1283,Drip Coffee,Beverage,3.11,1,3.11,7.02,2
ORD-001307,2025-10-24 13:11:14,Friday,Downtown,In Store,,Credit Card,CUST-1283,Fruit Cup,Snack,3.91,1,3.91,7.02,2
ORD-002247,2025-10-24 17:35:05,Friday,Riverside,In Store,,Mobile Wallet,,Matcha Latte,Beverage,4.77,1,4.77,4.77,1
ORD-001669,2025-10-24 20:40:10,Friday,Riverside,In Store,,Debit Card,,Bag of Chips,Snack,1.83,1,1.83,1.83,1
ORD-001051,2025-10-25 08:42:15,Saturday,Downtown,In Store,,Credit Card,,Caesar Salad,Food,8.16,1,8.16,17.66,3
ORD-001051,2025-10-25 08:42:15,Saturday,Downtown,In Store,,Credit Card,,Cappuccino,Beverage,4.08,1,4.08,17.66,3
ORD-001051,2025-10-25 08:42:15,Saturday,Downtown,In Store,,Credit Card,,Granola & Yogurt Cup,Snack,5.42,1,5.42,17.66,3
ORD-000120,2025-10-25 08:42:39,Saturday,Riverside,Mobile,,Mobile Wallet,CUST-1168,Cappuccino,Beverage,4.16,1,4.16,15.03,3
ORD-000120,2025-10-25 08:42:39,Saturday,Riverside,Mobile,,Mobile Wallet,CUST-1168,Drip Coffee,Beverage,3.08,2,6.16,15.03,3
ORD-000120,2025-10-25 08:42:39,Saturday,Riverside,Mobile,,Mobile Wallet,CUST-1168,Latte,Beverage,4.71,1,4.71,15.03,3
ORD-001135,2025-10-25 09:50:02,Saturday,Riverside,In Store,,Credit Card,,Hot Chocolate,Beverage,3.75,1,3.75,3.75,1
ORD-002907,2025-10-25 12:18:29,Saturday,Campus,In Store,,Debit Card,CUST-3836,Espresso Shot,Beverage,2.72,1,2.72,17.38,4
ORD-002907,2025-10-25 12:18:29,Saturday,Campus,In Store,,Debit Card,CUST-3836,Americano,Beverage,3.62,1,3.62,17.38,4
ORD-002907,2025-10-25 12:18:29,Saturday,Campus,In Store,,Debit Card,CUST-3836,Drip Coffee,Beverage,2.64,1,2.64,17.38,4
ORD-002907,2025-10-25 12:18:29,Saturday,Campus,In Store,,Debit Card,CUST-3836,Avocado Toast,Food,8.4,1,8.4,17.38,4
ORD-002776,2025-10-25 12:41:01,Saturday,Downtown,In Store,,Cash,,Veggie Wrap,Food,8.22,1,8.22,11.78,2
ORD-002776,2025-10-25 12:41:01,Saturday,Downtown,In Store,,Cash,,Croissant,Pastry,3.56,1,3.56,11.78,2
ORD-000515,2025-10-25 12:57:40,Saturday,Uptown,Mobile,,Debit Card,CUST-2225,Protein Box,Snack,7.13,2,14.26,14.26,1
ORD-002768,2025-10-25 13:18:48,Saturday,Campus,In Store,,Mobile Wallet,,Avocado Toast,Food,7.75,1,7.75,10.46,2
ORD-002768,2025-10-25 13:18:48,Saturday,Campus,In Store,,Mobile Wallet,,Espresso Shot,Beverage,2.71,1,2.71,10.46,2
ORD-000605,2025-10-25 16:03:54,Saturday,Riverside,Delivery,Grubhub,Debit Card,CUST-1563,Hot Chocolate,Beverage,3.65,2,7.3,14.62,2
ORD-000605,2025-10-25 16:03:54,Saturday,Riverside,Delivery,Grubhub,Debit Card,CUST-1563,Bagel w/ Cream Cheese,Pastry,3.66,2,7.32,14.62,2
ORD-002190,2025-10-25 16:26:22,Saturday,Downtown,Mobile,,Mobile Wallet,CUST-3805,Espresso Shot,Beverage,2.58,1,2.58,12.06,3
ORD-002190,2025-10-25 16:26:22,Saturday,Downtown,Mobile,,Mobile Wallet,CUST-3805,Iced Tea,Beverage,3.24,2,6.48,12.06,3
ORD-002190,2025-10-25 16:26:22,Saturday,Downtown,Mobile,,Mobile Wallet,CUST-3805,Drip Coffee,Beverage,3.0,1,3.0,12.06,3
ORD-002379,2025-10-25 17:43:53,Saturday,Uptown,In Store,,Cash,,Grilled Cheese,Food,6.66,1,6.66,6.66,1
ORD-000425,2025-10-26 06:29:29,Sunday,Campus,Mobile,,Credit Card,CUST-4235,Veggie Wrap,Food,7.55,2,15.1,32.88,4
ORD-000425,2025-10-26 06:29:29,Sunday,Campus,Mobile,,Credit Card,CUST-4235,Cinnamon Roll,Pastry,4.0,2,8.0,32.88,4
ORD-000425,2025-10-26 06:29:29,Sunday,Campus,Mobile,,Credit Card,CUST-4235,Grilled Cheese,Food,6.57,1,6.57,32.88,4
ORD-000425,2025-10-26 06:29:29,Sunday,Campus,Mobile,,Credit Card,CUST-4235,Drip Coffee,Beverage,3.21,1,3.21,32.88,4
ORD-002390,2025-10-26 08:05:43,Sunday,Riverside,In Store,,Cash,,Iced Tea,Beverage,3.42,2,6.84,6.84,1
ORD-002001,2025-10-26 12:51:12,Sunday,Riverside,In Store,,Credit Card,,Bag of Chips,Snack,2.39,2,4.78,13.26,2
ORD-002001,2025-10-26 12:51:12,Sunday,Riverside,In Store,,Credit Card,,Turkey & Swiss Sandwich,Food,8.48,1,8.48,13.26,2
ORD-002304,2025-10-26 14:54:35,Sunday,Campus,Delivery,Grubhub,Debit Card,,Scone,Pastry,3.55,1,3.55,10.92,2
ORD-002304,2025-10-26 14:54:35,Sunday,Campus,Delivery,Grubhub,Debit Card,,Protein Box,Snack,7.37,1,7.37,10.92,2
ORD-002699,2025-10-26 15:48:02,Sunday,Campus,In Store,,Mobile Wallet,CUST-3856,Drip Coffee,Beverage,3.21,1,3.21,18.27,3
ORD-002699,2025-10-26 15:48:02,Sunday,Campus,In Store,,Mobile Wallet,CUST-3856,Protein Box,Snack,6.7,1,6.7,18.27,3
ORD-002699,2025-10-26 15:48:02,Sunday,Campus,In Store,,Mobile Wallet,CUST-3856,Caesar Salad,Food,8.36,1,8.36,18.27,3
ORD-000929,2025-10-26 17:28:30,Sunday,Uptown,In Store,,Debit Card,CUST-4286,Cold Brew,Beverage,4.62,1,4.62,7.27,2
ORD-000929,2025-10-26 17:28:30,Sunday,Uptown,In Store,,Debit Card,CUST-4286,Espresso Shot,Beverage,2.65,1,2.65,7.27,2
ORD-001150,2025-10-27 07:19:15,Monday,Uptown,In Store,,Credit Card,,Croissant,Pastry,3.43,1,3.43,3.43,1
ORD-001456,2025-10-27 07:24:38,Monday,Campus,Mobile,,Mobile Wallet,CUST-2443,Caesar Salad,Food,8.46,1,8.46,17.01,3
ORD-001456,2025-10-27 07:24:38,Monday,Campus,Mobile,,Mobile Wallet,CUST-2443,Blueberry Muffin,Pastry,3.51,1,3.51,17.01,3
ORD-001456,2025-10-27 07:24:38,Monday,Campus,Mobile,,Mobile Wallet,CUST-2443,Matcha Latte,Beverage,5.04,1,5.04,17.01,3
ORD-000496,2025-10-27 07:32:01,Monday,Campus,In Store,,Credit Card,,Chocolate Chip Cookie,Pastry,2.72,1,2.72,16.0,3
ORD-000496,2025-10-27 07:32:01,Monday,Campus,In Store,,Credit Card,,Cappuccino,Beverage,4.34,1,4.34,16.0,3
ORD-000496,2025-10-27 07:32:01,Monday,Campus,In Store,,Credit Card,,Latte,Beverage,4.47,2,8.94,16.0,3
ORD-000209,2025-10-27 08:06:10,Monday,Riverside,In Store,,Mobile Wallet,CUST-2467,Matcha Latte,Beverage,4.86,2,9.72,26.7,5
ORD-000209,2025-10-27 08:06:10,Monday,Riverside,In Store,,Mobile Wallet,CUST-2467,Cinnamon Roll,Pastry,4.28,1,4.28,26.7,5
ORD-000209,2025-10-27 08:06:10,Monday,Riverside,In Store,,Mobile Wallet,CUST-2467,Hot Chocolate,Beverage,3.66,1,3.66,26.7,5
ORD-000209,2025-10-27 08:06:10,Monday,Riverside,In Store,,Mobile Wallet,CUST-2467,Americano,Beverage,3.73,1,3.73,26.7,5
ORD-000209,2025-10-27 08:06:10,Monday,Riverside,In Store,,Mobile Wallet,CUST-2467,Mocha,Beverage,5.31,1,5.31,26.7,5
ORD-001502,2025-10-27 10:35:10,Monday,Riverside,In Store,,Cash,,Croissant,Pastry,3.95,1,3.95,9.22,2
ORD-001502,2025-10-27 10:35:10,Monday,Riverside,In Store,,Cash,,Granola & Yogurt Cup,Snack,5.27,1,5.27,9.22,2
ORD-001791,2025-10-27 11:07:43,Monday,Riverside,Mobile,,Credit Card,CUST-2671,Avocado Toast,Food,8.2,1,8.2,8.2,1
ORD-002025,2025-10-27 11:35:16,Monday,Downtown,Mobile,,Credit Card,CUST-4881,Chai Latte,Beverage,4.75,1,4.75,4.75,1
ORD-000931,2025-10-27 12:28:57,Monday,Campus,In Store,,Debit Card,,Cappuccino,Beverage,4.74,1,4.74,28.47,5
ORD-000931,2025-10-27 12:28:57,Monday,Campus,In Store,,Debit Card,,Cold Brew,Beverage,5.0,1,5.0,28.47,5
ORD-000931,2025-10-27 12:28:57,Monday,Campus,In Store,,Debit Card,,Breakfast Burrito,Food,7.71,1,7.71,28.47,5
ORD-000931,2025-10-27 12:28:57,Monday,Campus,In Store,,Debit Card,,Croissant,Pastry,3.55,1,3.55,28.47,5
ORD-000931,2025-10-27 12:28:57,Monday,Campus,In Store,,Debit Card,,Espresso Shot,Beverage,2.49,3,7.47,28.47,5
ORD-002638,2025-10-27 13:00:19,Monday,Uptown,In Store,,Debit Card,CUST-1074,Breakfast Burrito,Food,7.25,1,7.25,7.25,1
ORD-000118,2025-10-28 08:08:27,Tuesday,Downtown,In Store,,Cash,,Cold Brew,Beverage,5.03,1,5.03,5.03,1
ORD-002438,2025-10-28 08:14:09,Tuesday,Uptown,Mobile,,Debit Card,CUST-4176,Avocado Toast,Food,8.35,1,8.35,11.39,2
ORD-002438,2025-10-28 08:14:09,Tuesday,Uptown,Mobile,,Debit Card,CUST-4176,Drip Coffee,Beverage,3.04,1,3.04,11.39,2
ORD-002179,2025-10-28 09:30:36,Tuesday,Downtown,In Store,,Credit Card,CUST-4132,Espresso Shot,Beverage,2.58,1,2.58,2.58,1
ORD-002430,2025-10-28 10:48:06,Tuesday,Downtown,In Store,,Debit Card,,Chocolate Chip Cookie,Pastry,2.34,1,2.34,14.98,4
ORD-002430,2025-10-28 10:48:06,Tuesday,Downtown,In Store,,Debit Card,,Cold Brew,Beverage,5.01,1,5.01,14.98,4
ORD-002430,2025-10-28 10:48:06,Tuesday,Downtown,In Store,,Debit Card,,Chai Latte,Beverage,4.38,1,4.38,14.98,4
ORD-002430,2025-10-28 10:48:06,Tuesday,Downtown,In Store,,Debit Card,,Blueberry Muffin,Pastry,3.25,1,3.25,14.98,4
ORD-001062,2025-10-28 11:17:41,Tuesday,Campus,In Store,,Credit Card,CUST-4782,Americano,Beverage,3.19,1,3.19,3.19,1
ORD-002159,2025-10-28 11:17:43,Tuesday,Downtown,In Store,,Mobile Wallet,,Scone,Pastry,3.78,1,3.78,13.8,3
ORD-002159,2025-10-28 11:17:43,Tuesday,Downtown,In Store,,Mobile Wallet,,Protein Box,Snack,6.74,1,6.74,13.8,3
ORD-002159,2025-10-28 11:17:43,Tuesday,Downtown,In Store,,Mobile Wallet,,Blueberry Muffin,Pastry,3.28,1,3.28,13.8,3
ORD-002450,2025-10-28 11:21:56,Tuesday,Uptown,In Store,,Cash,,Avocado Toast,Food,8.09,1,8.09,8.09,1
ORD-000690,2025-10-28 11:38:52,Tuesday,Riverside,Mobile,,Debit Card,CUST-1122,Protein Box,Snack,7.29,1,7.29,7.29,1
ORD-002668,2025-10-28 12:54:44,Tuesday,Campus,In Store,,Credit Card,,Blueberry Muffin,Pastry,3.66,1,3.66,3.66,1
ORD-000544,2025-10-28 13:09:03,Tuesday,Downtown,In Store,,Mobile Wallet,CUST-4999,Mocha,Beverage,4.96,1,4.96,4.96,1
ORD-002656,2025-10-28 14:09:22,Tuesday,Downtown,Mobile,,Debit Card,CUST-3839,Turkey & Swiss Sandwich,Food,8.95,1,8.95,16.72,3
ORD-002656,2025-10-28 14:09:22,Tuesday,Downtown,Mobile,,Debit Card,CUST-3839,Americano,Beverage,3.48,1,3.48,16.72,3
ORD-002656,2025-10-28 14:09:22,Tuesday,Downtown,Mobile,,Debit Card,CUST-3839,Cinnamon Roll,Pastry,4.29,1,4.29,16.72,3
ORD-002649,2025-10-28 16:10:54,Tuesday,Riverside,In Store,,Credit Card,CUST-4912,Blueberry Muffin,Pastry,3.42,1,3.42,15.34,3
ORD-002649,2025-10-28 16:10:54,Tuesday,Riverside,In Store,,Credit Card,CUST-4912,Cappuccino,Beverage,4.4,1,4.4,15.34,3
ORD-002649,2025-10-28 16:10:54,Tuesday,Riverside,In Store,,Credit Card,CUST-4912,Breakfast Burrito,Food,7.52,1,7.52,15.34,3
ORD-002670,2025-10-28 16:28:44,Tuesday,Downtown,Delivery,DoorDash,Mobile Wallet,,Avocado Toast,Food,8.33,1,8.33,11.68,2
ORD-002670,2025-10-28 16:28:44,Tuesday,Downtown,Delivery,DoorDash,Mobile Wallet,,Iced Tea,Beverage,3.35,1,3.35,11.68,2
ORD-002569,2025-10-28 17:49:00,Tuesday,Campus,In Store,,Credit Card,,Avocado Toast,Food,8.21,1,8.21,14.67,3
ORD-002569,2025-10-28 17:49:00,Tuesday,Campus,In Store,,Credit Card,,Cappuccino,Beverage,4.32,1,4.32,14.67,3
ORD-002569,2025-10-28 17:49:00,Tuesday,Campus,In Store,,Credit Card,,Bag of Chips,Snack,2.14,1,2.14,14.67,3
ORD-001222,2025-10-29 09:43:50,Wednesday,Downtown,In Store,,Credit Card,,Fruit Cup,Snack,3.98,1,3.98,25.9,5
ORD-001222,2025-10-29 09:43:50,Wednesday,Downtown,In Store,,Credit Card,,Cinnamon Roll,Pastry,4.36,1,4.36,25.9,5
ORD-001222,2025-10-29 09:43:50,Wednesday,Downtown,In Store,,Credit Card,,Bag of Chips,Snack,2.0,1,2.0,25.9,5
ORD-001222,2025-10-29 09:43:50,Wednesday,Downtown,In Store,,Credit Card,,Blueberry Muffin,Pastry,3.25,2,6.5,25.9,5
ORD-001222,2025-10-29 09:43:50,Wednesday,Downtown,In Store,,Credit Card,,Cold Brew,Beverage,4.53,2,9.06,25.9,5
ORD-001176,2025-10-29 09:53:38,Wednesday,Campus,Mobile,,Mobile Wallet,CUST-3167,Cinnamon Roll,Pastry,3.91,1,3.91,30.21,5
ORD-001176,2025-10-29 09:53:38,Wednesday,Campus,Mobile,,Mobile Wallet,CUST-3167,Mocha,Beverage,4.99,1,4.99,30.21,5
ORD-001176,2025-10-29 09:53:38,Wednesday,Campus,Mobile,,Mobile Wallet,CUST-3167,Cappuccino,Beverage,4.22,1,4.22,30.21,5
ORD-001176,2025-10-29 09:53:38,Wednesday,Campus,Mobile,,Mobile Wallet,CUST-3167,Chai Latte,Beverage,4.54,2,9.08,30.21,5
ORD-001176,2025-10-29 09:53:38,Wednesday,Campus,Mobile,,Mobile Wallet,CUST-3167,Veggie Wrap,Food,8.01,1,8.01,30.21,5
ORD-000002,2025-10-29 09:55:00,Wednesday,Uptown,Mobile,,Mobile Wallet,CUST-2731,Espresso Shot,Beverage,2.82,1,2.82,2.82,1
ORD-001485,2025-10-29 11:39:47,Wednesday,Riverside,Mobile,,Credit Card,CUST-2854,Chocolate Chip Cookie,Pastry,2.88,1,2.88,15.03,3
ORD-001485,2025-10-29 11:39:47,Wednesday,Riverside,Mobile,,Credit Card,CUST-2854,Turkey & Swiss Sandwich,Food,9.0,1,9.0,15.03,3
ORD-001485,2025-10-29 11:39:47,Wednesday,Riverside,Mobile,,Credit Card,CUST-2854,Scone,Pastry,3.15,1,3.15,15.03,3
ORD-001641,2025-10-29 12:04:57,Wednesday,Campus,Delivery,Grubhub,Debit Card,CUST-2724,Granola & Yogurt Cup,Snack,4.75,1,4.75,12.11,2
ORD-001641,2025-10-29 12:04:57,Wednesday,Campus,Delivery,Grubhub,Debit Card,CUST-2724,Breakfast Burrito,Food,7.36,1,7.36,12.11,2
ORD-000184,2025-10-29 13:55:45,Wednesday,Campus,Mobile,,Credit Card,CUST-3523,Mocha,Beverage,5.3,2,10.6,10.6,1
ORD-000758,2025-10-29 17:59:32,Wednesday,Downtown,In Store,,Debit Card,,Cinnamon Roll,Pastry,4.33,1,4.33,7.62,2
ORD-000758,2025-10-29 17:59:32,Wednesday,Downtown,In Store,,Debit Card,,Iced Tea,Beverage,3.29,1,3.29,7.62,2
ORD-002557,2025-10-29 18:19:53,Wednesday,Downtown,Mobile,,Debit Card,CUST-3779,Cappuccino,Beverage,4.75,1,4.75,20.61,3
ORD-002557,2025-10-29 18:19:53,Wednesday,Downtown,Mobile,,Debit Card,CUST-3779,Breakfast Burrito,Food,7.53,1,7.53,20.61,3
ORD-002557,2025-10-29 18:19:53,Wednesday,Downtown,Mobile,,Debit Card,CUST-3779,Avocado Toast,Food,8.33,1,8.33,20.61,3
ORD-002622,2025-10-30 06:06:28,Thursday,Riverside,In Store,,Credit Card,,Bag of Chips,Snack,1.98,1,1.98,5.65,2
ORD-002622,2025-10-30 06:06:28,Thursday,Riverside,In Store,,Credit Card,,Americano,Beverage,3.67,1,3.67,5.65,2
ORD-002859,2025-10-30 10:05:41,Thursday,Uptown,In Store,,Credit Card,,Breakfast Burrito,Food,7.71,1,7.71,28.57,4
ORD-002859,2025-10-30 10:05:41,Thursday,Uptown,In Store,,Credit Card,,Croissant,Pastry,3.44,1,3.44,28.57,4
ORD-002859,2025-10-30 10:05:41,Thursday,Uptown,In Store,,Credit Card,,Latte,Beverage,4.76,3,14.28,28.57,4
ORD-002859,2025-10-30 10:05:41,Thursday,Uptown,In Store,,Credit Card,,Blueberry Muffin,Pastry,3.14,1,3.14,28.57,4
ORD-001987,2025-10-30 10:25:48,Thursday,Uptown,In Store,,Mobile Wallet,,Drip Coffee,Beverage,3.04,2,6.08,9.58,2
ORD-001987,2025-10-30 10:25:48,Thursday,Uptown,In Store,,Mobile Wallet,,Bagel w/ Cream Cheese,Pastry,3.5,1,3.5,9.58,2
ORD-002827,2025-10-30 10:47:14,Thursday,Uptown,In Store,,Mobile Wallet,CUST-1467,Caesar Salad,Food,8.35,1,8.35,17.88,3
ORD-002827,2025-10-30 10:47:14,Thursday,Uptown,In Store,,Mobile Wallet,CUST-1467,Matcha Latte,Beverage,5.12,1,5.12,17.88,3
ORD-002827,2025-10-30 10:47:14,Thursday,Uptown,In Store,,Mobile Wallet,CUST-1467,Latte,Beverage,4.41,1,4.41,17.88,3
ORD-001787,2025-10-30 12:58:52,Thursday,Campus,In Store,,Mobile Wallet,CUST-4292,Cold Brew,Beverage,4.66,3,13.98,13.98,1
ORD-000757,2025-10-30 13:06:46,Thursday,Riverside,In Store,,Mobile Wallet,,Bag of Chips,Snack,2.3,1,2.3,7.57,2
ORD-000757,2025-10-30 13:06:46,Thursday,Riverside,In Store,,Mobile Wallet,,Granola & Yogurt Cup,Snack,5.27,1,5.27,7.57,2
ORD-001860,2025-10-30 14:53:20,Thursday,Downtown,Delivery,DoorDash,Mobile Wallet,,Mocha,Beverage,5.04,1,5.04,5.04,1
ORD-001544,2025-10-30 17:38:42,Thursday,Uptown,Mobile,,Credit Card,CUST-2313,Blueberry Muffin,Pastry,3.59,1,3.59,12.6,3
ORD-001544,2025-10-30 17:38:42,Thursday,Uptown,Mobile,,Credit Card,CUST-2313,Bagel w/ Cream Cheese,Pastry,3.96,1,3.96,12.6,3
ORD-001544,2025-10-30 17:38:42,Thursday,Uptown,Mobile,,Credit Card,CUST-2313,Granola & Yogurt Cup,Snack,5.05,1,5.05,12.6,3
ORD-000293,2025-10-31 08:40:32,Friday,Uptown,In Store,,Cash,CUST-4778,Blueberry Muffin,Pastry,3.42,1,3.42,3.42,1
ORD-000043,2025-10-31 09:54:15,Friday,Downtown,Mobile,,Debit Card,CUST-4611,Cinnamon Roll,Pastry,4.12,1,4.12,8.32,2
ORD-000043,2025-10-31 09:54:15,Friday,Downtown,Mobile,,Debit Card,CUST-4611,Fruit Cup,Snack,4.2,1,4.2,8.32,2
ORD-002348,2025-10-31 11:39:12,Friday,Uptown,In Store,,Cash,,Scone,Pastry,3.53,1,3.53,3.53,1
ORD-000386,2025-10-31 12:20:35,Friday,Campus,In Store,,Credit Card,CUST-2662,Americano,Beverage,3.45,1,3.45,3.45,1
ORD-002934,2025-10-31 14:22:43,Friday,Campus,In Store,,Mobile Wallet,,Latte,Beverage,4.35,2,8.7,33.53,3
ORD-002934,2025-10-31 14:22:43,Friday,Campus,In Store,,Mobile Wallet,,Grilled Cheese,Food,6.92,3,20.76,33.53,3
ORD-002934,2025-10-31 14:22:43,Friday,Campus,In Store,,Mobile Wallet,,Hot Chocolate,Beverage,4.07,1,4.07,33.53,3
ORD-001797,2025-11-01 09:25:28,Saturday,Downtown,Mobile,,Credit Card,CUST-3656,Matcha Latte,Beverage,5.34,1,5.34,15.61,3
ORD-001797,2025-11-01 09:25:28,Saturday,Downtown,Mobile,,Credit Card,CUST-3656,Drip Coffee,Beverage,3.01,1,3.01,15.61,3
ORD-001797,2025-11-01 09:25:28,Saturday,Downtown,Mobile,,Credit Card,CUST-3656,Breakfast Burrito,Food,7.26,1,7.26,15.61,3
ORD-000162,2025-11-01 10:49:20,Saturday,Riverside,In Store,,Mobile Wallet,,Chocolate Chip Cookie,Pastry,2.83,1,2.83,6.27,2
ORD-000162,2025-11-01 10:49:20,Saturday,Riverside,In Store,,Mobile Wallet,,Blueberry Muffin,Pastry,3.44,1,3.44,6.27,2
ORD-002260,2025-11-01 10:55:51,Saturday,Riverside,In Store,,Mobile Wallet,,Matcha Latte,Beverage,5.31,3,15.93,30.87,2
ORD-002260,2025-11-01 10:55:51,Saturday,Riverside,In Store,,Mobile Wallet,,Breakfast Burrito,Food,7.47,2,14.94,30.87,2
ORD-001448,2025-11-01 11:52:37,Saturday,Downtown,Mobile,,Credit Card,CUST-1366,Latte,Beverage,4.95,1,4.95,15.38,3
ORD-001448,2025-11-01 11:52:37,Saturday,Downtown,Mobile,,Credit Card,CUST-1366,Drip Coffee,Beverage,2.68,2,5.36,15.38,3
ORD-001448,2025-11-01 11:52:37,Saturday,Downtown,Mobile,,Credit Card,CUST-1366,Mocha,Beverage,5.07,1,5.07,15.38,3
ORD-001180,2025-11-01 12:49:37,Saturday,Uptown,In Store,,Cash,CUST-2820,Veggie Wrap,Food,7.9,1,7.9,34.64,5
ORD-001180,2025-11-01 12:49:37,Saturday,Uptown,In Store,,Cash,CUST-2820,Turkey & Swiss Sandwich,Food,8.3,2,16.6,34.64,5
ORD-001180,2025-11-01 12:49:37,Saturday,Uptown,In Store,,Cash,CUST-2820,Bag of Chips,Snack,1.77,1,1.77,34.64,5
ORD-001180,2025-11-01 12:49:37,Saturday,Uptown,In Store,,Cash,CUST-2820,Granola & Yogurt Cup,Snack,4.92,1,4.92,34.64,5
ORD-001180,2025-11-01 12:49:37,Saturday,Uptown,In Store,,Cash,CUST-2820,Scone,Pastry,3.45,1,3.45,34.64,5
ORD-002866,2025-11-01 15:17:15,Saturday,Uptown,Mobile,,Debit Card,CUST-1230,Cinnamon Roll,Pastry,3.91,1,3.91,22.72,5
ORD-002866,2025-11-01 15:17:15,Saturday,Uptown,Mobile,,Debit Card,CUST-1230,Chocolate Chip Cookie,Pastry,2.85,1,2.85,22.72,5
ORD-002866,2025-11-01 15:17:15,Saturday,Uptown,Mobile,,Debit Card,CUST-1230,Scone,Pastry,3.21,1,3.21,22.72,5
ORD-002866,2025-11-01 15:17:15,Saturday,Uptown,Mobile,,Debit Card,CUST-1230,Cold Brew,Beverage,4.72,2,9.44,22.72,5
ORD-002866,2025-11-01 15:17:15,Saturday,Uptown,Mobile,,Debit Card,CUST-1230,Croissant,Pastry,3.31,1,3.31,22.72,5
ORD-002452,2025-11-01 16:29:50,Saturday,Campus,Mobile,,Mobile Wallet,CUST-2128,Blueberry Muffin,Pastry,3.1,2,6.2,6.2,1
ORD-002226,2025-11-01 17:50:43,Saturday,Downtown,In Store,,Cash,,Bagel w/ Cream Cheese,Pastry,3.62,1,3.62,5.99,2
ORD-002226,2025-11-01 17:50:43,Saturday,Downtown,In Store,,Cash,,Bag of Chips,Snack,2.37,1,2.37,5.99,2
ORD-001370,2025-11-01 18:25:30,Saturday,Riverside,In Store,,Mobile Wallet,,Cold Brew,Beverage,4.76,1,4.76,16.31,4
ORD-001370,2025-11-01 18:25:30,Saturday,Riverside,In Store,,Mobile Wallet,,Croissant,Pastry,3.34,1,3.34,16.31,4
ORD-001370,2025-11-01 18:25:30,Saturday,Riverside,In Store,,Mobile Wallet,,Bag of Chips,Snack,2.03,2,4.06,16.31,4
ORD-001370,2025-11-01 18:25:30,Saturday,Riverside,In Store,,Mobile Wallet,,Hot Chocolate,Beverage,4.15,1,4.15,16.31,4
ORD-001626,2025-11-02 07:07:03,Sunday,Uptown,In Store,,Credit Card,,Turkey & Swiss Sandwich,Food,8.66,1,8.66,8.66,1
ORD-002821,2025-11-02 08:04:23,Sunday,Uptown,In Store,,Cash,,Grilled Cheese,Food,6.58,1,6.58,15.43,3
ORD-002821,2025-11-02 08:04:23,Sunday,Uptown,In Store,,Cash,,Hot Chocolate,Beverage,3.92,1,3.92,15.43,3
ORD-002821,2025-11-02 08:04:23,Sunday,Uptown,In Store,,Cash,,Matcha Latte,Beverage,4.93,1,4.93,15.43,3
ORD-002925,2025-11-02 08:25:22,Sunday,Riverside,Mobile,,Debit Card,CUST-2391,Chai Latte,Beverage,4.55,1,4.55,18.19,4
ORD-002925,2025-11-02 08:25:22,Sunday,Riverside,Mobile,,Debit Card,CUST-2391,Latte,Beverage,4.9,1,4.9,18.19,4
ORD-002925,2025-11-02 08:25:22,Sunday,Riverside,Mobile,,Debit Card,CUST-2391,Americano,Beverage,3.65,1,3.65,18.19,4
ORD-002925,2025-11-02 08:25:22,Sunday,Riverside,Mobile,,Debit Card,CUST-2391,Granola & Yogurt Cup,Snack,5.09,1,5.09,18.19,4
ORD-002078,2025-11-02 08:58:24,Sunday,Uptown,Mobile,,Credit Card,CUST-1010,Drip Coffee,Beverage,2.54,1,2.54,16.13,4
ORD-002078,2025-11-02 08:58:24,Sunday,Uptown,Mobile,,Credit Card,CUST-1010,Bagel w/ Cream Cheese,Pastry,4.16,1,4.16,16.13,4
ORD-002078,2025-11-02 08:58:24,Sunday,Uptown,Mobile,,Credit Card,CUST-1010,Cappuccino,Beverage,4.49,1,4.49,16.13,4
ORD-002078,2025-11-02 08:58:24,Sunday,Uptown,Mobile,,Credit Card,CUST-1010,Chai Latte,Beverage,4.94,1,4.94,16.13,4
ORD-002602,2025-11-02 11:59:11,Sunday,Riverside,In Store,,Mobile Wallet,CUST-4782,Bag of Chips,Snack,1.82,1,1.82,10.23,2
ORD-002602,2025-11-02 11:59:11,Sunday,Riverside,In Store,,Mobile Wallet,CUST-4782,Avocado Toast,Food,8.41,1,8.41,10.23,2
ORD-001090,2025-11-02 12:00:15,Sunday,Riverside,Mobile,,Debit Card,CUST-3608,Granola & Yogurt Cup,Snack,5.38,3,16.14,34.86,3
ORD-001090,2025-11-02 12:00:15,Sunday,Riverside,Mobile,,Debit Card,CUST-3608,Matcha Latte,Beverage,5.2,2,10.4,34.86,3
ORD-001090,2025-11-02 12:00:15,Sunday,Riverside,Mobile,,Debit Card,CUST-3608,Hot Chocolate,Beverage,4.16,2,8.32,34.86,3
ORD-001431,2025-11-02 17:18:00,Sunday,Campus,In Store,,Credit Card,CUST-2419,Cappuccino,Beverage,4.24,1,4.24,7.91,2
ORD-001431,2025-11-02 17:18:00,Sunday,Campus,In Store,,Credit Card,CUST-2419,Bagel w/ Cream Cheese,Pastry,3.67,1,3.67,7.91,2
ORD-001216,2025-11-03 07:20:30,Monday,Uptown,In Store,,Mobile Wallet,CUST-4439,Matcha Latte,Beverage,5.3,1,5.3,7.58,2
ORD-001216,2025-11-03 07:20:30,Monday,Uptown,In Store,,Mobile Wallet,CUST-4439,Espresso Shot,Beverage,2.28,1,2.28,7.58,2
ORD-002013,2025-11-03 09:35:24,Monday,Riverside,Mobile,,Mobile Wallet,CUST-2033,Cinnamon Roll,Pastry,3.93,2,7.86,12.9,2
ORD-002013,2025-11-03 09:35:24,Monday,Riverside,Mobile,,Mobile Wallet,CUST-2033,Drip Coffee,Beverage,2.52,2,5.04,12.9,2
ORD-002808,2025-11-03 10:58:36,Monday,Downtown,In Store,,Debit Card,,Blueberry Muffin,Pastry,3.3,1,3.3,3.3,1
ORD-000779,2025-11-03 11:00:17,Monday,Campus,Mobile,,Mobile Wallet,CUST-3047,Veggie Wrap,Food,7.85,1,7.85,7.85,1
ORD-001217,2025-11-03 12:24:45,Monday,Riverside,In Store,,Credit Card,,Chai Latte,Beverage,4.84,1,4.84,20.51,3
ORD-001217,2025-11-03 12:24:45,Monday,Riverside,In Store,,Credit Card,,Veggie Wrap,Food,7.89,1,7.89,20.51,3
ORD-001217,2025-11-03 12:24:45,Monday,Riverside,In Store,,Credit Card,,Avocado Toast,Food,7.78,1,7.78,20.51,3
ORD-001063,2025-11-03 12:40:48,Monday,Campus,In Store,,Debit Card,,Drip Coffee,Beverage,2.58,2,5.16,34.3,3
ORD-001063,2025-11-03 12:40:48,Monday,Campus,In Store,,Debit Card,,Granola & Yogurt Cup,Snack,5.3,3,15.9,34.3,3
ORD-001063,2025-11-03 12:40:48,Monday,Campus,In Store,,Debit Card,,Grilled Cheese,Food,6.62,2,13.24,34.3,3
ORD-000059,2025-11-03 12:56:08,Monday,Riverside,Mobile,,Debit Card,CUST-2392,Matcha Latte,Beverage,5.5,1,5.5,13.49,4
ORD-000059,2025-11-03 12:56:08,Monday,Riverside,Mobile,,Debit Card,CUST-2392,Scone,Pastry,3.37,1,3.37,13.49,4
ORD-000059,2025-11-03 12:56:08,Monday,Riverside,Mobile,,Debit Card,CUST-2392,Bag of Chips,Snack,1.86,1,1.86,13.49,4
ORD-000059,2025-11-03 12:56:08,Monday,Riverside,Mobile,,Debit Card,CUST-2392,Drip Coffee,Beverage,2.76,1,2.76,13.49,4
ORD-000864,2025-11-03 14:10:10,Monday,Riverside,In Store,,Credit Card,CUST-1271,Bagel w/ Cream Cheese,Pastry,3.81,1,3.81,3.81,1
ORD-000599,2025-11-04 07:21:24,Tuesday,Campus,Delivery,Grubhub,Mobile Wallet,,Chai Latte,Beverage,4.96,1,4.96,22.57,5
ORD-000599,2025-11-04 07:21:24,Tuesday,Campus,Delivery,Grubhub,Mobile Wallet,,Protein Box,Snack,7.14,1,7.14,22.57,5
ORD-000599,2025-11-04 07:21:24,Tuesday,Campus,Delivery,Grubhub,Mobile Wallet,,Chocolate Chip Cookie,Pastry,2.33,1,2.33,22.57,5
ORD-000599,2025-11-04 07:21:24,Tuesday,Campus,Delivery,Grubhub,Mobile Wallet,,Matcha Latte,Beverage,4.85,1,4.85,22.57,5
ORD-000599,2025-11-04 07:21:24,Tuesday,Campus,Delivery,Grubhub,Mobile Wallet,,Americano,Beverage,3.29,1,3.29,22.57,5
ORD-001672,2025-11-04 08:06:24,Tuesday,Riverside,In Store,,Cash,CUST-4178,Matcha Latte,Beverage,5.48,1,5.48,20.36,3
ORD-001672,2025-11-04 08:06:24,Tuesday,Riverside,In Store,,Cash,CUST-4178,Breakfast Burrito,Food,7.15,1,7.15,20.36,3
ORD-001672,2025-11-04 08:06:24,Tuesday,Riverside,In Store,,Cash,CUST-4178,Avocado Toast,Food,7.73,1,7.73,20.36,3
ORD-002471,2025-11-04 08:28:22,Tuesday,Riverside,In Store,,Debit Card,,Cold Brew,Beverage,5.12,1,5.12,27.01,4
ORD-002471,2025-11-04 08:28:22,Tuesday,Riverside,In Store,,Debit Card,,Protein Box,Snack,6.84,2,13.68,27.01,4
ORD-002471,2025-11-04 08:28:22,Tuesday,Riverside,In Store,,Debit Card,,Hot Chocolate,Beverage,3.57,1,3.57,27.01,4
ORD-002471,2025-11-04 08:28:22,Tuesday,Riverside,In Store,,Debit Card,,Cappuccino,Beverage,4.64,1,4.64,27.01,4
ORD-002533,2025-11-04 09:20:42,Tuesday,Campus,In Store,,Credit Card,,Grilled Cheese,Food,6.42,1,6.42,21.54,4
ORD-002533,2025-11-04 09:20:42,Tuesday,Campus,In Store,,Credit Card,,Scone,Pastry,3.55,1,3.55,21.54,4
ORD-002533,2025-11-04 09:20:42,Tuesday,Campus,In Store,,Credit Card,,Breakfast Burrito,Food,7.5,1,7.5,21.54,4
ORD-002533,2025-11-04 09:20:42,Tuesday,Campus,In Store,,Credit Card,,Fruit Cup,Snack,4.07,1,4.07,21.54,4
ORD-002675,2025-11-04 09:46:00,Tuesday,Downtown,In Store,,Debit Card,,Iced Tea,Beverage,2.89,1,2.89,21.16,3
ORD-002675,2025-11-04 09:46:00,Tuesday,Downtown,In Store,,Debit Card,,Drip Coffee,Beverage,2.91,1,2.91,21.16,3
ORD-002675,2025-11-04 09:46:00,Tuesday,Downtown,In Store,,Debit Card,,Breakfast Burrito,Food,7.68,2,15.36,21.16,3
ORD-000195,2025-11-04 12:38:18,Tuesday,Downtown,Mobile,,Mobile Wallet,CUST-4587,Scone,Pastry,3.29,1,3.29,3.29,1
ORD-000999,2025-11-04 16:43:24,Tuesday,Campus,In Store,,Credit Card,CUST-2446,Grilled Cheese,Food,6.6,1,6.6,11.02,2
ORD-000999,2025-11-04 16:43:24,Tuesday,Campus,In Store,,Credit Card,CUST-2446,Chai Latte,Beverage,4.42,1,4.42,11.02,2
ORD-002335,2025-11-04 17:19:27,Tuesday,Campus,In Store,,Mobile Wallet,CUST-2302,Croissant,Pastry,3.99,1,3.99,39.81,5
ORD-002335,2025-11-04 17:19:27,Tuesday,Campus,In Store,,Mobile Wallet,CUST-2302,Grilled Cheese,Food,6.86,1,6.86,39.81,5
ORD-002335,2025-11-04 17:19:27,Tuesday,Campus,In Store,,Mobile Wallet,CUST-2302,Protein Box,Snack,7.43,2,14.86,39.81,5
ORD-002335,2025-11-04 17:19:27,Tuesday,Campus,In Store,,Mobile Wallet,CUST-2302,Avocado Toast,Food,7.88,1,7.88,39.81,5
ORD-002335,2025-11-04 17:19:27,Tuesday,Campus,In Store,,Mobile Wallet,CUST-2302,Blueberry Muffin,Pastry,3.11,2,6.22,39.81,5
ORD-002576,2025-11-05 07:13:40,Wednesday,Campus,In Store,,Mobile Wallet,CUST-3666,Breakfast Burrito,Food,7.06,1,7.06,18.75,3
ORD-002576,2025-11-05 07:13:40,Wednesday,Campus,In Store,,Mobile Wallet,CUST-3666,Bagel w/ Cream Cheese,Pastry,3.94,2,7.88,18.75,3
ORD-002576,2025-11-05 07:13:40,Wednesday,Campus,In Store,,Mobile Wallet,CUST-3666,Hot Chocolate,Beverage,3.81,1,3.81,18.75,3
ORD-001766,2025-11-05 08:17:38,Wednesday,Uptown,Mobile,,Mobile Wallet,CUST-4882,Bagel w/ Cream Cheese,Pastry,3.67,1,3.67,5.77,2
ORD-001766,2025-11-05 08:17:38,Wednesday,Uptown,Mobile,,Mobile Wallet,CUST-4882,Bag of Chips,Snack,2.1,1,2.1,5.77,2
ORD-002094,2025-11-05 11:41:29,Wednesday,Riverside,Mobile,,Mobile Wallet,CUST-1942,Breakfast Burrito,Food,7.29,1,7.29,24.2,4
ORD-002094,2025-11-05 11:41:29,Wednesday,Riverside,Mobile,,Mobile Wallet,CUST-1942,Iced Tea,Beverage,3.32,1,3.32,24.2,4
ORD-002094,2025-11-05 11:41:29,Wednesday,Riverside,Mobile,,Mobile Wallet,CUST-1942,Chocolate Chip Cookie,Pastry,2.81,3,8.43,24.2,4
ORD-002094,2025-11-05 11:41:29,Wednesday,Riverside,Mobile,,Mobile Wallet,CUST-1942,Granola & Yogurt Cup,Snack,5.16,1,5.16,24.2,4
ORD-002108,2025-11-05 11:44:29,Wednesday,Downtown,In Store,,Credit Card,CUST-4669,Breakfast Burrito,Food,7.11,1,7.11,7.11,1
ORD-000560,2025-11-05 17:36:55,Wednesday,Campus,In Store,,Credit Card,,Blueberry Muffin,Pastry,3.08,1,3.08,3.08,1
ORD-000616,2025-11-06 09:17:07,Thursday,Campus,In Store,,Cash,CUST-1364,Iced Tea,Beverage,3.4,1,3.4,7.11,2
ORD-000616,2025-11-06 09:17:07,Thursday,Campus,In Store,,Cash,CUST-1364,Fruit Cup,Snack,3.71,1,3.71,7.11,2
ORD-000783,2025-11-06 09:29:13,Thursday,Uptown,Delivery,Grubhub,Credit Card,,Chocolate Chip Cookie,Pastry,2.25,3,6.75,9.85,2
ORD-000783,2025-11-06 09:29:13,Thursday,Uptown,Delivery,Grubhub,Credit Card,,Iced Tea,Beverage,3.1,1,3.1,9.85,2
ORD-001683,2025-11-06 09:36:38,Thursday,Downtown,In Store,,Cash,,Grilled Cheese,Food,6.75,1,6.75,14.57,2
ORD-001683,2025-11-06 09:36:38,Thursday,Downtown,In Store,,Cash,,Veggie Wrap,Food,7.82,1,7.82,14.57,2
ORD-000079,2025-11-06 11:50:44,Thursday,Uptown,In Store,,Mobile Wallet,,Iced Tea,Beverage,3.05,2,6.1,6.1,1
ORD-001565,2025-11-06 12:02:38,Thursday,Downtown,In Store,,Cash,,Grilled Cheese,Food,6.31,2,12.62,24.55,3
ORD-001565,2025-11-06 12:02:38,Thursday,Downtown,In Store,,Cash,,Hot Chocolate,Beverage,3.79,1,3.79,24.55,3
ORD-001565,2025-11-06 12:02:38,Thursday,Downtown,In Store,,Cash,,Veggie Wrap,Food,8.14,1,8.14,24.55,3
ORD-002445,2025-11-06 12:30:11,Thursday,Riverside,In Store,,Credit Card,CUST-1659,Grilled Cheese,Food,6.9,1,6.9,6.9,1
ORD-000317,2025-11-06 13:17:56,Thursday,Riverside,In Store,,Mobile Wallet,,Drip Coffee,Beverage,2.68,1,2.68,2.68,1
ORD-001904,2025-11-06 15:21:13,Thursday,Campus,Mobile,,Debit Card,CUST-3539,Scone,Pastry,3.33,1,3.33,7.28,2
ORD-001904,2025-11-06 15:21:13,Thursday,Campus,Mobile,,Debit Card,CUST-3539,Fruit Cup,Snack,3.95,1,3.95,7.28,2
ORD-001472,2025-11-06 15:30:12,Thursday,Downtown,In Store,,Debit Card,,Matcha Latte,Beverage,4.89,1,4.89,8.83,2
ORD-001472,2025-11-06 15:30:12,Thursday,Downtown,In Store,,Debit Card,,Fruit Cup,Snack,3.94,1,3.94,8.83,2
ORD-000789,2025-11-06 16:10:40,Thursday,Uptown,Mobile,,Debit Card,CUST-3295,Protein Box,Snack,7.19,2,14.38,20.72,2
ORD-000789,2025-11-06 16:10:40,Thursday,Uptown,Mobile,,Debit Card,CUST-3295,Grilled Cheese,Food,6.34,1,6.34,20.72,2
ORD-001783,2025-11-06 16:40:05,Thursday,Riverside,In Store,,Cash,CUST-3726,Iced Tea,Beverage,3.38,1,3.38,12.16,4
ORD-001783,2025-11-06 16:40:05,Thursday,Riverside,In Store,,Cash,CUST-3726,Bag of Chips,Snack,1.85,1,1.85,12.16,4
ORD-001783,2025-11-06 16:40:05,Thursday,Riverside,In Store,,Cash,CUST-3726,Croissant,Pastry,3.27,1,3.27,12.16,4
ORD-001783,2025-11-06 16:40:05,Thursday,Riverside,In Store,,Cash,CUST-3726,Hot Chocolate,Beverage,3.66,1,3.66,12.16,4
ORD-000633,2025-11-07 07:11:16,Friday,Riverside,Delivery,Uber Eats,Debit Card,CUST-3740,Turkey & Swiss Sandwich,Food,8.35,1,8.35,8.35,1
ORD-000583,2025-11-07 11:21:08,Friday,Uptown,Mobile,,Credit Card,CUST-4752,Drip Coffee,Beverage,3.05,2,6.1,6.1,1
ORD-001998,2025-11-07 15:10:09,Friday,Campus,In Store,,Debit Card,,Cold Brew,Beverage,4.53,1,4.53,4.53,1
ORD-002814,2025-11-08 09:02:28,Saturday,Campus,In Store,,Debit Card,CUST-3660,Breakfast Burrito,Food,7.73,1,7.73,11.95,2
ORD-002814,2025-11-08 09:02:28,Saturday,Campus,In Store,,Debit Card,CUST-3660,Cappuccino,Beverage,4.22,1,4.22,11.95,2
ORD-000532,2025-11-08 11:57:00,Saturday,Campus,Mobile,,Mobile Wallet,CUST-4667,Fruit Cup,Snack,3.76,1,3.76,11.47,3
ORD-000532,2025-11-08 11:57:00,Saturday,Campus,Mobile,,Mobile Wallet,CUST-4667,Blueberry Muffin,Pastry,3.62,1,3.62,11.47,3
ORD-000532,2025-11-08 11:57:00,Saturday,Campus,Mobile,,Mobile Wallet,CUST-4667,Bagel w/ Cream Cheese,Pastry,4.09,1,4.09,11.47,3
ORD-000104,2025-11-08 12:07:49,Saturday,Riverside,In Store,,Cash,CUST-2719,Cinnamon Roll,Pastry,4.15,1,4.15,11.78,2
ORD-000104,2025-11-08 12:07:49,Saturday,Riverside,In Store,,Cash,CUST-2719,Breakfast Burrito,Food,7.63,1,7.63,11.78,2
ORD-001623,2025-11-08 15:40:24,Saturday,Uptown,In Store,,Debit Card,,Scone,Pastry,3.51,1,3.51,8.33,2
ORD-001623,2025-11-08 15:40:24,Saturday,Uptown,In Store,,Debit Card,,Mocha,Beverage,4.82,1,4.82,8.33,2
ORD-002203,2025-11-08 18:10:16,Saturday,Riverside,Delivery,Uber Eats,Credit Card,CUST-2661,Cold Brew,Beverage,4.58,1,4.58,7.6,2
ORD-002203,2025-11-08 18:10:16,Saturday,Riverside,Delivery,Uber Eats,Credit Card,CUST-2661,Americano,Beverage,3.02,1,3.02,7.6,2
ORD-000256,2025-11-09 10:22:39,Sunday,Uptown,In Store,,Mobile Wallet,,Chocolate Chip Cookie,Pastry,2.3,1,2.3,2.3,1
ORD-001240,2025-11-09 10:43:11,Sunday,Riverside,In Store,,Credit Card,,Croissant,Pastry,3.5,2,7.0,20.41,3
ORD-001240,2025-11-09 10:43:11,Sunday,Riverside,In Store,,Credit Card,,Granola & Yogurt Cup,Snack,5.27,1,5.27,20.41,3
ORD-001240,2025-11-09 10:43:11,Sunday,Riverside,In Store,,Credit Card,,Cinnamon Roll,Pastry,4.07,2,8.14,20.41,3
ORD-001178,2025-11-09 11:00:04,Sunday,Riverside,Mobile,,Credit Card,CUST-4618,Caesar Salad,Food,8.35,1,8.35,11.21,2
ORD-001178,2025-11-09 11:00:04,Sunday,Riverside,Mobile,,Credit Card,CUST-4618,Espresso Shot,Beverage,2.86,1,2.86,11.21,2
ORD-002507,2025-11-09 11:46:00,Sunday,Uptown,In Store,,Cash,,Hot Chocolate,Beverage,3.74,1,3.74,20.24,2
ORD-002507,2025-11-09 11:46:00,Sunday,Uptown,In Store,,Cash,,Caesar Salad,Food,8.25,2,16.5,20.24,2
ORD-000846,2025-11-09 13:20:33,Sunday,Campus,Delivery,Uber Eats,Mobile Wallet,CUST-2076,Hot Chocolate,Beverage,4.12,1,4.12,6.1,2
ORD-000846,2025-11-09 13:20:33,Sunday,Campus,Delivery,Uber Eats,Mobile Wallet,CUST-2076,Bag of Chips,Snack,1.98,1,1.98,6.1,2
ORD-000414,2025-11-09 13:38:11,Sunday,Downtown,Mobile,,Mobile Wallet,CUST-4385,Chocolate Chip Cookie,Pastry,2.98,3,8.94,15.48,3
ORD-000414,2025-11-09 13:38:11,Sunday,Downtown,Mobile,,Mobile Wallet,CUST-4385,Croissant,Pastry,3.39,1,3.39,15.48,3
ORD-000414,2025-11-09 13:38:11,Sunday,Downtown,Mobile,,Mobile Wallet,CUST-4385,Drip Coffee,Beverage,3.15,1,3.15,15.48,3
ORD-000065,2025-11-09 16:39:43,Sunday,Uptown,In Store,,Credit Card,,Matcha Latte,Beverage,5.42,1,5.42,5.42,1
ORD-002077,2025-11-10 07:27:38,Monday,Uptown,In Store,,Cash,,Veggie Wrap,Food,7.94,2,15.88,30.03,3
ORD-002077,2025-11-10 07:27:38,Monday,Uptown,In Store,,Cash,,Mocha,Beverage,5.33,1,5.33,30.03,3
ORD-002077,2025-11-10 07:27:38,Monday,Uptown,In Store,,Cash,,Turkey & Swiss Sandwich,Food,8.82,1,8.82,30.03,3
ORD-002613,2025-11-10 08:34:57,Monday,Uptown,In Store,,Cash,CUST-1014,Chai Latte,Beverage,4.42,1,4.42,4.42,1
ORD-000356,2025-11-10 09:14:14,Monday,Riverside,Mobile,,Credit Card,CUST-3818,Breakfast Burrito,Food,7.12,1,7.12,13.3,3
ORD-000356,2025-11-10 09:14:14,Monday,Riverside,Mobile,,Credit Card,CUST-3818,Scone,Pastry,3.44,1,3.44,13.3,3
ORD-000356,2025-11-10 09:14:14,Monday,Riverside,Mobile,,Credit Card,CUST-3818,Espresso Shot,Beverage,2.74,1,2.74,13.3,3
ORD-001906,2025-11-10 09:50:45,Monday,Riverside,In Store,,Credit Card,,Caesar Salad,Food,8.42,1,8.42,12.17,2
ORD-001906,2025-11-10 09:50:45,Monday,Riverside,In Store,,Credit Card,,Bagel w/ Cream Cheese,Pastry,3.75,1,3.75,12.17,2
ORD-001492,2025-11-10 12:08:03,Monday,Uptown,In Store,,Mobile Wallet,,Cinnamon Roll,Pastry,4.03,1,4.03,4.03,1
ORD-000324,2025-11-10 15:43:17,Monday,Riverside,In Store,,Mobile Wallet,CUST-1280,Hot Chocolate,Beverage,3.84,1,3.84,3.84,1
ORD-000486,2025-11-10 16:59:16,Monday,Campus,In Store,,Credit Card,CUST-3012,Turkey & Swiss Sandwich,Food,8.29,1,8.29,19.22,3
ORD-000486,2025-11-10 16:59:16,Monday,Campus,In Store,,Credit Card,CUST-3012,Caesar Salad,Food,8.35,1,8.35,19.22,3
ORD-000486,2025-11-10 16:59:16,Monday,Campus,In Store,,Credit Card,CUST-3012,Espresso Shot,Beverage,2.58,1,2.58,19.22,3
ORD-000990,2025-11-10 17:08:51,Monday,Riverside,Mobile,,Credit Card,CUST-3814,Iced Tea,Beverage,2.97,1,2.97,17.91,3
ORD-000990,2025-11-10 17:08:51,Monday,Riverside,Mobile,,Credit Card,CUST-3814,Turkey & Swiss Sandwich,Food,8.34,1,8.34,17.91,3
ORD-000990,2025-11-10 17:08:51,Monday,Riverside,Mobile,,Credit Card,CUST-3814,Grilled Cheese,Food,6.6,1,6.6,17.91,3
ORD-000867,2025-11-11 08:14:16,Tuesday,Riverside,In Store,,Debit Card,,Scone,Pastry,3.82,1,3.82,12.26,2
ORD-000867,2025-11-11 08:14:16,Tuesday,Riverside,In Store,,Debit Card,,Avocado Toast,Food,8.44,1,8.44,12.26,2
ORD-002726,2025-11-11 11:33:33,Tuesday,Campus,In Store,,Debit Card,,Croissant,Pastry,3.43,1,3.43,20.73,2
ORD-002726,2025-11-11 11:33:33,Tuesday,Campus,In Store,,Debit Card,,Caesar Salad,Food,8.65,2,17.3,20.73,2
ORD-001628,2025-11-11 11:33:50,Tuesday,Uptown,Mobile,,Credit Card,CUST-2385,Cinnamon Roll,Pastry,4.08,2,8.16,11.23,2
ORD-001628,2025-11-11 11:33:50,Tuesday,Uptown,Mobile,,Credit Card,CUST-2385,Drip Coffee,Beverage,3.07,1,3.07,11.23,2
ORD-001721,2025-11-11 11:49:13,Tuesday,Riverside,In Store,,Credit Card,CUST-3357,Chocolate Chip Cookie,Pastry,2.74,2,5.48,5.48,1
ORD-000093,2025-11-11 12:24:29,Tuesday,Downtown,In Store,,Mobile Wallet,,Mocha,Beverage,5.08,1,5.08,14.35,2
ORD-000093,2025-11-11 12:24:29,Tuesday,Downtown,In Store,,Mobile Wallet,,Iced Tea,Beverage,3.09,3,9.27,14.35,2
ORD-002084,2025-11-11 12:38:29,Tuesday,Uptown,Delivery,Uber Eats,Mobile Wallet,CUST-3139,Breakfast Burrito,Food,7.6,1,7.6,7.6,1
ORD-001402,2025-11-11 12:48:17,Tuesday,Riverside,Mobile,,Credit Card,CUST-4504,Bag of Chips,Snack,2.42,1,2.42,9.91,3
ORD-001402,2025-11-11 12:48:17,Tuesday,Riverside,Mobile,,Credit Card,CUST-4504,Fruit Cup,Snack,4.07,1,4.07,9.91,3
ORD-001402,2025-11-11 12:48:17,Tuesday,Riverside,Mobile,,Credit Card,CUST-4504,Iced Tea,Beverage,3.42,1,3.42,9.91,3
ORD-000288,2025-11-11 13:48:32,Tuesday,Uptown,In Store,,Credit Card,,Granola & Yogurt Cup,Snack,5.27,1,5.27,8.22,2
ORD-000288,2025-11-11 13:48:32,Tuesday,Uptown,In Store,,Credit Card,,Espresso Shot,Beverage,2.95,1,2.95,8.22,2
ORD-001710,2025-11-11 14:06:58,Tuesday,Campus,In Store,,Mobile Wallet,,Chocolate Chip Cookie,Pastry,2.38,1,2.38,5.8,2
ORD-001710,2025-11-11 14:06:58,Tuesday,Campus,In Store,,Mobile Wallet,,Iced Tea,Beverage,3.42,1,3.42,5.8,2
ORD-002458,2025-11-11 14:07:49,Tuesday,Campus,Mobile,,Credit Card,CUST-2080,Bagel w/ Cream Cheese,Pastry,3.82,1,3.82,31.73,4
ORD-002458,2025-11-11 14:07:49,Tuesday,Campus,Mobile,,Credit Card,CUST-2080,Veggie Wrap,Food,8.2,2,16.4,31.73,4
ORD-002458,2025-11-11 14:07:49,Tuesday,Campus,Mobile,,Credit Card,CUST-2080,Breakfast Burrito,Food,7.71,1,7.71,31.73,4
ORD-002458,2025-11-11 14:07:49,Tuesday,Campus,Mobile,,Credit Card,CUST-2080,Hot Chocolate,Beverage,3.8,1,3.8,31.73,4
ORD-001192,2025-11-12 07:20:41,Wednesday,Uptown,In Store,,Debit Card,CUST-4226,Blueberry Muffin,Pastry,3.56,1,3.56,12.96,2
ORD-001192,2025-11-12 07:20:41,Wednesday,Uptown,In Store,,Debit Card,CUST-4226,Cappuccino,Beverage,4.7,2,9.4,12.96,2
ORD-001894,2025-11-12 13:27:16,Wednesday,Riverside,In Store,,Mobile Wallet,,Fruit Cup,Snack,4.18,1,4.18,4.18,1
ORD-000736,2025-11-12 19:23:22,Wednesday,Campus,In Store,,Cash,CUST-1376,Chai Latte,Beverage,4.92,1,4.92,7.6,2
ORD-000736,2025-11-12 19:23:22,Wednesday,Campus,In Store,,Cash,CUST-1376,Chocolate Chip Cookie,Pastry,2.68,1,2.68,7.6,2
ORD-001148,2025-11-13 07:52:49,Thursday,Campus,Mobile,,Debit Card,CUST-4684,Americano,Beverage,3.35,1,3.35,13.04,3
ORD-001148,2025-11-13 07:52:49,Thursday,Campus,Mobile,,Debit Card,CUST-4684,Granola & Yogurt Cup,Snack,5.03,1,5.03,13.04,3
ORD-001148,2025-11-13 07:52:49,Thursday,Campus,Mobile,,Debit Card,CUST-4684,Chai Latte,Beverage,4.66,1,4.66,13.04,3
ORD-002766,2025-11-13 08:33:59,Thursday,Uptown,In Store,,Credit Card,,Chai Latte,Beverage,4.91,1,4.91,4.91,1
ORD-000874,2025-11-13 08:59:48,Thursday,Campus,Mobile,,Credit Card,CUST-2140,Blueberry Muffin,Pastry,3.68,1,3.68,3.68,1
ORD-000894,2025-11-13 11:37:27,Thursday,Uptown,In Store,,Cash,,Latte,Beverage,4.78,1,4.78,8.3,2
ORD-000894,2025-11-13 11:37:27,Thursday,Uptown,In Store,,Cash,,Croissant,Pastry,3.52,1,3.52,8.3,2
ORD-001758,2025-11-13 12:08:06,Thursday,Downtown,In Store,,Debit Card,CUST-2729,Chocolate Chip Cookie,Pastry,2.8,1,2.8,6.57,2
ORD-001758,2025-11-13 12:08:06,Thursday,Downtown,In Store,,Debit Card,CUST-2729,Bagel w/ Cream Cheese,Pastry,3.77,1,3.77,6.57,2
ORD-002531,2025-11-13 12:40:48,Thursday,Riverside,Delivery,DoorDash,Credit Card,,Cappuccino,Beverage,4.01,1,4.01,7.71,2
ORD-002531,2025-11-13 12:40:48,Thursday,Riverside,Delivery,DoorDash,Credit Card,,Hot Chocolate,Beverage,3.7,1,3.7,7.71,2
ORD-000995,2025-11-13 12:48:17,Thursday,Riverside,Delivery,DoorDash,Credit Card,CUST-3392,Chai Latte,Beverage,4.97,1,4.97,4.97,1
ORD-002222,2025-11-13 13:18:39,Thursday,Campus,In Store,,Mobile Wallet,CUST-4473,Fruit Cup,Snack,3.92,1,3.92,3.92,1
ORD-001082,2025-11-13 13:46:10,Thursday,Riverside,In Store,,Mobile Wallet,CUST-1084,Chocolate Chip Cookie,Pastry,2.35,1,2.35,2.35,1
ORD-001390,2025-11-13 13:55:53,Thursday,Uptown,Mobile,,Credit Card,CUST-2823,Croissant,Pastry,3.57,1,3.57,8.24,2
ORD-001390,2025-11-13 13:55:53,Thursday,Uptown,Mobile,,Credit Card,CUST-2823,Latte,Beverage,4.67,1,4.67,8.24,2
ORD-000541,2025-11-13 14:14:55,Thursday,Downtown,In Store,,Mobile Wallet,,Americano,Beverage,3.39,1,3.39,13.73,3
ORD-000541,2025-11-13 14:14:55,Thursday,Downtown,In Store,,Mobile Wallet,,Iced Tea,Beverage,2.83,1,2.83,13.73,3
ORD-000541,2025-11-13 14:14:55,Thursday,Downtown,In Store,,Mobile Wallet,,Breakfast Burrito,Food,7.51,1,7.51,13.73,3
ORD-001795,2025-11-13 16:05:23,Thursday,Downtown,Mobile,,Debit Card,CUST-2122,Drip Coffee,Beverage,2.63,2,5.26,5.26,1
ORD-000437,2025-11-13 16:28:22,Thursday,Downtown,In Store,,Credit Card,,Fruit Cup,Snack,3.72,1,3.72,3.72,1
ORD-000334,2025-11-14 09:46:04,Friday,Campus,Mobile,,Credit Card,CUST-3146,Turkey & Swiss Sandwich,Food,8.33,1,8.33,14.57,3
ORD-000334,2025-11-14 09:46:04,Friday,Campus,Mobile,,Credit Card,CUST-3146,Fruit Cup,Snack,3.94,1,3.94,14.57,3
ORD-000334,2025-11-14 09:46:04,Friday,Campus,Mobile,,Credit Card,CUST-3146,Espresso Shot,Beverage,2.3,1,2.3,14.57,3
ORD-002129,2025-11-14 10:44:58,Friday,Riverside,In Store,,Debit Card,,Iced Tea,Beverage,3.03,1,3.03,3.03,1
ORD-001550,2025-11-14 10:58:36,Friday,Downtown,Delivery,Uber Eats,Mobile Wallet,,Drip Coffee,Beverage,2.99,1,2.99,2.99,1
ORD-000701,2025-11-14 12:49:25,Friday,Riverside,In Store,,Mobile Wallet,CUST-2258,Americano,Beverage,3.02,1,3.02,34.75,5
ORD-000701,2025-11-14 12:49:25,Friday,Riverside,In Store,,Mobile Wallet,CUST-2258,Espresso Shot,Beverage,2.59,1,2.59,34.75,5
ORD-000701,2025-11-14 12:49:25,Friday,Riverside,In Store,,Mobile Wallet,CUST-2258,Veggie Wrap,Food,8.17,1,8.17,34.75,5
ORD-000701,2025-11-14 12:49:25,Friday,Riverside,In Store,,Mobile Wallet,CUST-2258,Avocado Toast,Food,8.26,2,16.52,34.75,5
ORD-000701,2025-11-14 12:49:25,Friday,Riverside,In Store,,Mobile Wallet,CUST-2258,Cinnamon Roll,Pastry,4.45,1,4.45,34.75,5
ORD-001039,2025-11-14 15:50:49,Friday,Downtown,In Store,,Credit Card,CUST-1656,Turkey & Swiss Sandwich,Food,8.51,1,8.51,15.5,2
ORD-001039,2025-11-14 15:50:49,Friday,Downtown,In Store,,Credit Card,CUST-1656,Grilled Cheese,Food,6.99,1,6.99,15.5,2
ORD-000271,2025-11-14 16:55:55,Friday,Uptown,In Store,,Debit Card,,Mocha,Beverage,4.83,1,4.83,12.55,2
ORD-000271,2025-11-14 16:55:55,Friday,Uptown,In Store,,Debit Card,,Breakfast Burrito,Food,7.72,1,7.72,12.55,2
ORD-002887,2025-11-15 08:07:25,Saturday,Campus,In Store,,Cash,,Blueberry Muffin,Pastry,3.3,1,3.3,20.16,2
ORD-002887,2025-11-15 08:07:25,Saturday,Campus,In Store,,Cash,,Avocado Toast,Food,8.43,2,16.86,20.16,2
ORD-001290,2025-11-15 10:45:09,Saturday,Campus,In Store,,Credit Card,,Veggie Wrap,Food,8.04,1,8.04,8.04,1
ORD-000083,2025-11-15 13:41:35,Saturday,Riverside,In Store,,Cash,CUST-3878,Drip Coffee,Beverage,3.23,1,3.23,9.39,3
ORD-000083,2025-11-15 13:41:35,Saturday,Riverside,In Store,,Cash,CUST-3878,Iced Tea,Beverage,2.86,1,2.86,9.39,3
ORD-000083,2025-11-15 13:41:35,Saturday,Riverside,In Store,,Cash,CUST-3878,Croissant,Pastry,3.3,1,3.3,9.39,3
ORD-002595,2025-11-15 13:52:37,Saturday,Uptown,In Store,,Credit Card,CUST-3221,Chocolate Chip Cookie,Pastry,2.54,3,7.62,20.24,3
ORD-002595,2025-11-15 13:52:37,Saturday,Uptown,In Store,,Credit Card,CUST-3221,Cinnamon Roll,Pastry,4.3,1,4.3,20.24,3
ORD-002595,2025-11-15 13:52:37,Saturday,Uptown,In Store,,Credit Card,CUST-3221,Caesar Salad,Food,8.32,1,8.32,20.24,3
ORD-001342,2025-11-15 14:42:48,Saturday,Downtown,Delivery,Uber Eats,Debit Card,CUST-3716,Scone,Pastry,3.65,1,3.65,3.65,1
ORD-001708,2025-11-15 15:09:14,Saturday,Riverside,In Store,,Credit Card,CUST-1959,Blueberry Muffin,Pastry,3.35,1,3.35,3.35,1
ORD-002415,2025-11-16 10:29:46,Sunday,Downtown,In Store,,Credit Card,,Americano,Beverage,3.66,1,3.66,3.66,1
ORD-000522,2025-11-16 13:26:24,Sunday,Campus,In Store,,Debit Card,,Veggie Wrap,Food,7.92,1,7.92,31.41,5
ORD-000522,2025-11-16 13:26:24,Sunday,Campus,In Store,,Debit Card,,Matcha Latte,Beverage,5.17,1,5.17,31.41,5
ORD-000522,2025-11-16 13:26:24,Sunday,Campus,In Store,,Debit Card,,Granola & Yogurt Cup,Snack,5.3,1,5.3,31.41,5
ORD-000522,2025-11-16 13:26:24,Sunday,Campus,In Store,,Debit Card,,Cinnamon Roll,Pastry,4.28,2,8.56,31.41,5
ORD-000522,2025-11-16 13:26:24,Sunday,Campus,In Store,,Debit Card,,Cappuccino,Beverage,4.46,1,4.46,31.41,5
ORD-000765,2025-11-17 07:40:40,Monday,Uptown,In Store,,Mobile Wallet,,Mocha,Beverage,4.81,1,4.81,4.81,1
ORD-001798,2025-11-17 07:45:46,Monday,Campus,In Store,,Cash,CUST-4639,Turkey & Swiss Sandwich,Food,8.58,1,8.58,8.58,1
ORD-000971,2025-11-17 08:21:34,Monday,Uptown,Mobile,,Mobile Wallet,CUST-1571,Grilled Cheese,Food,6.95,1,6.95,23.99,5
ORD-000971,2025-11-17 08:21:34,Monday,Uptown,Mobile,,Mobile Wallet,CUST-1571,Mocha,Beverage,5.08,1,5.08,23.99,5
ORD-000971,2025-11-17 08:21:34,Monday,Uptown,Mobile,,Mobile Wallet,CUST-1571,Protein Box,Snack,7.01,1,7.01,23.99,5
ORD-000971,2025-11-17 08:21:34,Monday,Uptown,Mobile,,Mobile Wallet,CUST-1571,Blueberry Muffin,Pastry,3.12,1,3.12,23.99,5
ORD-000971,2025-11-17 08:21:34,Monday,Uptown,Mobile,,Mobile Wallet,CUST-1571,Bag of Chips,Snack,1.83,1,1.83,23.99,5
ORD-002093,2025-11-17 09:43:39,Monday,Downtown,In Store,,Cash,,Bagel w/ Cream Cheese,Pastry,3.97,1,3.97,3.97,1
ORD-002142,2025-11-17 10:03:19,Monday,Downtown,Delivery,DoorDash,Debit Card,CUST-3683,Turkey & Swiss Sandwich,Food,8.32,2,16.64,16.64,1
ORD-002749,2025-11-17 11:25:55,Monday,Downtown,Delivery,Uber Eats,Mobile Wallet,CUST-4234,Chai Latte,Beverage,4.74,1,4.74,4.74,1
ORD-001101,2025-11-17 11:39:36,Monday,Riverside,Mobile,,Mobile Wallet,CUST-3628,Breakfast Burrito,Food,7.51,1,7.51,22.63,2
ORD-001101,2025-11-17 11:39:36,Monday,Riverside,Mobile,,Mobile Wallet,CUST-3628,Granola & Yogurt Cup,Snack,5.04,3,15.12,22.63,2
ORD-000843,2025-11-17 11:48:11,Monday,Riverside,In Store,,Mobile Wallet,,Fruit Cup,Snack,3.93,1,3.93,3.93,1
ORD-001888,2025-11-17 12:49:26,Monday,Riverside,Mobile,,Debit Card,CUST-3821,Cold Brew,Beverage,4.64,1,4.64,20.32,3
ORD-001888,2025-11-17 12:49:26,Monday,Riverside,Mobile,,Debit Card,CUST-3821,Croissant,Pastry,3.64,2,7.28,20.32,3
ORD-001888,2025-11-17 12:49:26,Monday,Riverside,Mobile,,Debit Card,CUST-3821,Avocado Toast,Food,8.4,1,8.4,20.32,3
ORD-001592,2025-11-17 14:09:58,Monday,Campus,In Store,,Mobile Wallet,,Cappuccino,Beverage,4.54,1,4.54,4.54,1
ORD-002039,2025-11-18 09:40:35,Tuesday,Campus,In Store,,Credit Card,,Americano,Beverage,3.48,1,3.48,15.42,3
ORD-002039,2025-11-18 09:40:35,Tuesday,Campus,In Store,,Credit Card,,Protein Box,Snack,7.09,1,7.09,15.42,3
ORD-002039,2025-11-18 09:40:35,Tuesday,Campus,In Store,,Credit Card,,Cold Brew,Beverage,4.85,1,4.85,15.42,3
ORD-002407,2025-11-18 10:41:10,Tuesday,Downtown,In Store,,Debit Card,CUST-4300,Bagel w/ Cream Cheese,Pastry,4.16,1,4.16,8.79,2
ORD-002407,2025-11-18 10:41:10,Tuesday,Downtown,In Store,,Debit Card,CUST-4300,Latte,Beverage,4.63,1,4.63,8.79,2
ORD-001319,2025-11-18 13:30:00,Tuesday,Campus,In Store,,Cash,,Cappuccino,Beverage,4.41,1,4.41,9.68,2
ORD-001319,2025-11-18 13:30:00,Tuesday,Campus,In Store,,Cash,,Matcha Latte,Beverage,5.27,1,5.27,9.68,2
ORD-002936,2025-11-18 17:42:55,Tuesday,Downtown,In Store,,Mobile Wallet,,Cold Brew,Beverage,4.62,1,4.62,4.62,1
ORD-001557,2025-11-19 07:58:44,Wednesday,Riverside,In Store,,Cash,,Caesar Salad,Food,8.4,1,8.4,8.4,1
ORD-000507,2025-11-19 08:13:58,Wednesday,Riverside,In Store,,Mobile Wallet,,Americano,Beverage,3.25,1,3.25,6.14,2
ORD-000507,2025-11-19 08:13:58,Wednesday,Riverside,In Store,,Mobile Wallet,,Espresso Shot,Beverage,2.89,1,2.89,6.14,2
ORD-001773,2025-11-19 08:26:53,Wednesday,Campus,In Store,,Mobile Wallet,,Espresso Shot,Beverage,2.52,1,2.52,7.27,2
ORD-001773,2025-11-19 08:26:53,Wednesday,Campus,In Store,,Mobile Wallet,,Chai Latte,Beverage,4.75,1,4.75,7.27,2
ORD-002224,2025-11-19 10:30:18,Wednesday,Campus,Mobile,,Mobile Wallet,CUST-2311,Drip Coffee,Beverage,3.22,3,9.66,12.37,2
ORD-002224,2025-11-19 10:30:18,Wednesday,Campus,Mobile,,Mobile Wallet,CUST-2311,Espresso Shot,Beverage,2.71,1,2.71,12.37,2
ORD-001295,2025-11-19 11:45:48,Wednesday,Riverside,In Store,,Mobile Wallet,,Fruit Cup,Snack,3.81,1,3.81,3.81,1
ORD-000314,2025-11-19 12:46:20,Wednesday,Riverside,Mobile,,Debit Card,CUST-3302,Blueberry Muffin,Pastry,3.63,1,3.63,18.12,4
ORD-000314,2025-11-19 12:46:20,Wednesday,Riverside,Mobile,,Debit Card,CUST-3302,Americano,Beverage,3.56,1,3.56,18.12,4
ORD-000314,2025-11-19 12:46:20,Wednesday,Riverside,Mobile,,Debit Card,CUST-3302,Grilled Cheese,Food,6.52,1,6.52,18.12,4
ORD-000314,2025-11-19 12:46:20,Wednesday,Riverside,Mobile,,Debit Card,CUST-3302,Latte,Beverage,4.41,1,4.41,18.12,4
ORD-000509,2025-11-19 13:09:48,Wednesday,Campus,Mobile,,Credit Card,CUST-1565,Scone,Pastry,3.75,1,3.75,10.13,3
ORD-000509,2025-11-19 13:09:48,Wednesday,Campus,Mobile,,Credit Card,CUST-1565,Chocolate Chip Cookie,Pastry,2.52,1,2.52,10.13,3
ORD-000509,2025-11-19 13:09:48,Wednesday,Campus,Mobile,,Credit Card,CUST-1565,Cinnamon Roll,Pastry,3.86,1,3.86,10.13,3
ORD-002512,2025-11-19 13:10:57,Wednesday,Riverside,Delivery,Uber Eats,Credit Card,,Veggie Wrap,Food,7.91,2,15.82,19.83,2
ORD-002512,2025-11-19 13:10:57,Wednesday,Riverside,Delivery,Uber Eats,Credit Card,,Hot Chocolate,Beverage,4.01,1,4.01,19.83,2
ORD-000631,2025-11-19 13:14:07,Wednesday,Downtown,In Store,,Debit Card,,Mocha,Beverage,5.06,1,5.06,17.25,4
ORD-000631,2025-11-19 13:14:07,Wednesday,Downtown,In Store,,Debit Card,,Breakfast Burrito,Food,7.17,1,7.17,17.25,4
ORD-000631,2025-11-19 13:14:07,Wednesday,Downtown,In Store,,Debit Card,,Drip Coffee,Beverage,2.73,1,2.73,17.25,4
ORD-000631,2025-11-19 13:14:07,Wednesday,Downtown,In Store,,Debit Card,,Chocolate Chip Cookie,Pastry,2.29,1,2.29,17.25,4
ORD-000407,2025-11-19 13:31:05,Wednesday,Campus,Delivery,DoorDash,Mobile Wallet,CUST-1790,Avocado Toast,Food,7.99,1,7.99,7.99,1
ORD-002408,2025-11-19 15:51:13,Wednesday,Riverside,In Store,,Credit Card,,Grilled Cheese,Food,6.62,1,6.62,6.62,1
ORD-000501,2025-11-19 16:27:26,Wednesday,Riverside,Mobile,,Credit Card,CUST-2996,Scone,Pastry,3.85,1,3.85,20.55,2
ORD-000501,2025-11-19 16:27:26,Wednesday,Riverside,Mobile,,Credit Card,CUST-2996,Avocado Toast,Food,8.35,2,16.7,20.55,2
ORD-000989,2025-11-20 07:40:17,Thursday,Riverside,Delivery,Grubhub,Mobile Wallet,CUST-4796,Avocado Toast,Food,8.21,1,8.21,29.92,4
ORD-000989,2025-11-20 07:40:17,Thursday,Riverside,Delivery,Grubhub,Mobile Wallet,CUST-4796,Mocha,Beverage,5.15,1,5.15,29.92,4
ORD-000989,2025-11-20 07:40:17,Thursday,Riverside,Delivery,Grubhub,Mobile Wallet,CUST-4796,Chai Latte,Beverage,4.39,3,13.17,29.92,4
ORD-000989,2025-11-20 07:40:17,Thursday,Riverside,Delivery,Grubhub,Mobile Wallet,CUST-4796,Croissant,Pastry,3.39,1,3.39,29.92,4
ORD-002619,2025-11-20 07:51:15,Thursday,Uptown,In Store,,Cash,CUST-1389,Grilled Cheese,Food,6.56,1,6.56,6.56,1
ORD-000108,2025-11-20 08:08:04,Thursday,Campus,Mobile,,Credit Card,CUST-2201,Protein Box,Snack,6.73,1,6.73,6.73,1
ORD-000842,2025-11-20 08:32:30,Thursday,Riverside,In Store,,Debit Card,,Matcha Latte,Beverage,5.13,1,5.13,5.13,1
ORD-002803,2025-11-20 08:43:00,Thursday,Downtown,Delivery,Uber Eats,Mobile Wallet,,Caesar Salad,Food,8.56,1,8.56,13.68,2
ORD-002803,2025-11-20 08:43:00,Thursday,Downtown,Delivery,Uber Eats,Mobile Wallet,,Granola & Yogurt Cup,Snack,5.12,1,5.12,13.68,2
ORD-001651,2025-11-20 08:51:00,Thursday,Downtown,In Store,,Mobile Wallet,CUST-3519,Veggie Wrap,Food,7.6,1,7.6,14.54,3
ORD-001651,2025-11-20 08:51:00,Thursday,Downtown,In Store,,Mobile Wallet,CUST-3519,Scone,Pastry,3.78,1,3.78,14.54,3
ORD-001651,2025-11-20 08:51:00,Thursday,Downtown,In Store,,Mobile Wallet,CUST-3519,Iced Tea,Beverage,3.16,1,3.16,14.54,3
ORD-001535,2025-11-20 09:04:26,Thursday,Campus,In Store,,Cash,,Cold Brew,Beverage,4.51,1,4.51,17.86,4
ORD-001535,2025-11-20 09:04:26,Thursday,Campus,In Store,,Cash,,Protein Box,Snack,7.04,1,7.04,17.86,4
ORD-001535,2025-11-20 09:04:26,Thursday,Campus,In Store,,Cash,,Americano,Beverage,3.02,1,3.02,17.86,4
ORD-001535,2025-11-20 09:04:26,Thursday,Campus,In Store,,Cash,,Blueberry Muffin,Pastry,3.29,1,3.29,17.86,4
ORD-001679,2025-11-20 09:08:58,Thursday,Downtown,In Store,,Credit Card,,Scone,Pastry,3.37,1,3.37,7.07,2
ORD-001679,2025-11-20 09:08:58,Thursday,Downtown,In Store,,Credit Card,,Croissant,Pastry,3.7,1,3.7,7.07,2
ORD-002160,2025-11-20 11:50:37,Thursday,Downtown,In Store,,Cash,,Croissant,Pastry,3.56,1,3.56,28.87,4
ORD-002160,2025-11-20 11:50:37,Thursday,Downtown,In Store,,Cash,,Americano,Beverage,3.21,1,3.21,28.87,4
ORD-002160,2025-11-20 11:50:37,Thursday,Downtown,In Store,,Cash,,Turkey & Swiss Sandwich,Food,8.83,2,17.66,28.87,4
ORD-002160,2025-11-20 11:50:37,Thursday,Downtown,In Store,,Cash,,Latte,Beverage,4.44,1,4.44,28.87,4
ORD-000105,2025-11-20 12:15:45,Thursday,Campus,In Store,,Cash,,Chocolate Chip Cookie,Pastry,2.75,1,2.75,2.75,1
ORD-001228,2025-11-20 12:35:53,Thursday,Campus,Mobile,,Credit Card,CUST-2239,Croissant,Pastry,3.32,1,3.32,36.5,5
ORD-001228,2025-11-20 12:35:53,Thursday,Campus,Mobile,,Credit Card,CUST-2239,Fruit Cup,Snack,4.43,1,4.43,36.5,5
ORD-001228,2025-11-20 12:35:53,Thursday,Campus,Mobile,,Credit Card,CUST-2239,Turkey & Swiss Sandwich,Food,8.96,2,17.92,36.5,5
ORD-001228,2025-11-20 12:35:53,Thursday,Campus,Mobile,,Credit Card,CUST-2239,Avocado Toast,Food,8.06,1,8.06,36.5,5
ORD-001228,2025-11-20 12:35:53,Thursday,Campus,Mobile,,Credit Card,CUST-2239,Drip Coffee,Beverage,2.77,1,2.77,36.5,5
ORD-000767,2025-11-20 12:40:22,Thursday,Uptown,In Store,,Debit Card,,Caesar Salad,Food,8.27,1,8.27,26.92,4
ORD-000767,2025-11-20 12:40:22,Thursday,Uptown,In Store,,Debit Card,,Bagel w/ Cream Cheese,Pastry,3.57,1,3.57,26.92,4
ORD-000767,2025-11-20 12:40:22,Thursday,Uptown,In Store,,Debit Card,,Veggie Wrap,Food,7.72,1,7.72,26.92,4
ORD-000767,2025-11-20 12:40:22,Thursday,Uptown,In Store,,Debit Card,,Protein Box,Snack,7.36,1,7.36,26.92,4
ORD-002727,2025-11-20 13:16:16,Thursday,Campus,In Store,,Cash,,Avocado Toast,Food,7.95,1,7.95,7.95,1
ORD-002655,2025-11-20 16:20:17,Thursday,Riverside,In Store,,Mobile Wallet,,Caesar Salad,Food,8.36,3,25.08,34.21,3
ORD-002655,2025-11-20 16:20:17,Thursday,Riverside,In Store,,Mobile Wallet,,Granola & Yogurt Cup,Snack,4.74,1,4.74,34.21,3
ORD-002655,2025-11-20 16:20:17,Thursday,Riverside,In Store,,Mobile Wallet,,Chai Latte,Beverage,4.39,1,4.39,34.21,3
ORD-000511,2025-11-20 19:51:42,Thursday,Riverside,Mobile,,Debit Card,CUST-2646,Granola & Yogurt Cup,Snack,5.03,1,5.03,24.61,4
ORD-000511,2025-11-20 19:51:42,Thursday,Riverside,Mobile,,Debit Card,CUST-2646,Hot Chocolate,Beverage,4.19,1,4.19,24.61,4
ORD-000511,2025-11-20 19:51:42,Thursday,Riverside,Mobile,,Debit Card,CUST-2646,Turkey & Swiss Sandwich,Food,8.46,1,8.46,24.61,4
ORD-000511,2025-11-20 19:51:42,Thursday,Riverside,Mobile,,Debit Card,CUST-2646,Grilled Cheese,Food,6.93,1,6.93,24.61,4
ORD-001255,2025-11-21 10:00:04,Friday,Campus,In Store,,Debit Card,CUST-4681,Hot Chocolate,Beverage,3.69,1,3.69,7.16,2
ORD-001255,2025-11-21 10:00:04,Friday,Campus,In Store,,Debit Card,CUST-4681,Americano,Beverage,3.47,1,3.47,7.16,2
ORD-001878,2025-11-21 10:08:48,Friday,Campus,In Store,,Cash,,Drip Coffee,Beverage,2.98,1,2.98,2.98,1
ORD-001143,2025-11-21 11:47:11,Friday,Riverside,Mobile,,Debit Card,CUST-2164,Breakfast Burrito,Food,7.72,1,7.72,23.48,4
ORD-001143,2025-11-21 11:47:11,Friday,Riverside,Mobile,,Debit Card,CUST-2164,Avocado Toast,Food,8.37,1,8.37,23.48,4
ORD-001143,2025-11-21 11:47:11,Friday,Riverside,Mobile,,Debit Card,CUST-2164,Blueberry Muffin,Pastry,3.7,1,3.7,23.48,4
ORD-001143,2025-11-21 11:47:11,Friday,Riverside,Mobile,,Debit Card,CUST-2164,Scone,Pastry,3.69,1,3.69,23.48,4
ORD-000243,2025-11-21 12:39:04,Friday,Uptown,In Store,,Cash,,Hot Chocolate,Beverage,4.14,1,4.14,6.54,2
ORD-000243,2025-11-21 12:39:04,Friday,Uptown,In Store,,Cash,,Chocolate Chip Cookie,Pastry,2.4,1,2.4,6.54,2
ORD-001913,2025-11-21 14:16:46,Friday,Campus,Delivery,Grubhub,Mobile Wallet,CUST-2191,Croissant,Pastry,3.68,1,3.68,3.68,1
ORD-002586,2025-11-21 14:35:35,Friday,Downtown,In Store,,Credit Card,CUST-4739,Blueberry Muffin,Pastry,3.12,1,3.12,8.26,2
ORD-002586,2025-11-21 14:35:35,Friday,Downtown,In Store,,Credit Card,CUST-4739,Chocolate Chip Cookie,Pastry,2.57,2,5.14,8.26,2
ORD-002684,2025-11-21 15:17:53,Friday,Campus,In Store,,Debit Card,,Americano,Beverage,3.29,1,3.29,18.94,4
ORD-002684,2025-11-21 15:17:53,Friday,Campus,In Store,,Debit Card,,Avocado Toast,Food,7.85,1,7.85,18.94,4
ORD-002684,2025-11-21 15:17:53,Friday,Campus,In Store,,Debit Card,,Drip Coffee,Beverage,2.61,1,2.61,18.94,4
ORD-002684,2025-11-21 15:17:53,Friday,Campus,In Store,,Debit Card,,Cold Brew,Beverage,5.19,1,5.19,18.94,4
ORD-000580,2025-11-21 20:13:08,Friday,Uptown,In Store,,Credit Card,,Hot Chocolate,Beverage,3.95,1,3.95,7.85,2
ORD-000580,2025-11-21 20:13:08,Friday,Uptown,In Store,,Credit Card,,Cinnamon Roll,Pastry,3.9,1,3.9,7.85,2
ORD-000722,2025-11-22 06:09:52,Saturday,Uptown,Mobile,,Credit Card,CUST-3095,Mocha,Beverage,5.14,1,5.14,17.32,3
ORD-000722,2025-11-22 06:09:52,Saturday,Uptown,Mobile,,Credit Card,CUST-3095,Turkey & Swiss Sandwich,Food,8.47,1,8.47,17.32,3
ORD-000722,2025-11-22 06:09:52,Saturday,Uptown,Mobile,,Credit Card,CUST-3095,Bagel w/ Cream Cheese,Pastry,3.71,1,3.71,17.32,3
ORD-000672,2025-11-22 08:09:04,Saturday,Downtown,In Store,,Debit Card,,Scone,Pastry,3.19,1,3.19,6.11,2
ORD-000672,2025-11-22 08:09:04,Saturday,Downtown,In Store,,Debit Card,,Chocolate Chip Cookie,Pastry,2.92,1,2.92,6.11,2
ORD-000825,2025-11-22 09:34:34,Saturday,Campus,In Store,,Mobile Wallet,,Cinnamon Roll,Pastry,4.41,1,4.41,4.41,1
ORD-001964,2025-11-22 09:40:56,Saturday,Riverside,In Store,,Mobile Wallet,,Blueberry Muffin,Pastry,3.08,1,3.08,3.08,1
ORD-001077,2025-11-22 10:23:46,Saturday,Uptown,In Store,,Mobile Wallet,,Chocolate Chip Cookie,Pastry,2.45,1,2.45,2.45,1
ORD-001311,2025-11-22 12:22:08,Saturday,Campus,In Store,,Credit Card,CUST-1202,Avocado Toast,Food,7.98,1,7.98,17.34,3
ORD-001311,2025-11-22 12:22:08,Saturday,Campus,In Store,,Credit Card,CUST-1202,Cinnamon Roll,Pastry,4.15,1,4.15,17.34,3
ORD-001311,2025-11-22 12:22:08,Saturday,Campus,In Store,,Credit Card,CUST-1202,Granola & Yogurt Cup,Snack,5.21,1,5.21,17.34,3
ORD-001936,2025-11-22 12:30:36,Saturday,Uptown,In Store,,Debit Card,,Cinnamon Roll,Pastry,4.27,2,8.54,24.44,4
ORD-001936,2025-11-22 12:30:36,Saturday,Uptown,In Store,,Debit Card,,Cappuccino,Beverage,4.23,2,8.46,24.44,4
ORD-001936,2025-11-22 12:30:36,Saturday,Uptown,In Store,,Debit Card,,Bagel w/ Cream Cheese,Pastry,4.18,1,4.18,24.44,4
ORD-001936,2025-11-22 12:30:36,Saturday,Uptown,In Store,,Debit Card,,Americano,Beverage,3.26,1,3.26,24.44,4
ORD-001536,2025-11-22 14:11:59,Saturday,Riverside,In Store,,Debit Card,CUST-2335,Cold Brew,Beverage,4.5,1,4.5,15.87,3
ORD-001536,2025-11-22 14:11:59,Saturday,Riverside,In Store,,Debit Card,CUST-2335,Veggie Wrap,Food,8.12,1,8.12,15.87,3
ORD-001536,2025-11-22 14:11:59,Saturday,Riverside,In Store,,Debit Card,CUST-2335,Blueberry Muffin,Pastry,3.25,1,3.25,15.87,3
ORD-000966,2025-11-22 14:43:50,Saturday,Campus,In Store,,Credit Card,CUST-1352,Grilled Cheese,Food,6.36,1,6.36,18.37,3
ORD-000966,2025-11-22 14:43:50,Saturday,Campus,In Store,,Credit Card,CUST-1352,Avocado Toast,Food,8.06,1,8.06,18.37,3
ORD-000966,2025-11-22 14:43:50,Saturday,Campus,In Store,,Credit Card,CUST-1352,Cinnamon Roll,Pastry,3.95,1,3.95,18.37,3
ORD-002810,2025-11-22 16:50:24,Saturday,Campus,In Store,,Cash,,Veggie Wrap,Food,8.07,1,8.07,13.15,2
ORD-002810,2025-11-22 16:50:24,Saturday,Campus,In Store,,Cash,,Granola & Yogurt Cup,Snack,5.08,1,5.08,13.15,2
ORD-002111,2025-11-22 17:15:15,Saturday,Campus,In Store,,Credit Card,,Grilled Cheese,Food,6.73,1,6.73,22.22,4
ORD-002111,2025-11-22 17:15:15,Saturday,Campus,In Store,,Credit Card,,Fruit Cup,Snack,3.92,1,3.92,22.22,4
ORD-002111,2025-11-22 17:15:15,Saturday,Campus,In Store,,Credit Card,,Bagel w/ Cream Cheese,Pastry,3.76,2,7.52,22.22,4
ORD-002111,2025-11-22 17:15:15,Saturday,Campus,In Store,,Credit Card,,Cappuccino,Beverage,4.05,1,4.05,22.22,4
ORD-002959,2025-11-22 17:26:09,Saturday,Downtown,In Store,,Mobile Wallet,CUST-4553,Americano,Beverage,3.04,2,6.08,6.08,1
ORD-001580,2025-11-22 18:27:31,Saturday,Riverside,Mobile,,Debit Card,CUST-1221,Cinnamon Roll,Pastry,4.03,1,4.03,4.03,1
ORD-001497,2025-11-23 08:29:38,Sunday,Riverside,Delivery,Grubhub,Mobile Wallet,CUST-1537,Cappuccino,Beverage,4.18,1,4.18,4.18,1
ORD-002511,2025-11-23 14:17:54,Sunday,Downtown,Delivery,DoorDash,Mobile Wallet,,Croissant,Pastry,3.96,1,3.96,23.67,3
ORD-002511,2025-11-23 14:17:54,Sunday,Downtown,Delivery,DoorDash,Mobile Wallet,,Turkey & Swiss Sandwich,Food,8.93,1,8.93,23.67,3
ORD-002511,2025-11-23 14:17:54,Sunday,Downtown,Delivery,DoorDash,Mobile Wallet,,Matcha Latte,Beverage,5.39,2,10.78,23.67,3
ORD-001010,2025-11-23 14:28:55,Sunday,Uptown,In Store,,Debit Card,,Chai Latte,Beverage,4.44,2,8.88,8.88,1
ORD-000816,2025-11-23 15:06:24,Sunday,Downtown,In Store,,Debit Card,,Chocolate Chip Cookie,Pastry,2.81,1,2.81,9.55,3
ORD-000816,2025-11-23 15:06:24,Sunday,Downtown,In Store,,Debit Card,,Blueberry Muffin,Pastry,3.56,1,3.56,9.55,3
ORD-000816,2025-11-23 15:06:24,Sunday,Downtown,In Store,,Debit Card,,Drip Coffee,Beverage,3.18,1,3.18,9.55,3
ORD-001988,2025-11-23 19:07:43,Sunday,Riverside,Mobile,,Debit Card,CUST-1632,Mocha,Beverage,4.87,1,4.87,8.83,2
ORD-001988,2025-11-23 19:07:43,Sunday,Riverside,Mobile,,Debit Card,CUST-1632,Cinnamon Roll,Pastry,3.96,1,3.96,8.83,2
ORD-001464,2025-11-24 07:42:51,Monday,Uptown,In Store,,Credit Card,,Hot Chocolate,Beverage,3.83,1,3.83,3.83,1
ORD-002168,2025-11-24 08:10:43,Monday,Campus,In Store,,Debit Card,,Americano,Beverage,3.48,1,3.48,20.13,3
ORD-002168,2025-11-24 08:10:43,Monday,Campus,In Store,,Debit Card,,Avocado Toast,Food,7.74,1,7.74,20.13,3
ORD-002168,2025-11-24 08:10:43,Monday,Campus,In Store,,Debit Card,,Turkey & Swiss Sandwich,Food,8.91,1,8.91,20.13,3
ORD-000001,2025-11-24 08:47:17,Monday,Uptown,In Store,,Cash,,Cappuccino,Beverage,4.16,1,4.16,19.04,4
ORD-000001,2025-11-24 08:47:17,Monday,Uptown,In Store,,Cash,,Avocado Toast,Food,7.72,1,7.72,19.04,4
ORD-000001,2025-11-24 08:47:17,Monday,Uptown,In Store,,Cash,,Chocolate Chip Cookie,Pastry,2.74,1,2.74,19.04,4
ORD-000001,2025-11-24 08:47:17,Monday,Uptown,In Store,,Cash,,Latte,Beverage,4.42,1,4.42,19.04,4
ORD-002530,2025-11-24 08:59:11,Monday,Campus,In Store,,Cash,CUST-3875,Hot Chocolate,Beverage,4.14,1,4.14,6.96,2
ORD-002530,2025-11-24 08:59:11,Monday,Campus,In Store,,Cash,CUST-3875,Espresso Shot,Beverage,2.82,1,2.82,6.96,2
ORD-002632,2025-11-24 09:06:18,Monday,Uptown,In Store,,Credit Card,,Iced Tea,Beverage,3.0,2,6.0,6.0,1
ORD-000178,2025-11-24 09:24:39,Monday,Downtown,In Store,,Debit Card,,Bag of Chips,Snack,2.19,2,4.38,9.48,2
ORD-000178,2025-11-24 09:24:39,Monday,Downtown,In Store,,Debit Card,,Cold Brew,Beverage,5.1,1,5.1,9.48,2
ORD-002059,2025-11-24 11:56:55,Monday,Uptown,Mobile,,Debit Card,CUST-1430,Iced Tea,Beverage,2.79,1,2.79,9.68,2
ORD-002059,2025-11-24 11:56:55,Monday,Uptown,Mobile,,Debit Card,CUST-1430,Grilled Cheese,Food,6.89,1,6.89,9.68,2
ORD-001308,2025-11-24 11:58:18,Monday,Downtown,In Store,,Cash,CUST-4965,Blueberry Muffin,Pastry,3.5,1,3.5,7.3,2
ORD-001308,2025-11-24 11:58:18,Monday,Downtown,In Store,,Cash,CUST-4965,Hot Chocolate,Beverage,3.8,1,3.8,7.3,2
ORD-002349,2025-11-24 13:39:57,Monday,Downtown,Delivery,DoorDash,Credit Card,,Cinnamon Roll,Pastry,4.29,1,4.29,39.58,4
ORD-002349,2025-11-24 13:39:57,Monday,Downtown,Delivery,DoorDash,Credit Card,,Chai Latte,Beverage,4.85,1,4.85,39.58,4
ORD-002349,2025-11-24 13:39:57,Monday,Downtown,Delivery,DoorDash,Credit Card,,Avocado Toast,Food,7.94,3,23.82,39.58,4
ORD-002349,2025-11-24 13:39:57,Monday,Downtown,Delivery,DoorDash,Credit Card,,Croissant,Pastry,3.31,2,6.62,39.58,4
ORD-001092,2025-11-24 15:18:06,Monday,Uptown,In Store,,Credit Card,,Drip Coffee,Beverage,2.63,1,2.63,4.95,2
ORD-001092,2025-11-24 15:18:06,Monday,Uptown,In Store,,Credit Card,,Bag of Chips,Snack,2.32,1,2.32,4.95,2
ORD-000720,2025-11-24 16:19:40,Monday,Downtown,In Store,,Mobile Wallet,,Cappuccino,Beverage,4.45,1,4.45,4.45,1
ORD-002961,2025-11-24 16:30:28,Monday,Uptown,Mobile,,Credit Card,CUST-3434,Chocolate Chip Cookie,Pastry,2.75,1,2.75,6.68,2
ORD-002961,2025-11-24 16:30:28,Monday,Uptown,Mobile,,Credit Card,CUST-3434,Hot Chocolate,Beverage,3.93,1,3.93,6.68,2
ORD-002425,2025-11-24 16:44:01,Monday,Campus,In Store,,Cash,CUST-1240,Cold Brew,Beverage,4.97,1,4.97,7.59,2
ORD-002425,2025-11-24 16:44:01,Monday,Campus,In Store,,Cash,CUST-1240,Drip Coffee,Beverage,2.62,1,2.62,7.59,2
ORD-002034,2025-11-24 17:44:56,Monday,Campus,In Store,,Mobile Wallet,,Croissant,Pastry,3.77,1,3.77,3.77,1
ORD-002469,2025-11-25 07:56:16,Tuesday,Uptown,Mobile,,Mobile Wallet,CUST-2022,Cold Brew,Beverage,4.96,1,4.96,7.85,2
ORD-002469,2025-11-25 07:56:16,Tuesday,Uptown,Mobile,,Mobile Wallet,CUST-2022,Chocolate Chip Cookie,Pastry,2.89,1,2.89,7.85,2
ORD-002943,2025-11-25 09:38:59,Tuesday,Campus,In Store,,Debit Card,CUST-4975,Chocolate Chip Cookie,Pastry,2.52,1,2.52,24.6,3
ORD-002943,2025-11-25 09:38:59,Tuesday,Campus,In Store,,Debit Card,CUST-4975,Avocado Toast,Food,7.78,1,7.78,24.6,3
ORD-002943,2025-11-25 09:38:59,Tuesday,Campus,In Store,,Debit Card,CUST-4975,Breakfast Burrito,Food,7.15,2,14.3,24.6,3
ORD-000927,2025-11-25 10:50:51,Tuesday,Campus,In Store,,Debit Card,,Bagel w/ Cream Cheese,Pastry,3.57,1,3.57,13.33,4
ORD-000927,2025-11-25 10:50:51,Tuesday,Campus,In Store,,Debit Card,,Fruit Cup,Snack,4.17,1,4.17,13.33,4
ORD-000927,2025-11-25 10:50:51,Tuesday,Campus,In Store,,Debit Card,,Iced Tea,Beverage,2.77,1,2.77,13.33,4
ORD-000927,2025-11-25 10:50:51,Tuesday,Campus,In Store,,Debit Card,,Espresso Shot,Beverage,2.82,1,2.82,13.33,4
ORD-002274,2025-11-25 10:56:01,Tuesday,Riverside,Mobile,,Credit Card,CUST-3031,Cinnamon Roll,Pastry,4.32,1,4.32,4.32,1
ORD-000285,2025-11-25 11:53:23,Tuesday,Riverside,In Store,,Mobile Wallet,,Bagel w/ Cream Cheese,Pastry,4.13,1,4.13,7.76,2
ORD-000285,2025-11-25 11:53:23,Tuesday,Riverside,In Store,,Mobile Wallet,,Hot Chocolate,Beverage,3.63,1,3.63,7.76,2
ORD-001671,2025-11-25 11:58:24,Tuesday,Campus,Mobile,,Credit Card,CUST-3541,Drip Coffee,Beverage,2.75,1,2.75,11.42,2
ORD-001671,2025-11-25 11:58:24,Tuesday,Campus,Mobile,,Credit Card,CUST-3541,Caesar Salad,Food,8.67,1,8.67,11.42,2
ORD-002725,2025-11-25 12:10:38,Tuesday,Riverside,In Store,,Mobile Wallet,,Turkey & Swiss Sandwich,Food,8.52,1,8.52,26.22,5
ORD-002725,2025-11-25 12:10:38,Tuesday,Riverside,In Store,,Mobile Wallet,,Avocado Toast,Food,8.24,1,8.24,26.22,5
ORD-002725,2025-11-25 12:10:38,Tuesday,Riverside,In Store,,Mobile Wallet,,Drip Coffee,Beverage,3.06,1,3.06,26.22,5
ORD-002725,2025-11-25 12:10:38,Tuesday,Riverside,In Store,,Mobile Wallet,,Blueberry Muffin,Pastry,3.45,1,3.45,26.22,5
ORD-002725,2025-11-25 12:10:38,Tuesday,Riverside,In Store,,Mobile Wallet,,Chocolate Chip Cookie,Pastry,2.95,1,2.95,26.22,5
ORD-001617,2025-11-25 12:25:44,Tuesday,Riverside,In Store,,Cash,,Veggie Wrap,Food,7.63,1,7.63,7.63,1
ORD-001417,2025-11-25 13:20:06,Tuesday,Uptown,In Store,,Mobile Wallet,,Bag of Chips,Snack,1.85,3,5.55,20.81,3
ORD-001417,2025-11-25 13:20:06,Tuesday,Uptown,In Store,,Mobile Wallet,,Breakfast Burrito,Food,7.02,1,7.02,20.81,3
ORD-001417,2025-11-25 13:20:06,Tuesday,Uptown,In Store,,Mobile Wallet,,Hot Chocolate,Beverage,4.12,2,8.24,20.81,3
ORD-001552,2025-11-25 19:18:54,Tuesday,Riverside,Mobile,,Credit Card,CUST-4257,Matcha Latte,Beverage,4.9,1,4.9,18.07,4
ORD-001552,2025-11-25 19:18:54,Tuesday,Riverside,Mobile,,Credit Card,CUST-4257,Bagel w/ Cream Cheese,Pastry,3.67,1,3.67,18.07,4
ORD-001552,2025-11-25 19:18:54,Tuesday,Riverside,Mobile,,Credit Card,CUST-4257,Americano,Beverage,3.24,1,3.24,18.07,4
ORD-001552,2025-11-25 19:18:54,Tuesday,Riverside,Mobile,,Credit Card,CUST-4257,Grilled Cheese,Food,6.26,1,6.26,18.07,4
ORD-002215,2025-11-26 07:05:57,Wednesday,Uptown,In Store,,Credit Card,,Breakfast Burrito,Food,7.14,1,7.14,12.05,2
ORD-002215,2025-11-26 07:05:57,Wednesday,Uptown,In Store,,Credit Card,,Chai Latte,Beverage,4.91,1,4.91,12.05,2
ORD-000916,2025-11-26 07:24:09,Wednesday,Downtown,Delivery,DoorDash,Credit Card,,Granola & Yogurt Cup,Snack,5.35,1,5.35,5.35,1
ORD-001706,2025-11-26 09:23:39,Wednesday,Campus,In Store,,Cash,,Veggie Wrap,Food,8.03,1,8.03,8.03,1
ORD-002012,2025-11-26 10:26:50,Wednesday,Riverside,In Store,,Credit Card,,Hot Chocolate,Beverage,3.83,1,3.83,12.23,2
ORD-002012,2025-11-26 10:26:50,Wednesday,Riverside,In Store,,Credit Card,,Drip Coffee,Beverage,2.8,3,8.4,12.23,2
ORD-001610,2025-11-26 11:11:02,Wednesday,Riverside,Mobile,,Mobile Wallet,CUST-1198,Granola & Yogurt Cup,Snack,5.44,1,5.44,13.9,2
ORD-001610,2025-11-26 11:11:02,Wednesday,Riverside,Mobile,,Mobile Wallet,CUST-1198,Turkey & Swiss Sandwich,Food,8.46,1,8.46,13.9,2
ORD-001926,2025-11-26 12:44:37,Wednesday,Campus,In Store,,Debit Card,,Bagel w/ Cream Cheese,Pastry,3.62,1,3.62,13.52,2
ORD-001926,2025-11-26 12:44:37,Wednesday,Campus,In Store,,Debit Card,,Matcha Latte,Beverage,4.95,2,9.9,13.52,2
ORD-000953,2025-11-26 15:05:23,Wednesday,Uptown,In Store,,Mobile Wallet,,Breakfast Burrito,Food,7.08,1,7.08,11.04,2
ORD-000953,2025-11-26 15:05:23,Wednesday,Uptown,In Store,,Mobile Wallet,,Cinnamon Roll,Pastry,3.96,1,3.96,11.04,2
ORD-001257,2025-11-26 17:26:53,Wednesday,Riverside,Mobile,,Credit Card,CUST-1023,Turkey & Swiss Sandwich,Food,8.43,1,8.43,11.36,2
ORD-001257,2025-11-26 17:26:53,Wednesday,Riverside,Mobile,,Credit Card,CUST-1023,Chocolate Chip Cookie,Pastry,2.93,1,2.93,11.36,2
ORD-001849,2025-11-26 17:55:23,Wednesday,Campus,In Store,,Mobile Wallet,,Latte,Beverage,4.29,1,4.29,11.87,2
ORD-001849,2025-11-26 17:55:23,Wednesday,Campus,In Store,,Mobile Wallet,,Bagel w/ Cream Cheese,Pastry,3.79,2,7.58,11.87,2
ORD-002076,2025-11-26 18:29:01,Wednesday,Downtown,Delivery,Grubhub,Debit Card,CUST-1158,Avocado Toast,Food,7.89,2,15.78,15.78,1
ORD-001146,2025-11-27 06:19:39,Thursday,Campus,In Store,,Cash,,Chocolate Chip Cookie,Pastry,2.4,1,2.4,7.41,2
ORD-001146,2025-11-27 06:19:39,Thursday,Campus,In Store,,Cash,,Matcha Latte,Beverage,5.01,1,5.01,7.41,2
ORD-001840,2025-11-27 10:24:33,Thursday,Campus,Delivery,Grubhub,Debit Card,,Cinnamon Roll,Pastry,3.83,1,3.83,6.97,2
ORD-001840,2025-11-27 10:24:33,Thursday,Campus,Delivery,Grubhub,Debit Card,,Drip Coffee,Beverage,3.14,1,3.14,6.97,2
ORD-000432,2025-11-27 10:37:21,Thursday,Riverside,Mobile,,Debit Card,CUST-3430,Scone,Pastry,3.38,1,3.38,14.17,3
ORD-000432,2025-11-27 10:37:21,Thursday,Riverside,Mobile,,Debit Card,CUST-3430,Bag of Chips,Snack,2.34,1,2.34,14.17,3
ORD-000432,2025-11-27 10:37:21,Thursday,Riverside,Mobile,,Debit Card,CUST-3430,Turkey & Swiss Sandwich,Food,8.45,1,8.45,14.17,3
ORD-000920,2025-11-27 10:43:39,Thursday,Uptown,In Store,,Mobile Wallet,,Veggie Wrap,Food,8.19,1,8.19,8.19,1
ORD-001099,2025-11-27 10:46:07,Thursday,Riverside,In Store,,Mobile Wallet,,Bag of Chips,Snack,2.03,1,2.03,2.03,1
ORD-001410,2025-11-27 13:11:26,Thursday,Downtown,In Store,,Cash,CUST-2567,Grilled Cheese,Food,6.66,1,6.66,9.7,2
ORD-001410,2025-11-27 13:11:26,Thursday,Downtown,In Store,,Cash,CUST-2567,Americano,Beverage,3.04,1,3.04,9.7,2
ORD-001218,2025-11-27 13:31:01,Thursday,Uptown,In Store,,Credit Card,,Scone,Pastry,3.57,1,3.57,7.93,2
ORD-001218,2025-11-27 13:31:01,Thursday,Uptown,In Store,,Credit Card,,Latte,Beverage,4.36,1,4.36,7.93,2
ORD-000724,2025-11-27 13:42:39,Thursday,Riverside,In Store,,Credit Card,,Drip Coffee,Beverage,2.76,1,2.76,12.94,3
ORD-000724,2025-11-27 13:42:39,Thursday,Riverside,In Store,,Credit Card,,Cold Brew,Beverage,4.79,1,4.79,12.94,3
ORD-000724,2025-11-27 13:42:39,Thursday,Riverside,In Store,,Credit Card,,Matcha Latte,Beverage,5.39,1,5.39,12.94,3
ORD-000159,2025-11-27 15:36:54,Thursday,Downtown,Delivery,DoorDash,Credit Card,,Avocado Toast,Food,7.76,1,7.76,20.87,3
ORD-000159,2025-11-27 15:36:54,Thursday,Downtown,Delivery,DoorDash,Credit Card,,Bagel w/ Cream Cheese,Pastry,4.17,2,8.34,20.87,3
ORD-000159,2025-11-27 15:36:54,Thursday,Downtown,Delivery,DoorDash,Credit Card,,Matcha Latte,Beverage,4.77,1,4.77,20.87,3
ORD-000643,2025-11-28 09:19:10,Friday,Campus,Delivery,Grubhub,Mobile Wallet,CUST-1587,Chai Latte,Beverage,4.73,1,4.73,4.73,1
ORD-001707,2025-11-28 10:06:24,Friday,Riverside,In Store,,Mobile Wallet,,Bagel w/ Cream Cheese,Pastry,3.73,3,11.19,22.15,3
ORD-001707,2025-11-28 10:06:24,Friday,Riverside,In Store,,Mobile Wallet,,Cappuccino,Beverage,4.43,1,4.43,22.15,3
ORD-001707,2025-11-28 10:06:24,Friday,Riverside,In Store,,Mobile Wallet,,Grilled Cheese,Food,6.53,1,6.53,22.15,3
ORD-002946,2025-11-28 11:49:14,Friday,Uptown,In Store,,Debit Card,,Blueberry Muffin,Pastry,3.46,2,6.92,6.92,1
ORD-000402,2025-11-28 12:11:57,Friday,Uptown,In Store,,Debit Card,CUST-3705,Veggie Wrap,Food,8.18,1,8.18,20.97,4
ORD-000402,2025-11-28 12:11:57,Friday,Uptown,In Store,,Debit Card,CUST-3705,Cinnamon Roll,Pastry,3.99,1,3.99,20.97,4
ORD-000402,2025-11-28 12:11:57,Friday,Uptown,In Store,,Debit Card,CUST-3705,Matcha Latte,Beverage,4.81,1,4.81,20.97,4
ORD-000402,2025-11-28 12:11:57,Friday,Uptown,In Store,,Debit Card,CUST-3705,Fruit Cup,Snack,3.99,1,3.99,20.97,4
ORD-002024,2025-11-29 07:01:39,Saturday,Campus,Delivery,DoorDash,Credit Card,CUST-1328,Americano,Beverage,3.05,1,3.05,12.31,3
ORD-002024,2025-11-29 07:01:39,Saturday,Campus,Delivery,DoorDash,Credit Card,CUST-1328,Protein Box,Snack,7.26,1,7.26,12.31,3
ORD-002024,2025-11-29 07:01:39,Saturday,Campus,Delivery,DoorDash,Credit Card,CUST-1328,Bag of Chips,Snack,2.0,1,2.0,12.31,3
ORD-000968,2025-11-29 07:36:53,Saturday,Campus,Mobile,,Credit Card,CUST-3930,Croissant,Pastry,3.93,1,3.93,16.28,3
ORD-000968,2025-11-29 07:36:53,Saturday,Campus,Mobile,,Credit Card,CUST-3930,Latte,Beverage,4.53,1,4.53,16.28,3
ORD-000968,2025-11-29 07:36:53,Saturday,Campus,Mobile,,Credit Card,CUST-3930,Hot Chocolate,Beverage,3.91,2,7.82,16.28,3
ORD-000719,2025-11-29 08:38:06,Saturday,Campus,Mobile,,Mobile Wallet,CUST-2357,Granola & Yogurt Cup,Snack,5.09,1,5.09,25.73,4
ORD-000719,2025-11-29 08:38:06,Saturday,Campus,Mobile,,Mobile Wallet,CUST-2357,Caesar Salad,Food,8.67,1,8.67,25.73,4
ORD-000719,2025-11-29 08:38:06,Saturday,Campus,Mobile,,Mobile Wallet,CUST-2357,Avocado Toast,Food,8.43,1,8.43,25.73,4
ORD-000719,2025-11-29 08:38:06,Saturday,Campus,Mobile,,Mobile Wallet,CUST-2357,Americano,Beverage,3.54,1,3.54,25.73,4
ORD-000114,2025-11-29 09:07:01,Saturday,Campus,Mobile,,Mobile Wallet,CUST-2585,Americano,Beverage,3.75,1,3.75,26.16,4
ORD-000114,2025-11-29 09:07:01,Saturday,Campus,Mobile,,Mobile Wallet,CUST-2585,Matcha Latte,Beverage,5.44,1,5.44,26.16,4
ORD-000114,2025-11-29 09:07:01,Saturday,Campus,Mobile,,Mobile Wallet,CUST-2585,Fruit Cup,Snack,3.79,1,3.79,26.16,4
ORD-000114,2025-11-29 09:07:01,Saturday,Campus,Mobile,,Mobile Wallet,CUST-2585,Grilled Cheese,Food,6.59,2,13.18,26.16,4
ORD-002940,2025-11-29 09:20:59,Saturday,Riverside,In Store,,Debit Card,,Granola & Yogurt Cup,Snack,4.84,1,4.84,21.21,3
ORD-002940,2025-11-29 09:20:59,Saturday,Riverside,In Store,,Debit Card,,Grilled Cheese,Food,6.73,1,6.73,21.21,3
ORD-002940,2025-11-29 09:20:59,Saturday,Riverside,In Store,,Debit Card,,Mocha,Beverage,4.82,2,9.64,21.21,3
ORD-001458,2025-11-29 12:16:57,Saturday,Riverside,Mobile,,Credit Card,CUST-3878,Americano,Beverage,3.43,2,6.86,22.92,3
ORD-001458,2025-11-29 12:16:57,Saturday,Riverside,Mobile,,Credit Card,CUST-3878,Breakfast Burrito,Food,7.64,1,7.64,22.92,3
ORD-001458,2025-11-29 12:16:57,Saturday,Riverside,Mobile,,Credit Card,CUST-3878,Turkey & Swiss Sandwich,Food,8.42,1,8.42,22.92,3
ORD-000606,2025-11-30 06:46:54,Sunday,Uptown,In Store,,Mobile Wallet,,Cold Brew,Beverage,4.63,3,13.89,17.53,2
ORD-000606,2025-11-30 06:46:54,Sunday,Uptown,In Store,,Mobile Wallet,,Bag of Chips,Snack,1.82,2,3.64,17.53,2
ORD-000039,2025-11-30 07:01:15,Sunday,Downtown,In Store,,Credit Card,CUST-2939,Cinnamon Roll,Pastry,3.84,1,3.84,17.28,3
ORD-000039,2025-11-30 07:01:15,Sunday,Downtown,In Store,,Credit Card,CUST-2939,Mocha,Beverage,5.16,1,5.16,17.28,3
ORD-000039,2025-11-30 07:01:15,Sunday,Downtown,In Store,,Credit Card,CUST-2939,Avocado Toast,Food,8.28,1,8.28,17.28,3
ORD-002949,2025-11-30 07:41:50,Sunday,Downtown,In Store,,Cash,CUST-1883,Mocha,Beverage,5.07,2,10.14,23.52,4
ORD-002949,2025-11-30 07:41:50,Sunday,Downtown,In Store,,Cash,CUST-1883,Breakfast Burrito,Food,7.53,1,7.53,23.52,4
ORD-002949,2025-11-30 07:41:50,Sunday,Downtown,In Store,,Cash,CUST-1883,Bag of Chips,Snack,2.17,1,2.17,23.52,4
ORD-002949,2025-11-30 07:41:50,Sunday,Downtown,In Store,,Cash,CUST-1883,Blueberry Muffin,Pastry,3.68,1,3.68,23.52,4
ORD-001270,2025-11-30 08:38:05,Sunday,Downtown,In Store,,Mobile Wallet,CUST-4543,Avocado Toast,Food,8.29,1,8.29,13.19,2
ORD-001270,2025-11-30 08:38:05,Sunday,Downtown,In Store,,Mobile Wallet,CUST-4543,Cold Brew,Beverage,4.9,1,4.9,13.19,2
ORD-000861,2025-11-30 09:44:05,Sunday,Campus,Mobile,,Debit Card,CUST-1064,Matcha Latte,Beverage,4.94,1,4.94,30.36,5
ORD-000861,2025-11-30 09:44:05,Sunday,Campus,Mobile,,Debit Card,CUST-1064,Granola & Yogurt Cup,Snack,4.8,1,4.8,30.36,5
ORD-000861,2025-11-30 09:44:05,Sunday,Campus,Mobile,,Debit Card,CUST-1064,Veggie Wrap,Food,8.02,1,8.02,30.36,5
ORD-000861,2025-11-30 09:44:05,Sunday,Campus,Mobile,,Debit Card,CUST-1064,Iced Tea,Beverage,2.8,1,2.8,30.36,5
ORD-000861,2025-11-30 09:44:05,Sunday,Campus,Mobile,,Debit Card,CUST-1064,Latte,Beverage,4.9,2,9.8,30.36,5
ORD-002547,2025-11-30 10:22:38,Sunday,Uptown,Delivery,DoorDash,Mobile Wallet,,Americano,Beverage,3.46,1,3.46,3.46,1
ORD-002926,2025-11-30 13:51:52,Sunday,Riverside,In Store,,Credit Card,,Caesar Salad,Food,8.43,1,8.43,8.43,1
ORD-000224,2025-11-30 14:14:10,Sunday,Downtown,In Store,,Debit Card,CUST-2069,Granola & Yogurt Cup,Snack,5.16,1,5.16,37.7,5
ORD-000224,2025-11-30 14:14:10,Sunday,Downtown,In Store,,Debit Card,CUST-2069,Cold Brew,Beverage,5.17,3,15.51,37.7,5
ORD-000224,2025-11-30 14:14:10,Sunday,Downtown,In Store,,Debit Card,CUST-2069,Blueberry Muffin,Pastry,3.32,1,3.32,37.7,5
ORD-000224,2025-11-30 14:14:10,Sunday,Downtown,In Store,,Debit Card,CUST-2069,Cappuccino,Beverage,4.71,1,4.71,37.7,5
ORD-000224,2025-11-30 14:14:10,Sunday,Downtown,In Store,,Debit Card,CUST-2069,Iced Tea,Beverage,3.0,3,9.0,37.7,5
ORD-001237,2025-12-01 07:32:36,Monday,Riverside,Mobile,,Mobile Wallet,CUST-2200,Veggie Wrap,Food,7.93,1,7.93,7.93,1
ORD-001323,2025-12-01 07:42:31,Monday,Riverside,In Store,,Cash,,Latte,Beverage,4.88,1,4.88,4.88,1
ORD-000492,2025-12-01 08:19:31,Monday,Riverside,Mobile,,Mobile Wallet,CUST-3471,Caesar Salad,Food,8.28,1,8.28,8.28,1
ORD-002597,2025-12-01 08:33:06,Monday,Campus,In Store,,Credit Card,CUST-4097,Veggie Wrap,Food,7.51,1,7.51,12.72,2
ORD-002597,2025-12-01 08:33:06,Monday,Campus,In Store,,Credit Card,CUST-4097,Mocha,Beverage,5.21,1,5.21,12.72,2
ORD-001911,2025-12-01 11:02:09,Monday,Riverside,Mobile,,Mobile Wallet,CUST-3622,Mocha,Beverage,4.88,1,4.88,4.88,1
ORD-002779,2025-12-01 11:33:45,Monday,Uptown,In Store,,Cash,CUST-2891,Americano,Beverage,3.7,2,7.4,7.4,1
ORD-000020,2025-12-01 12:42:52,Monday,Downtown,In Store,,Credit Card,CUST-4644,Turkey & Swiss Sandwich,Food,8.46,1,8.46,8.46,1
ORD-000183,2025-12-01 14:19:55,Monday,Campus,Delivery,Uber Eats,Debit Card,,Americano,Beverage,3.18,1,3.18,3.18,1
ORD-000608,2025-12-01 14:49:44,Monday,Downtown,Delivery,Grubhub,Debit Card,,Cinnamon Roll,Pastry,3.84,1,3.84,7.57,2
ORD-000608,2025-12-01 14:49:44,Monday,Downtown,Delivery,Grubhub,Debit Card,,Croissant,Pastry,3.73,1,3.73,7.57,2
ORD-002805,2025-12-01 16:30:15,Monday,Campus,In Store,,Cash,CUST-2747,Espresso Shot,Beverage,2.75,1,2.75,9.79,2
ORD-002805,2025-12-01 16:30:15,Monday,Campus,In Store,,Cash,CUST-2747,Croissant,Pastry,3.52,2,7.04,9.79,2
ORD-002062,2025-12-01 16:50:17,Monday,Riverside,In Store,,Debit Card,CUST-4481,Cold Brew,Beverage,4.58,3,13.74,31.52,5
ORD-002062,2025-12-01 16:50:17,Monday,Riverside,In Store,,Debit Card,CUST-4481,Bag of Chips,Snack,2.37,1,2.37,31.52,5
ORD-002062,2025-12-01 16:50:17,Monday,Riverside,In Store,,Debit Card,CUST-4481,Avocado Toast,Food,7.87,1,7.87,31.52,5
ORD-002062,2025-12-01 16:50:17,Monday,Riverside,In Store,,Debit Card,CUST-4481,Blueberry Muffin,Pastry,3.69,1,3.69,31.52,5
ORD-002062,2025-12-01 16:50:17,Monday,Riverside,In Store,,Debit Card,CUST-4481,Cinnamon Roll,Pastry,3.85,1,3.85,31.52,5
ORD-002521,2025-12-01 18:13:17,Monday,Uptown,Mobile,,Credit Card,CUST-1317,Iced Tea,Beverage,3.18,1,3.18,3.18,1
ORD-002371,2025-12-02 06:30:23,Tuesday,Riverside,In Store,,Debit Card,,Blueberry Muffin,Pastry,3.31,1,3.31,10.27,2
ORD-002371,2025-12-02 06:30:23,Tuesday,Riverside,In Store,,Debit Card,,Protein Box,Snack,6.96,1,6.96,10.27,2
ORD-001298,2025-12-02 07:24:15,Tuesday,Campus,Mobile,,Credit Card,CUST-1273,Americano,Beverage,3.59,1,3.59,22.38,4
ORD-001298,2025-12-02 07:24:15,Tuesday,Campus,Mobile,,Credit Card,CUST-1273,Latte,Beverage,4.75,1,4.75,22.38,4
ORD-001298,2025-12-02 07:24:15,Tuesday,Campus,Mobile,,Credit Card,CUST-1273,Matcha Latte,Beverage,5.17,1,5.17,22.38,4
ORD-001298,2025-12-02 07:24:15,Tuesday,Campus,Mobile,,Credit Card,CUST-1273,Turkey & Swiss Sandwich,Food,8.87,1,8.87,22.38,4
ORD-000091,2025-12-02 07:49:40,Tuesday,Campus,In Store,,Debit Card,,Cinnamon Roll,Pastry,3.96,1,3.96,6.54,2
ORD-000091,2025-12-02 07:49:40,Tuesday,Campus,In Store,,Debit Card,,Espresso Shot,Beverage,2.58,1,2.58,6.54,2
ORD-001666,2025-12-02 08:29:05,Tuesday,Downtown,In Store,,Mobile Wallet,,Latte,Beverage,4.25,2,8.5,11.62,2
ORD-001666,2025-12-02 08:29:05,Tuesday,Downtown,In Store,,Mobile Wallet,,Blueberry Muffin,Pastry,3.12,1,3.12,11.62,2
ORD-000257,2025-12-02 09:45:55,Tuesday,Uptown,Mobile,,Mobile Wallet,CUST-4576,Scone,Pastry,3.61,1,3.61,3.61,1
ORD-001682,2025-12-02 12:19:57,Tuesday,Uptown,In Store,,Debit Card,CUST-3951,Grilled Cheese,Food,6.78,1,6.78,26.96,3
ORD-001682,2025-12-02 12:19:57,Tuesday,Uptown,In Store,,Debit Card,CUST-3951,Cinnamon Roll,Pastry,4.14,1,4.14,26.96,3
ORD-001682,2025-12-02 12:19:57,Tuesday,Uptown,In Store,,Debit Card,CUST-3951,Avocado Toast,Food,8.02,2,16.04,26.96,3
ORD-001735,2025-12-02 12:48:32,Tuesday,Uptown,In Store,,Mobile Wallet,,Cinnamon Roll,Pastry,4.28,2,8.56,8.56,1
ORD-001912,2025-12-02 15:40:19,Tuesday,Riverside,In Store,,Cash,,Protein Box,Snack,7.43,1,7.43,7.43,1
ORD-002886,2025-12-03 07:04:54,Wednesday,Uptown,In Store,,Cash,,Cinnamon Roll,Pastry,4.21,2,8.42,13.35,2
ORD-002886,2025-12-03 07:04:54,Wednesday,Uptown,In Store,,Cash,,Chai Latte,Beverage,4.93,1,4.93,13.35,2
ORD-001986,2025-12-03 08:15:35,Wednesday,Campus,In Store,,Mobile Wallet,,Bag of Chips,Snack,1.78,1,1.78,12.84,3
ORD-001986,2025-12-03 08:15:35,Wednesday,Campus,In Store,,Mobile Wallet,,Cappuccino,Beverage,4.7,1,4.7,12.84,3
ORD-001986,2025-12-03 08:15:35,Wednesday,Campus,In Store,,Mobile Wallet,,Scone,Pastry,3.18,2,6.36,12.84,3
ORD-002513,2025-12-03 12:36:03,Wednesday,Downtown,Delivery,Uber Eats,Debit Card,,Grilled Cheese,Food,6.56,1,6.56,10.21,2
ORD-002513,2025-12-03 12:36:03,Wednesday,Downtown,Delivery,Uber Eats,Debit Card,,Blueberry Muffin,Pastry,3.65,1,3.65,10.21,2
ORD-002217,2025-12-03 13:44:38,Wednesday,Downtown,Delivery,Grubhub,Credit Card,,Fruit Cup,Snack,3.97,3,11.91,20.02,2
ORD-002217,2025-12-03 13:44:38,Wednesday,Downtown,Delivery,Grubhub,Credit Card,,Avocado Toast,Food,8.11,1,8.11,20.02,2
ORD-000752,2025-12-03 14:24:48,Wednesday,Downtown,Delivery,DoorDash,Credit Card,,Americano,Beverage,3.18,1,3.18,35.49,5
ORD-000752,2025-12-03 14:24:48,Wednesday,Downtown,Delivery,DoorDash,Credit Card,,Veggie Wrap,Food,7.9,2,15.8,35.49,5
ORD-000752,2025-12-03 14:24:48,Wednesday,Downtown,Delivery,DoorDash,Credit Card,,Chocolate Chip Cookie,Pastry,2.88,1,2.88,35.49,5
ORD-000752,2025-12-03 14:24:48,Wednesday,Downtown,Delivery,DoorDash,Credit Card,,Turkey & Swiss Sandwich,Food,8.6,1,8.6,35.49,5
ORD-000752,2025-12-03 14:24:48,Wednesday,Downtown,Delivery,DoorDash,Credit Card,,Granola & Yogurt Cup,Snack,5.03,1,5.03,35.49,5
ORD-002989,2025-12-03 16:12:33,Wednesday,Uptown,Mobile,,Credit Card,CUST-2561,Avocado Toast,Food,8.25,1,8.25,8.25,1
ORD-001629,2025-12-03 17:13:06,Wednesday,Riverside,In Store,,Cash,,Caesar Salad,Food,8.46,1,8.46,17.49,3
ORD-001629,2025-12-03 17:13:06,Wednesday,Riverside,In Store,,Cash,,Cinnamon Roll,Pastry,4.23,1,4.23,17.49,3
ORD-001629,2025-12-03 17:13:06,Wednesday,Riverside,In Store,,Cash,,Latte,Beverage,4.8,1,4.8,17.49,3
ORD-001041,2025-12-03 18:49:31,Wednesday,Campus,In Store,,Mobile Wallet,CUST-2510,Latte,Beverage,4.39,1,4.39,4.39,1
ORD-001590,2025-12-04 07:37:33,Thursday,Downtown,In Store,,Mobile Wallet,CUST-2315,Bag of Chips,Snack,2.44,1,2.44,17.34,4
ORD-001590,2025-12-04 07:37:33,Thursday,Downtown,In Store,,Mobile Wallet,CUST-2315,Iced Tea,Beverage,3.42,1,3.42,17.34,4
ORD-001590,2025-12-04 07:37:33,Thursday,Downtown,In Store,,Mobile Wallet,CUST-2315,Grilled Cheese,Food,6.3,1,6.3,17.34,4
ORD-001590,2025-12-04 07:37:33,Thursday,Downtown,In Store,,Mobile Wallet,CUST-2315,Matcha Latte,Beverage,5.18,1,5.18,17.34,4
ORD-002904,2025-12-04 08:01:16,Thursday,Riverside,In Store,,Credit Card,,Blueberry Muffin,Pastry,3.37,1,3.37,5.85,2
ORD-002904,2025-12-04 08:01:16,Thursday,Riverside,In Store,,Credit Card,,Chocolate Chip Cookie,Pastry,2.48,1,2.48,5.85,2
ORD-000566,2025-12-04 08:36:06,Thursday,Downtown,In Store,,Credit Card,,Veggie Wrap,Food,8.0,1,8.0,8.0,1
ORD-002578,2025-12-04 08:45:16,Thursday,Uptown,Mobile,,Mobile Wallet,CUST-2835,Bag of Chips,Snack,2.09,1,2.09,18.22,5
ORD-002578,2025-12-04 08:45:16,Thursday,Uptown,Mobile,,Mobile Wallet,CUST-2835,Iced Tea,Beverage,3.01,1,3.01,18.22,5
ORD-002578,2025-12-04 08:45:16,Thursday,Uptown,Mobile,,Mobile Wallet,CUST-2835,Chocolate Chip Cookie,Pastry,2.87,2,5.74,18.22,5
ORD-002578,2025-12-04 08:45:16,Thursday,Uptown,Mobile,,Mobile Wallet,CUST-2835,Cinnamon Roll,Pastry,3.79,1,3.79,18.22,5
ORD-002578,2025-12-04 08:45:16,Thursday,Uptown,Mobile,,Mobile Wallet,CUST-2835,Americano,Beverage,3.59,1,3.59,18.22,5
ORD-002674,2025-12-04 09:28:49,Thursday,Riverside,Mobile,,Mobile Wallet,CUST-3728,Granola & Yogurt Cup,Snack,5.0,1,5.0,14.91,3
ORD-002674,2025-12-04 09:28:49,Thursday,Riverside,Mobile,,Mobile Wallet,CUST-3728,Bag of Chips,Snack,2.32,1,2.32,14.91,3
ORD-002674,2025-12-04 09:28:49,Thursday,Riverside,Mobile,,Mobile Wallet,CUST-3728,Veggie Wrap,Food,7.59,1,7.59,14.91,3
ORD-001029,2025-12-04 09:58:48,Thursday,Uptown,In Store,,Cash,,Matcha Latte,Beverage,5.12,1,5.12,5.12,1
ORD-001742,2025-12-04 11:52:44,Thursday,Campus,Mobile,,Credit Card,CUST-4102,Grilled Cheese,Food,6.69,1,6.69,21.49,2
ORD-001742,2025-12-04 11:52:44,Thursday,Campus,Mobile,,Credit Card,CUST-4102,Protein Box,Snack,7.4,2,14.8,21.49,2
ORD-000678,2025-12-04 13:27:40,Thursday,Downtown,In Store,,Cash,,Veggie Wrap,Food,8.2,1,8.2,8.2,1
ORD-000378,2025-12-04 14:01:36,Thursday,Uptown,Mobile,,Debit Card,CUST-1821,Matcha Latte,Beverage,5.33,1,5.33,5.33,1
ORD-000924,2025-12-04 15:23:57,Thursday,Campus,In Store,,Debit Card,,Espresso Shot,Beverage,2.66,1,2.66,2.66,1
ORD-000559,2025-12-04 16:21:14,Thursday,Campus,In Store,,Debit Card,CUST-1095,Espresso Shot,Beverage,2.72,1,2.72,7.68,2
ORD-000559,2025-12-04 16:21:14,Thursday,Campus,In Store,,Debit Card,CUST-1095,Latte,Beverage,4.96,1,4.96,7.68,2
ORD-002986,2025-12-04 16:24:51,Thursday,Campus,Mobile,,Mobile Wallet,CUST-4062,Mocha,Beverage,5.29,1,5.29,9.59,2
ORD-002986,2025-12-04 16:24:51,Thursday,Campus,Mobile,,Mobile Wallet,CUST-4062,Fruit Cup,Snack,4.3,1,4.3,9.59,2
ORD-000595,2025-12-04 16:57:06,Thursday,Riverside,Mobile,,Mobile Wallet,CUST-1799,Scone,Pastry,3.53,2,7.06,22.56,3
ORD-000595,2025-12-04 16:57:06,Thursday,Riverside,Mobile,,Mobile Wallet,CUST-1799,Avocado Toast,Food,8.3,1,8.3,22.56,3
ORD-000595,2025-12-04 16:57:06,Thursday,Riverside,Mobile,,Mobile Wallet,CUST-1799,Protein Box,Snack,7.2,1,7.2,22.56,3
ORD-000571,2025-12-04 17:24:44,Thursday,Downtown,In Store,,Cash,CUST-2545,Mocha,Beverage,5.2,1,5.2,20.27,3
ORD-000571,2025-12-04 17:24:44,Thursday,Downtown,In Store,,Cash,CUST-2545,Croissant,Pastry,3.5,3,10.5,20.27,3
ORD-000571,2025-12-04 17:24:44,Thursday,Downtown,In Store,,Cash,CUST-2545,Chai Latte,Beverage,4.57,1,4.57,20.27,3
ORD-001304,2025-12-05 07:19:04,Friday,Uptown,Delivery,Uber Eats,Mobile Wallet,,Cinnamon Roll,Pastry,4.09,1,4.09,13.06,2
ORD-001304,2025-12-05 07:19:04,Friday,Uptown,Delivery,Uber Eats,Mobile Wallet,,Turkey & Swiss Sandwich,Food,8.97,1,8.97,13.06,2
ORD-000251,2025-12-05 07:33:17,Friday,Uptown,Mobile,,Debit Card,CUST-4402,Americano,Beverage,3.27,3,9.81,26.33,4
ORD-000251,2025-12-05 07:33:17,Friday,Uptown,Mobile,,Debit Card,CUST-4402,Breakfast Burrito,Food,7.62,1,7.62,26.33,4
ORD-000251,2025-12-05 07:33:17,Friday,Uptown,Mobile,,Debit Card,CUST-4402,Scone,Pastry,3.74,1,3.74,26.33,4
ORD-000251,2025-12-05 07:33:17,Friday,Uptown,Mobile,,Debit Card,CUST-4402,Granola & Yogurt Cup,Snack,5.16,1,5.16,26.33,4
ORD-002023,2025-12-05 08:44:53,Friday,Campus,Delivery,Grubhub,Debit Card,,Iced Tea,Beverage,3.38,1,3.38,3.38,1
ORD-000862,2025-12-05 09:39:26,Friday,Campus,Mobile,,Credit Card,CUST-1715,Caesar Salad,Food,8.68,1,8.68,23.34,4
ORD-000862,2025-12-05 09:39:26,Friday,Campus,Mobile,,Credit Card,CUST-1715,Protein Box,Snack,6.93,1,6.93,23.34,4
ORD-000862,2025-12-05 09:39:26,Friday,Campus,Mobile,,Credit Card,CUST-1715,Granola & Yogurt Cup,Snack,4.82,1,4.82,23.34,4
ORD-000862,2025-12-05 09:39:26,Friday,Campus,Mobile,,Credit Card,CUST-1715,Espresso Shot,Beverage,2.91,1,2.91,23.34,4
ORD-000292,2025-12-05 09:51:21,Friday,Campus,Mobile,,Mobile Wallet,CUST-2961,Cold Brew,Beverage,4.6,1,4.6,12.61,2
ORD-000292,2025-12-05 09:51:21,Friday,Campus,Mobile,,Mobile Wallet,CUST-2961,Avocado Toast,Food,8.01,1,8.01,12.61,2
ORD-002519,2025-12-05 11:10:50,Friday,Campus,Delivery,Uber Eats,Credit Card,,Bag of Chips,Snack,2.22,2,4.44,15.04,4
ORD-002519,2025-12-05 11:10:50,Friday,Campus,Delivery,Uber Eats,Credit Card,,Hot Chocolate,Beverage,3.68,1,3.68,15.04,4
ORD-002519,2025-12-05 11:10:50,Friday,Campus,Delivery,Uber Eats,Credit Card,,Chai Latte,Beverage,4.33,1,4.33,15.04,4
ORD-002519,2025-12-05 11:10:50,Friday,Campus,Delivery,Uber Eats,Credit Card,,Drip Coffee,Beverage,2.59,1,2.59,15.04,4
ORD-000085,2025-12-05 11:38:28,Friday,Uptown,In Store,,Cash,CUST-1454,Caesar Salad,Food,8.4,1,8.4,8.4,1
ORD-000144,2025-12-05 17:08:41,Friday,Downtown,Mobile,,Credit Card,CUST-3200,Granola & Yogurt Cup,Snack,5.43,1,5.43,14.07,2
ORD-000144,2025-12-05 17:08:41,Friday,Downtown,Mobile,,Credit Card,CUST-3200,Espresso Shot,Beverage,2.88,3,8.64,14.07,2
ORD-001256,2025-12-05 18:44:49,Friday,Uptown,In Store,,Debit Card,CUST-1390,Granola & Yogurt Cup,Snack,5.13,1,5.13,5.13,1
ORD-002645,2025-12-06 08:43:16,Saturday,Campus,In Store,,Credit Card,,Avocado Toast,Food,7.72,2,15.44,20.18,2
ORD-002645,2025-12-06 08:43:16,Saturday,Campus,In Store,,Credit Card,,Granola & Yogurt Cup,Snack,4.74,1,4.74,20.18,2
ORD-000889,2025-12-06 10:16:09,Saturday,Riverside,Mobile,,Debit Card,CUST-1544,Americano,Beverage,3.43,1,3.43,17.86,4
ORD-000889,2025-12-06 10:16:09,Saturday,Riverside,Mobile,,Debit Card,CUST-1544,Bag of Chips,Snack,1.78,1,1.78,17.86,4
ORD-000889,2025-12-06 10:16:09,Saturday,Riverside,Mobile,,Debit Card,CUST-1544,Granola & Yogurt Cup,Snack,5.45,1,5.45,17.86,4
ORD-000889,2025-12-06 10:16:09,Saturday,Riverside,Mobile,,Debit Card,CUST-1544,Protein Box,Snack,7.2,1,7.2,17.86,4
ORD-002815,2025-12-06 10:36:08,Saturday,Riverside,Mobile,,Credit Card,CUST-4900,Protein Box,Snack,7.21,2,14.42,37.63,4
ORD-002815,2025-12-06 10:36:08,Saturday,Riverside,Mobile,,Credit Card,CUST-4900,Drip Coffee,Beverage,2.96,1,2.96,37.63,4
ORD-002815,2025-12-06 10:36:08,Saturday,Riverside,Mobile,,Credit Card,CUST-4900,Fruit Cup,Snack,4.16,3,12.48,37.63,4
ORD-002815,2025-12-06 10:36:08,Saturday,Riverside,Mobile,,Credit Card,CUST-4900,Veggie Wrap,Food,7.77,1,7.77,37.63,4
ORD-001300,2025-12-06 10:36:53,Saturday,Riverside,Mobile,,Debit Card,CUST-1259,Matcha Latte,Beverage,4.78,1,4.78,4.78,1
ORD-000046,2025-12-06 12:30:35,Saturday,Campus,In Store,,Debit Card,,Matcha Latte,Beverage,5.31,1,5.31,9.35,2
ORD-000046,2025-12-06 12:30:35,Saturday,Campus,In Store,,Debit Card,,Hot Chocolate,Beverage,4.04,1,4.04,9.35,2
ORD-002826,2025-12-06 14:13:48,Saturday,Downtown,Delivery,Grubhub,Credit Card,,Chocolate Chip Cookie,Pastry,3.0,1,3.0,3.0,1
ORD-001344,2025-12-06 17:07:45,Saturday,Uptown,In Store,,Mobile Wallet,,Blueberry Muffin,Pastry,3.08,2,6.16,10.06,2
ORD-001344,2025-12-06 17:07:45,Saturday,Uptown,In Store,,Mobile Wallet,,Hot Chocolate,Beverage,3.9,1,3.9,10.06,2
ORD-001771,2025-12-06 18:23:57,Saturday,Campus,In Store,,Debit Card,CUST-2558,Bagel w/ Cream Cheese,Pastry,3.98,1,3.98,10.96,2
ORD-001771,2025-12-06 18:23:57,Saturday,Campus,In Store,,Debit Card,CUST-2558,Protein Box,Snack,6.98,1,6.98,10.96,2
ORD-001596,2025-12-06 19:40:54,Saturday,Campus,Mobile,,Debit Card,CUST-4874,Hot Chocolate,Beverage,3.98,1,3.98,8.18,2
ORD-001596,2025-12-06 19:40:54,Saturday,Campus,Mobile,,Debit Card,CUST-4874,Cappuccino,Beverage,4.2,1,4.2,8.18,2
ORD-001521,2025-12-07 08:52:25,Sunday,Downtown,In Store,,Credit Card,CUST-1751,Avocado Toast,Food,8.28,1,8.28,12.36,2
ORD-001521,2025-12-07 08:52:25,Sunday,Downtown,In Store,,Credit Card,CUST-1751,Bagel w/ Cream Cheese,Pastry,4.08,1,4.08,12.36,2
ORD-001275,2025-12-07 08:53:47,Sunday,Riverside,In Store,,Debit Card,,Scone,Pastry,3.63,2,7.26,7.26,1
ORD-001210,2025-12-07 09:41:43,Sunday,Campus,Mobile,,Credit Card,CUST-1125,Bag of Chips,Snack,2.03,1,2.03,2.03,1
ORD-000172,2025-12-07 10:41:39,Sunday,Campus,In Store,,Debit Card,,Americano,Beverage,3.44,1,3.44,6.32,2
ORD-000172,2025-12-07 10:41:39,Sunday,Campus,In Store,,Debit Card,,Drip Coffee,Beverage,2.88,1,2.88,6.32,2
ORD-002865,2025-12-07 12:09:01,Sunday,Riverside,In Store,,Cash,,Protein Box,Snack,6.75,1,6.75,6.75,1
ORD-002382,2025-12-07 12:13:46,Sunday,Riverside,In Store,,Credit Card,CUST-2684,Latte,Beverage,4.88,1,4.88,11.59,2
ORD-002382,2025-12-07 12:13:46,Sunday,Riverside,In Store,,Credit Card,CUST-2684,Protein Box,Snack,6.71,1,6.71,11.59,2
ORD-002600,2025-12-07 12:38:08,Sunday,Uptown,Mobile,,Credit Card,CUST-4775,Cinnamon Roll,Pastry,4.08,1,4.08,4.08,1
ORD-001917,2025-12-07 12:50:59,Sunday,Campus,In Store,,Mobile Wallet,,Mocha,Beverage,5.45,1,5.45,12.66,2
ORD-001917,2025-12-07 12:50:59,Sunday,Campus,In Store,,Mobile Wallet,,Protein Box,Snack,7.21,1,7.21,12.66,2
ORD-002570,2025-12-08 10:51:24,Monday,Uptown,In Store,,Credit Card,CUST-2692,Chocolate Chip Cookie,Pastry,2.73,1,2.73,2.73,1
ORD-000545,2025-12-08 11:44:29,Monday,Riverside,In Store,,Debit Card,,Cold Brew,Beverage,5.09,1,5.09,8.25,2
ORD-000545,2025-12-08 11:44:29,Monday,Riverside,In Store,,Debit Card,,Americano,Beverage,3.16,1,3.16,8.25,2
ORD-000457,2025-12-08 12:25:31,Monday,Uptown,In Store,,Mobile Wallet,CUST-2026,Veggie Wrap,Food,8.12,1,8.12,16.66,2
ORD-000457,2025-12-08 12:25:31,Monday,Uptown,In Store,,Mobile Wallet,CUST-2026,Chai Latte,Beverage,4.27,2,8.54,16.66,2
ORD-000794,2025-12-08 13:04:12,Monday,Uptown,Mobile,,Mobile Wallet,CUST-2092,Cinnamon Roll,Pastry,4.21,1,4.21,4.21,1
ORD-000964,2025-12-08 16:15:04,Monday,Downtown,Mobile,,Credit Card,CUST-3536,Drip Coffee,Beverage,3.2,2,6.4,6.4,1
ORD-002715,2025-12-08 20:23:21,Monday,Uptown,In Store,,Credit Card,CUST-2509,Espresso Shot,Beverage,2.67,1,2.67,9.57,2
ORD-002715,2025-12-08 20:23:21,Monday,Uptown,In Store,,Credit Card,CUST-2509,Grilled Cheese,Food,6.9,1,6.9,9.57,2
ORD-002188,2025-12-09 08:18:01,Tuesday,Uptown,In Store,,Mobile Wallet,CUST-4971,Breakfast Burrito,Food,7.72,1,7.72,27.66,5
ORD-002188,2025-12-09 08:18:01,Tuesday,Uptown,In Store,,Mobile Wallet,CUST-4971,Chocolate Chip Cookie,Pastry,2.67,1,2.67,27.66,5
ORD-002188,2025-12-09 08:18:01,Tuesday,Uptown,In Store,,Mobile Wallet,CUST-4971,Scone,Pastry,3.58,1,3.58,27.66,5
ORD-002188,2025-12-09 08:18:01,Tuesday,Uptown,In Store,,Mobile Wallet,CUST-4971,Croissant,Pastry,3.59,1,3.59,27.66,5
ORD-002188,2025-12-09 08:18:01,Tuesday,Uptown,In Store,,Mobile Wallet,CUST-4971,Mocha,Beverage,5.05,2,10.1,27.66,5
ORD-001140,2025-12-09 09:40:21,Tuesday,Campus,Mobile,,Debit Card,CUST-4262,Protein Box,Snack,7.08,1,7.08,23.34,4
ORD-001140,2025-12-09 09:40:21,Tuesday,Campus,Mobile,,Debit Card,CUST-4262,Grilled Cheese,Food,6.71,1,6.71,23.34,4
ORD-001140,2025-12-09 09:40:21,Tuesday,Campus,Mobile,,Debit Card,CUST-4262,Bag of Chips,Snack,1.81,1,1.81,23.34,4
ORD-001140,2025-12-09 09:40:21,Tuesday,Campus,Mobile,,Debit Card,CUST-4262,Breakfast Burrito,Food,7.74,1,7.74,23.34,4
ORD-000305,2025-12-09 10:37:12,Tuesday,Downtown,In Store,,Cash,,Avocado Toast,Food,8.42,1,8.42,20.83,3
ORD-000305,2025-12-09 10:37:12,Tuesday,Downtown,In Store,,Cash,,Croissant,Pastry,3.55,1,3.55,20.83,3
ORD-000305,2025-12-09 10:37:12,Tuesday,Downtown,In Store,,Cash,,Turkey & Swiss Sandwich,Food,8.86,1,8.86,20.83,3
ORD-001922,2025-12-09 11:57:46,Tuesday,Riverside,In Store,,Cash,CUST-3074,Scone,Pastry,3.76,1,3.76,18.04,4
ORD-001922,2025-12-09 11:57:46,Tuesday,Riverside,In Store,,Cash,CUST-3074,Blueberry Muffin,Pastry,3.72,1,3.72,18.04,4
ORD-001922,2025-12-09 11:57:46,Tuesday,Riverside,In Store,,Cash,CUST-3074,Chocolate Chip Cookie,Pastry,2.37,1,2.37,18.04,4
ORD-001922,2025-12-09 11:57:46,Tuesday,Riverside,In Store,,Cash,CUST-3074,Avocado Toast,Food,8.19,1,8.19,18.04,4
ORD-000253,2025-12-09 12:05:49,Tuesday,Downtown,In Store,,Debit Card,,Hot Chocolate,Beverage,3.57,1,3.57,8.35,2
ORD-000253,2025-12-09 12:05:49,Tuesday,Downtown,In Store,,Debit Card,,Matcha Latte,Beverage,4.78,1,4.78,8.35,2
ORD-001992,2025-12-09 13:23:52,Tuesday,Riverside,In Store,,Credit Card,,Latte,Beverage,4.74,2,9.48,9.48,1
ORD-002404,2025-12-09 15:36:45,Tuesday,Riverside,Mobile,,Mobile Wallet,CUST-1580,Cappuccino,Beverage,4.16,1,4.16,11.05,2
ORD-002404,2025-12-09 15:36:45,Tuesday,Riverside,Mobile,,Mobile Wallet,CUST-1580,Grilled Cheese,Food,6.89,1,6.89,11.05,2
ORD-001829,2025-12-09 19:01:10,Tuesday,Uptown,Mobile,,Debit Card,CUST-1029,Hot Chocolate,Beverage,4.17,1,4.17,11.16,3
ORD-001829,2025-12-09 19:01:10,Tuesday,Uptown,Mobile,,Debit Card,CUST-1029,Cinnamon Roll,Pastry,4.25,1,4.25,11.16,3
ORD-001829,2025-12-09 19:01:10,Tuesday,Uptown,Mobile,,Debit Card,CUST-1029,Chocolate Chip Cookie,Pastry,2.74,1,2.74,11.16,3
ORD-000598,2025-12-10 08:08:59,Wednesday,Campus,In Store,,Cash,,Chai Latte,Beverage,4.82,2,9.64,9.64,1
ORD-000379,2025-12-10 08:09:10,Wednesday,Downtown,In Store,,Cash,CUST-2434,Espresso Shot,Beverage,2.38,1,2.38,13.08,2
ORD-000379,2025-12-10 08:09:10,Wednesday,Downtown,In Store,,Cash,CUST-2434,Matcha Latte,Beverage,5.35,2,10.7,13.08,2
ORD-001746,2025-12-10 09:03:48,Wednesday,Campus,In Store,,Cash,CUST-4869,Granola & Yogurt Cup,Snack,4.73,1,4.73,4.73,1
ORD-000533,2025-12-10 11:07:22,Wednesday,Campus,Delivery,Uber Eats,Mobile Wallet,,Grilled Cheese,Food,6.26,1,6.26,16.31,3
ORD-000533,2025-12-10 11:07:22,Wednesday,Campus,Delivery,Uber Eats,Mobile Wallet,,Drip Coffee,Beverage,3.07,1,3.07,16.31,3
ORD-000533,2025-12-10 11:07:22,Wednesday,Campus,Delivery,Uber Eats,Mobile Wallet,,Protein Box,Snack,6.98,1,6.98,16.31,3
ORD-002477,2025-12-10 11:55:33,Wednesday,Downtown,In Store,,Debit Card,CUST-2682,Cinnamon Roll,Pastry,4.14,2,8.28,21.89,3
ORD-002477,2025-12-10 11:55:33,Wednesday,Downtown,In Store,,Debit Card,CUST-2682,Americano,Beverage,3.57,3,10.71,21.89,3
ORD-002477,2025-12-10 11:55:33,Wednesday,Downtown,In Store,,Debit Card,CUST-2682,Iced Tea,Beverage,2.9,1,2.9,21.89,3
ORD-002171,2025-12-10 12:34:54,Wednesday,Riverside,Mobile,,Mobile Wallet,CUST-1756,Granola & Yogurt Cup,Snack,5.43,1,5.43,5.43,1
ORD-001186,2025-12-10 13:11:18,Wednesday,Campus,Mobile,,Mobile Wallet,CUST-3620,Breakfast Burrito,Food,7.41,1,7.41,7.41,1
ORD-002711,2025-12-10 13:38:26,Wednesday,Uptown,In Store,,Mobile Wallet,,Protein Box,Snack,7.05,1,7.05,21.62,4
ORD-002711,2025-12-10 13:38:26,Wednesday,Uptown,In Store,,Mobile Wallet,,Fruit Cup,Snack,4.11,1,4.11,21.62,4
ORD-002711,2025-12-10 13:38:26,Wednesday,Uptown,In Store,,Mobile Wallet,,Breakfast Burrito,Food,7.27,1,7.27,21.62,4
ORD-002711,2025-12-10 13:38:26,Wednesday,Uptown,In Store,,Mobile Wallet,,Iced Tea,Beverage,3.19,1,3.19,21.62,4
ORD-001321,2025-12-10 14:02:54,Wednesday,Riverside,In Store,,Mobile Wallet,CUST-2085,Americano,Beverage,3.43,1,3.43,11.1,2
ORD-001321,2025-12-10 14:02:54,Wednesday,Riverside,In Store,,Mobile Wallet,CUST-2085,Veggie Wrap,Food,7.67,1,7.67,11.1,2
ORD-001173,2025-12-10 15:49:12,Wednesday,Uptown,Mobile,,Debit Card,CUST-4776,Chocolate Chip Cookie,Pastry,2.58,2,5.16,5.16,1
ORD-001220,2025-12-10 16:58:51,Wednesday,Campus,Mobile,,Credit Card,CUST-1045,Hot Chocolate,Beverage,3.55,1,3.55,5.59,2
ORD-001220,2025-12-10 16:58:51,Wednesday,Campus,Mobile,,Credit Card,CUST-1045,Bag of Chips,Snack,2.04,1,2.04,5.59,2
ORD-002627,2025-12-10 17:04:22,Wednesday,Uptown,Mobile,,Credit Card,CUST-3084,Croissant,Pastry,3.66,2,7.32,15.95,2
ORD-002627,2025-12-10 17:04:22,Wednesday,Uptown,Mobile,,Credit Card,CUST-3084,Caesar Salad,Food,8.63,1,8.63,15.95,2
ORD-002880,2025-12-10 18:38:47,Wednesday,Campus,Mobile,,Debit Card,CUST-2683,Iced Tea,Beverage,3.12,1,3.12,16.26,3
ORD-002880,2025-12-10 18:38:47,Wednesday,Campus,Mobile,,Debit Card,CUST-2683,Caesar Salad,Food,8.65,1,8.65,16.26,3
ORD-002880,2025-12-10 18:38:47,Wednesday,Campus,Mobile,,Debit Card,CUST-2683,Latte,Beverage,4.49,1,4.49,16.26,3
ORD-001720,2025-12-11 07:26:49,Thursday,Campus,In Store,,Mobile Wallet,,Chai Latte,Beverage,4.78,1,4.78,4.78,1
ORD-000179,2025-12-11 08:07:15,Thursday,Uptown,In Store,,Debit Card,,Breakfast Burrito,Food,7.48,1,7.48,10.02,2
ORD-000179,2025-12-11 08:07:15,Thursday,Uptown,In Store,,Debit Card,,Chocolate Chip Cookie,Pastry,2.54,1,2.54,10.02,2
ORD-001129,2025-12-11 08:17:57,Thursday,Riverside,In Store,,Debit Card,CUST-1747,Cinnamon Roll,Pastry,3.89,1,3.89,21.17,4
ORD-001129,2025-12-11 08:17:57,Thursday,Riverside,In Store,,Debit Card,CUST-1747,Avocado Toast,Food,8.41,1,8.41,21.17,4
ORD-001129,2025-12-11 08:17:57,Thursday,Riverside,In Store,,Debit Card,CUST-1747,Mocha,Beverage,5.25,1,5.25,21.17,4
ORD-001129,2025-12-11 08:17:57,Thursday,Riverside,In Store,,Debit Card,CUST-1747,Blueberry Muffin,Pastry,3.62,1,3.62,21.17,4
ORD-002472,2025-12-11 09:05:02,Thursday,Riverside,In Store,,Debit Card,CUST-2028,Mocha,Beverage,5.27,1,5.27,21.43,4
ORD-002472,2025-12-11 09:05:02,Thursday,Riverside,In Store,,Debit Card,CUST-2028,Hot Chocolate,Beverage,3.69,1,3.69,21.43,4
ORD-002472,2025-12-11 09:05:02,Thursday,Riverside,In Store,,Debit Card,CUST-2028,Blueberry Muffin,Pastry,3.56,2,7.12,21.43,4
ORD-002472,2025-12-11 09:05:02,Thursday,Riverside,In Store,,Debit Card,CUST-2028,Matcha Latte,Beverage,5.35,1,5.35,21.43,4
ORD-000835,2025-12-11 09:47:51,Thursday,Uptown,Mobile,,Mobile Wallet,CUST-2197,Drip Coffee,Beverage,2.89,2,5.78,28.3,4
ORD-000835,2025-12-11 09:47:51,Thursday,Uptown,Mobile,,Mobile Wallet,CUST-2197,Chai Latte,Beverage,4.63,1,4.63,28.3,4
ORD-000835,2025-12-11 09:47:51,Thursday,Uptown,Mobile,,Mobile Wallet,CUST-2197,Veggie Wrap,Food,7.51,1,7.51,28.3,4
ORD-000835,2025-12-11 09:47:51,Thursday,Uptown,Mobile,,Mobile Wallet,CUST-2197,Matcha Latte,Beverage,5.19,2,10.38,28.3,4
ORD-002074,2025-12-11 09:50:13,Thursday,Uptown,In Store,,Mobile Wallet,,Matcha Latte,Beverage,5.38,3,16.14,40.95,5
ORD-002074,2025-12-11 09:50:13,Thursday,Uptown,In Store,,Mobile Wallet,,Granola & Yogurt Cup,Snack,4.83,1,4.83,40.95,5
ORD-002074,2025-12-11 09:50:13,Thursday,Uptown,In Store,,Mobile Wallet,,Latte,Beverage,4.79,1,4.79,40.95,5
ORD-002074,2025-12-11 09:50:13,Thursday,Uptown,In Store,,Mobile Wallet,,Avocado Toast,Food,8.01,1,8.01,40.95,5
ORD-002074,2025-12-11 09:50:13,Thursday,Uptown,In Store,,Mobile Wallet,,Breakfast Burrito,Food,7.18,1,7.18,40.95,5
ORD-001718,2025-12-11 10:59:48,Thursday,Campus,In Store,,Mobile Wallet,CUST-2807,Avocado Toast,Food,7.91,1,7.91,12.85,2
ORD-001718,2025-12-11 10:59:48,Thursday,Campus,In Store,,Mobile Wallet,CUST-2807,Chocolate Chip Cookie,Pastry,2.47,2,4.94,12.85,2
ORD-001516,2025-12-11 11:19:31,Thursday,Campus,Mobile,,Mobile Wallet,CUST-1384,Cinnamon Roll,Pastry,4.43,1,4.43,4.43,1
ORD-002463,2025-12-11 12:17:00,Thursday,Campus,In Store,,Debit Card,CUST-4502,Scone,Pastry,3.65,1,3.65,7.25,2
ORD-002463,2025-12-11 12:17:00,Thursday,Campus,In Store,,Debit Card,CUST-4502,Bag of Chips,Snack,1.8,2,3.6,7.25,2
ORD-002488,2025-12-11 13:16:40,Thursday,Campus,In Store,,Mobile Wallet,,Americano,Beverage,3.22,2,6.44,6.44,1
ORD-000148,2025-12-11 15:15:19,Thursday,Uptown,Mobile,,Debit Card,CUST-2230,Turkey & Swiss Sandwich,Food,8.91,2,17.82,17.82,1
ORD-000142,2025-12-11 15:46:01,Thursday,Downtown,In Store,,Credit Card,,Croissant,Pastry,3.66,1,3.66,3.66,1
ORD-001920,2025-12-11 17:20:30,Thursday,Campus,Mobile,,Debit Card,CUST-4148,Grilled Cheese,Food,6.89,1,6.89,20.43,3
ORD-001920,2025-12-11 17:20:30,Thursday,Campus,Mobile,,Debit Card,CUST-4148,Cappuccino,Beverage,4.02,1,4.02,20.43,3
ORD-001920,2025-12-11 17:20:30,Thursday,Campus,Mobile,,Debit Card,CUST-4148,Matcha Latte,Beverage,4.76,2,9.52,20.43,3
ORD-002794,2025-12-11 18:28:04,Thursday,Campus,Delivery,Uber Eats,Mobile Wallet,CUST-4650,Breakfast Burrito,Food,7.19,1,7.19,21.72,4
ORD-002794,2025-12-11 18:28:04,Thursday,Campus,Delivery,Uber Eats,Mobile Wallet,CUST-4650,Blueberry Muffin,Pastry,3.56,1,3.56,21.72,4
ORD-002794,2025-12-11 18:28:04,Thursday,Campus,Delivery,Uber Eats,Mobile Wallet,CUST-4650,Chocolate Chip Cookie,Pastry,2.29,1,2.29,21.72,4
ORD-002794,2025-12-11 18:28:04,Thursday,Campus,Delivery,Uber Eats,Mobile Wallet,CUST-4650,Caesar Salad,Food,8.68,1,8.68,21.72,4
ORD-002860,2025-12-12 08:30:22,Friday,Riverside,Delivery,Grubhub,Credit Card,,Granola & Yogurt Cup,Snack,5.28,1,5.28,9.01,2
ORD-002860,2025-12-12 08:30:22,Friday,Riverside,Delivery,Grubhub,Credit Card,,Bagel w/ Cream Cheese,Pastry,3.73,1,3.73,9.01,2
ORD-002116,2025-12-12 08:39:34,Friday,Campus,In Store,,Cash,,Mocha,Beverage,5.41,2,10.82,20.77,3
ORD-002116,2025-12-12 08:39:34,Friday,Campus,In Store,,Cash,,Cold Brew,Beverage,4.51,1,4.51,20.77,3
ORD-002116,2025-12-12 08:39:34,Friday,Campus,In Store,,Cash,,Granola & Yogurt Cup,Snack,5.44,1,5.44,20.77,3
ORD-002342,2025-12-12 09:35:31,Friday,Downtown,In Store,,Cash,CUST-1645,Caesar Salad,Food,8.56,1,8.56,16.43,2
ORD-002342,2025-12-12 09:35:31,Friday,Downtown,In Store,,Cash,CUST-1645,Avocado Toast,Food,7.87,1,7.87,16.43,2
ORD-002702,2025-12-12 11:30:31,Friday,Riverside,In Store,,Credit Card,,Bagel w/ Cream Cheese,Pastry,3.83,1,3.83,15.21,3
ORD-002702,2025-12-12 11:30:31,Friday,Riverside,In Store,,Credit Card,,Iced Tea,Beverage,2.91,1,2.91,15.21,3
ORD-002702,2025-12-12 11:30:31,Friday,Riverside,In Store,,Credit Card,,Turkey & Swiss Sandwich,Food,8.47,1,8.47,15.21,3
ORD-000675,2025-12-12 11:33:46,Friday,Campus,In Store,,Credit Card,,Americano,Beverage,3.52,1,3.52,11.78,2
ORD-000675,2025-12-12 11:33:46,Friday,Campus,In Store,,Credit Card,,Avocado Toast,Food,8.26,1,8.26,11.78,2
ORD-000970,2025-12-12 12:23:27,Friday,Riverside,In Store,,Credit Card,CUST-2469,Cinnamon Roll,Pastry,4.26,1,4.26,12.18,2
ORD-000970,2025-12-12 12:23:27,Friday,Riverside,In Store,,Credit Card,CUST-2469,Fruit Cup,Snack,3.96,2,7.92,12.18,2
ORD-002950,2025-12-12 16:24:49,Friday,Campus,In Store,,Mobile Wallet,CUST-1363,Croissant,Pastry,3.45,1,3.45,3.45,1
ORD-001134,2025-12-12 17:52:36,Friday,Downtown,In Store,,Mobile Wallet,,Mocha,Beverage,5.23,1,5.23,5.23,1
ORD-001286,2025-12-13 06:33:26,Saturday,Uptown,Mobile,,Credit Card,CUST-4706,Cinnamon Roll,Pastry,4.05,1,4.05,6.44,2
ORD-001286,2025-12-13 06:33:26,Saturday,Uptown,Mobile,,Credit Card,CUST-4706,Espresso Shot,Beverage,2.39,1,2.39,6.44,2
ORD-002388,2025-12-13 07:40:40,Saturday,Riverside,Mobile,,Debit Card,CUST-4296,Iced Tea,Beverage,3.43,1,3.43,3.43,1
ORD-001994,2025-12-13 08:24:31,Saturday,Campus,Mobile,,Credit Card,CUST-3424,Chocolate Chip Cookie,Pastry,2.26,1,2.26,7.62,3
ORD-001994,2025-12-13 08:24:31,Saturday,Campus,Mobile,,Credit Card,CUST-3424,Bag of Chips,Snack,2.16,1,2.16,7.62,3
ORD-001994,2025-12-13 08:24:31,Saturday,Campus,Mobile,,Credit Card,CUST-3424,Americano,Beverage,3.2,1,3.2,7.62,3
ORD-000193,2025-12-13 08:33:36,Saturday,Uptown,In Store,,Mobile Wallet,,Granola & Yogurt Cup,Snack,5.01,1,5.01,5.01,1
ORD-002785,2025-12-13 08:58:58,Saturday,Uptown,In Store,,Cash,,Protein Box,Snack,6.76,1,6.76,20.38,2
ORD-002785,2025-12-13 08:58:58,Saturday,Uptown,In Store,,Cash,,Cold Brew,Beverage,4.54,3,13.62,20.38,2
ORD-000782,2025-12-13 09:20:39,Saturday,Uptown,Delivery,Uber Eats,Credit Card,,Breakfast Burrito,Food,7.28,3,21.84,21.84,1
ORD-002781,2025-12-13 09:43:54,Saturday,Campus,Delivery,Uber Eats,Debit Card,CUST-1349,Blueberry Muffin,Pastry,3.45,1,3.45,10.19,2
ORD-002781,2025-12-13 09:43:54,Saturday,Campus,Delivery,Uber Eats,Debit Card,CUST-1349,Protein Box,Snack,6.74,1,6.74,10.19,2
ORD-000186,2025-12-13 10:09:36,Saturday,Campus,Mobile,,Debit Card,CUST-2851,Protein Box,Snack,6.77,2,13.54,13.54,1
ORD-002193,2025-12-13 11:13:36,Saturday,Campus,Mobile,,Credit Card,CUST-3443,Iced Tea,Beverage,3.17,1,3.17,17.61,2
ORD-002193,2025-12-13 11:13:36,Saturday,Campus,Mobile,,Credit Card,CUST-3443,Breakfast Burrito,Food,7.22,2,14.44,17.61,2
ORD-002189,2025-12-13 13:55:13,Saturday,Downtown,Mobile,,Mobile Wallet,CUST-2524,Cold Brew,Beverage,4.88,1,4.88,4.88,1
ORD-002072,2025-12-13 14:50:00,Saturday,Riverside,Mobile,,Credit Card,CUST-2792,Cold Brew,Beverage,4.52,1,4.52,14.31,3
ORD-002072,2025-12-13 14:50:00,Saturday,Riverside,Mobile,,Credit Card,CUST-2792,Espresso Shot,Beverage,2.43,1,2.43,14.31,3
ORD-002072,2025-12-13 14:50:00,Saturday,Riverside,Mobile,,Credit Card,CUST-2792,Americano,Beverage,3.68,2,7.36,14.31,3
ORD-002125,2025-12-13 16:10:26,Saturday,Campus,In Store,,Mobile Wallet,CUST-3273,Latte,Beverage,4.89,1,4.89,10.3,2
ORD-002125,2025-12-13 16:10:26,Saturday,Campus,In Store,,Mobile Wallet,CUST-3273,Mocha,Beverage,5.41,1,5.41,10.3,2
ORD-002097,2025-12-13 17:49:58,Saturday,Riverside,In Store,,Debit Card,,Protein Box,Snack,7.15,1,7.15,7.15,1
ORD-000112,2025-12-14 08:01:09,Sunday,Campus,Mobile,,Credit Card,CUST-1517,Fruit Cup,Snack,3.97,1,3.97,3.97,1
ORD-000526,2025-12-14 08:39:20,Sunday,Downtown,In Store,,Debit Card,,Chocolate Chip Cookie,Pastry,2.44,2,4.88,4.88,1
ORD-000399,2025-12-14 09:33:43,Sunday,Downtown,Delivery,Grubhub,Mobile Wallet,,Veggie Wrap,Food,7.99,1,7.99,20.52,3
ORD-000399,2025-12-14 09:33:43,Sunday,Downtown,Delivery,Grubhub,Mobile Wallet,,Matcha Latte,Beverage,5.33,1,5.33,20.52,3
ORD-000399,2025-12-14 09:33:43,Sunday,Downtown,Delivery,Grubhub,Mobile Wallet,,Breakfast Burrito,Food,7.2,1,7.2,20.52,3
ORD-000744,2025-12-14 09:34:29,Sunday,Riverside,In Store,,Credit Card,,Espresso Shot,Beverage,2.46,1,2.46,11.38,2
ORD-000744,2025-12-14 09:34:29,Sunday,Riverside,In Store,,Credit Card,,Chai Latte,Beverage,4.46,2,8.92,11.38,2
ORD-000411,2025-12-14 10:07:43,Sunday,Uptown,In Store,,Debit Card,,Latte,Beverage,4.82,1,4.82,16.55,3
ORD-000411,2025-12-14 10:07:43,Sunday,Uptown,In Store,,Debit Card,,Fruit Cup,Snack,3.75,1,3.75,16.55,3
ORD-000411,2025-12-14 10:07:43,Sunday,Uptown,In Store,,Debit Card,,Avocado Toast,Food,7.98,1,7.98,16.55,3
ORD-002441,2025-12-14 12:54:28,Sunday,Campus,Mobile,,Credit Card,CUST-4016,Latte,Beverage,4.62,1,4.62,9.26,2
ORD-002441,2025-12-14 12:54:28,Sunday,Campus,Mobile,,Credit Card,CUST-4016,Chocolate Chip Cookie,Pastry,2.32,2,4.64,9.26,2
ORD-000620,2025-12-14 13:45:29,Sunday,Riverside,In Store,,Mobile Wallet,,Chocolate Chip Cookie,Pastry,2.79,1,2.79,2.79,1
ORD-000036,2025-12-14 15:46:10,Sunday,Uptown,Mobile,,Mobile Wallet,CUST-3187,Blueberry Muffin,Pastry,3.5,1,3.5,3.5,1
ORD-001518,2025-12-14 17:48:14,Sunday,Downtown,In Store,,Debit Card,,Cappuccino,Beverage,4.46,1,4.46,13.97,4
ORD-001518,2025-12-14 17:48:14,Sunday,Downtown,In Store,,Debit Card,,Scone,Pastry,3.19,1,3.19,13.97,4
ORD-001518,2025-12-14 17:48:14,Sunday,Downtown,In Store,,Debit Card,,Croissant,Pastry,3.94,1,3.94,13.97,4
ORD-001518,2025-12-14 17:48:14,Sunday,Downtown,In Store,,Debit Card,,Bag of Chips,Snack,2.38,1,2.38,13.97,4
ORD-002543,2025-12-14 17:59:36,Sunday,Uptown,Mobile,,Credit Card,CUST-4358,Scone,Pastry,3.18,1,3.18,3.18,1
ORD-000576,2025-12-14 18:49:44,Sunday,Uptown,In Store,,Debit Card,,Cappuccino,Beverage,4.44,1,4.44,10.61,3
ORD-000576,2025-12-14 18:49:44,Sunday,Uptown,In Store,,Debit Card,,Drip Coffee,Beverage,2.94,1,2.94,10.61,3
ORD-000576,2025-12-14 18:49:44,Sunday,Uptown,In Store,,Debit Card,,Iced Tea,Beverage,3.23,1,3.23,10.61,3
ORD-001091,2025-12-15 08:23:39,Monday,Uptown,Mobile,,Credit Card,CUST-1312,Cappuccino,Beverage,4.65,2,9.3,9.3,1
ORD-000750,2025-12-15 11:41:27,Monday,Uptown,Mobile,,Credit Card,CUST-2337,Croissant,Pastry,3.92,3,11.76,15.22,2
ORD-000750,2025-12-15 11:41:27,Monday,Uptown,Mobile,,Credit Card,CUST-2337,Iced Tea,Beverage,3.46,1,3.46,15.22,2
ORD-001361,2025-12-15 12:35:22,Monday,Riverside,Mobile,,Debit Card,CUST-2129,Scone,Pastry,3.61,1,3.61,3.61,1
ORD-000896,2025-12-15 12:55:00,Monday,Downtown,Delivery,Uber Eats,Mobile Wallet,,Cappuccino,Beverage,4.12,1,4.12,15.74,3
ORD-000896,2025-12-15 12:55:00,Monday,Downtown,Delivery,Uber Eats,Mobile Wallet,,Breakfast Burrito,Food,7.73,1,7.73,15.74,3
ORD-000896,2025-12-15 12:55:00,Monday,Downtown,Delivery,Uber Eats,Mobile Wallet,,Scone,Pastry,3.89,1,3.89,15.74,3
ORD-002275,2025-12-15 13:28:33,Monday,Uptown,Mobile,,Credit Card,CUST-1933,Bag of Chips,Snack,2.1,1,2.1,2.1,1
ORD-002416,2025-12-15 14:42:51,Monday,Downtown,In Store,,Credit Card,CUST-1594,Mocha,Beverage,5.31,1,5.31,21.18,4
ORD-002416,2025-12-15 14:42:51,Monday,Downtown,In Store,,Credit Card,CUST-1594,Cold Brew,Beverage,4.58,1,4.58,21.18,4
ORD-002416,2025-12-15 14:42:51,Monday,Downtown,In Store,,Credit Card,CUST-1594,Drip Coffee,Beverage,3.19,2,6.38,21.18,4
ORD-002416,2025-12-15 14:42:51,Monday,Downtown,In Store,,Credit Card,CUST-1594,Matcha Latte,Beverage,4.91,1,4.91,21.18,4
ORD-000008,2025-12-15 14:43:56,Monday,Riverside,In Store,,Debit Card,CUST-2780,Drip Coffee,Beverage,3.16,3,9.48,9.48,1
ORD-002817,2025-12-15 15:04:08,Monday,Downtown,In Store,,Credit Card,CUST-1417,Chai Latte,Beverage,4.82,1,4.82,16.61,3
ORD-002817,2025-12-15 15:04:08,Monday,Downtown,In Store,,Credit Card,CUST-1417,Cappuccino,Beverage,4.25,1,4.25,16.61,3
ORD-002817,2025-12-15 15:04:08,Monday,Downtown,In Store,,Credit Card,CUST-1417,Veggie Wrap,Food,7.54,1,7.54,16.61,3
ORD-002327,2025-12-15 16:14:55,Monday,Campus,In Store,,Cash,,Turkey & Swiss Sandwich,Food,8.59,1,8.59,15.19,3
ORD-002327,2025-12-15 16:14:55,Monday,Campus,In Store,,Cash,,Croissant,Pastry,3.53,1,3.53,15.19,3
ORD-002327,2025-12-15 16:14:55,Monday,Campus,In Store,,Cash,,Blueberry Muffin,Pastry,3.07,1,3.07,15.19,3
ORD-000534,2025-12-15 17:22:12,Monday,Riverside,In Store,,Credit Card,CUST-3022,Breakfast Burrito,Food,7.42,1,7.42,36.44,5
ORD-000534,2025-12-15 17:22:12,Monday,Riverside,In Store,,Credit Card,CUST-3022,Grilled Cheese,Food,6.66,1,6.66,36.44,5
ORD-000534,2025-12-15 17:22:12,Monday,Riverside,In Store,,Credit Card,CUST-3022,Bagel w/ Cream Cheese,Pastry,3.93,2,7.86,36.44,5
ORD-000534,2025-12-15 17:22:12,Monday,Riverside,In Store,,Credit Card,CUST-3022,Matcha Latte,Beverage,5.05,2,10.1,36.44,5
ORD-000534,2025-12-15 17:22:12,Monday,Riverside,In Store,,Credit Card,CUST-3022,Latte,Beverage,4.4,1,4.4,36.44,5
ORD-000272,2025-12-16 07:11:47,Tuesday,Campus,In Store,,Cash,,Cold Brew,Beverage,5.03,1,5.03,7.47,2
ORD-000272,2025-12-16 07:11:47,Tuesday,Campus,In Store,,Cash,,Espresso Shot,Beverage,2.44,1,2.44,7.47,2
ORD-000668,2025-12-16 07:41:03,Tuesday,Uptown,Mobile,,Mobile Wallet,CUST-4363,Espresso Shot,Beverage,2.37,1,2.37,5.42,2
ORD-000668,2025-12-16 07:41:03,Tuesday,Uptown,Mobile,,Mobile Wallet,CUST-4363,Americano,Beverage,3.05,1,3.05,5.42,2
ORD-002056,2025-12-16 08:24:00,Tuesday,Riverside,In Store,,Mobile Wallet,,Fruit Cup,Snack,3.96,1,3.96,3.96,1
ORD-002892,2025-12-16 09:23:39,Tuesday,Riverside,Mobile,,Debit Card,CUST-2914,Iced Tea,Beverage,2.87,1,2.87,17.83,4
ORD-002892,2025-12-16 09:23:39,Tuesday,Riverside,Mobile,,Debit Card,CUST-2914,Bag of Chips,Snack,2.24,1,2.24,17.83,4
ORD-002892,2025-12-16 09:23:39,Tuesday,Riverside,Mobile,,Debit Card,CUST-2914,Veggie Wrap,Food,7.85,1,7.85,17.83,4
ORD-002892,2025-12-16 09:23:39,Tuesday,Riverside,Mobile,,Debit Card,CUST-2914,Latte,Beverage,4.87,1,4.87,17.83,4
ORD-000269,2025-12-16 09:53:03,Tuesday,Riverside,Mobile,,Credit Card,CUST-4086,Croissant,Pastry,3.71,1,3.71,5.88,2
ORD-000269,2025-12-16 09:53:03,Tuesday,Riverside,Mobile,,Credit Card,CUST-4086,Bag of Chips,Snack,2.17,1,2.17,5.88,2
ORD-002281,2025-12-16 11:59:10,Tuesday,Uptown,In Store,,Debit Card,CUST-3287,Iced Tea,Beverage,3.46,1,3.46,32.95,5
ORD-002281,2025-12-16 11:59:10,Tuesday,Uptown,In Store,,Debit Card,CUST-3287,Hot Chocolate,Beverage,4.14,3,12.42,32.95,5
ORD-002281,2025-12-16 11:59:10,Tuesday,Uptown,In Store,,Debit Card,CUST-3287,Espresso Shot,Beverage,2.34,2,4.68,32.95,5
ORD-002281,2025-12-16 11:59:10,Tuesday,Uptown,In Store,,Debit Card,CUST-3287,Mocha,Beverage,4.93,2,9.86,32.95,5
ORD-002281,2025-12-16 11:59:10,Tuesday,Uptown,In Store,,Debit Card,CUST-3287,Drip Coffee,Beverage,2.53,1,2.53,32.95,5
ORD-000431,2025-12-16 12:08:30,Tuesday,Campus,In Store,,Cash,CUST-1257,Protein Box,Snack,7.41,1,7.41,7.41,1
ORD-000535,2025-12-16 12:11:04,Tuesday,Downtown,In Store,,Credit Card,CUST-3334,Granola & Yogurt Cup,Snack,5.22,3,15.66,31.3,4
ORD-000535,2025-12-16 12:11:04,Tuesday,Downtown,In Store,,Credit Card,CUST-3334,Scone,Pastry,3.66,1,3.66,31.3,4
ORD-000535,2025-12-16 12:11:04,Tuesday,Downtown,In Store,,Credit Card,CUST-3334,Protein Box,Snack,6.89,1,6.89,31.3,4
ORD-000535,2025-12-16 12:11:04,Tuesday,Downtown,In Store,,Credit Card,CUST-3334,Matcha Latte,Beverage,5.09,1,5.09,31.3,4
ORD-001049,2025-12-16 12:26:00,Tuesday,Riverside,Mobile,,Mobile Wallet,CUST-4254,Bag of Chips,Snack,1.79,1,1.79,10.89,3
ORD-001049,2025-12-16 12:26:00,Tuesday,Riverside,Mobile,,Mobile Wallet,CUST-4254,Mocha,Beverage,5.2,1,5.2,10.89,3
ORD-001049,2025-12-16 12:26:00,Tuesday,Riverside,Mobile,,Mobile Wallet,CUST-4254,Bagel w/ Cream Cheese,Pastry,3.9,1,3.9,10.89,3
ORD-002969,2025-12-16 15:04:21,Tuesday,Uptown,In Store,,Debit Card,,Avocado Toast,Food,8.23,3,24.69,38.1,2
ORD-002969,2025-12-16 15:04:21,Tuesday,Uptown,In Store,,Debit Card,,Cappuccino,Beverage,4.47,3,13.41,38.1,2
ORD-002069,2025-12-16 15:20:12,Tuesday,Uptown,In Store,,Debit Card,,Americano,Beverage,3.04,1,3.04,13.46,3
ORD-002069,2025-12-16 15:20:12,Tuesday,Uptown,In Store,,Debit Card,,Protein Box,Snack,6.82,1,6.82,13.46,3
ORD-002069,2025-12-16 15:20:12,Tuesday,Uptown,In Store,,Debit Card,,Hot Chocolate,Beverage,3.6,1,3.6,13.46,3
ORD-001846,2025-12-16 16:34:20,Tuesday,Campus,Mobile,,Debit Card,CUST-4049,Blueberry Muffin,Pastry,3.23,2,6.46,6.46,1
ORD-001199,2025-12-16 16:50:57,Tuesday,Campus,Mobile,,Debit Card,CUST-3037,Protein Box,Snack,7.4,2,14.8,17.67,2
ORD-001199,2025-12-16 16:50:57,Tuesday,Campus,Mobile,,Debit Card,CUST-3037,Iced Tea,Beverage,2.87,1,2.87,17.67,2
ORD-000309,2025-12-16 18:12:31,Tuesday,Uptown,Mobile,,Mobile Wallet,CUST-1991,Mocha,Beverage,5.28,1,5.28,23.59,4
ORD-000309,2025-12-16 18:12:31,Tuesday,Uptown,Mobile,,Mobile Wallet,CUST-1991,Bag of Chips,Snack,2.12,3,6.36,23.59,4
ORD-000309,2025-12-16 18:12:31,Tuesday,Uptown,Mobile,,Mobile Wallet,CUST-1991,Breakfast Burrito,Food,7.64,1,7.64,23.59,4
ORD-000309,2025-12-16 18:12:31,Tuesday,Uptown,Mobile,,Mobile Wallet,CUST-1991,Chai Latte,Beverage,4.31,1,4.31,23.59,4
ORD-000828,2025-12-17 07:23:01,Wednesday,Campus,Mobile,,Mobile Wallet,CUST-3094,Croissant,Pastry,3.47,1,3.47,31.33,4
ORD-000828,2025-12-17 07:23:01,Wednesday,Campus,Mobile,,Mobile Wallet,CUST-3094,Granola & Yogurt Cup,Snack,4.86,2,9.72,31.33,4
ORD-000828,2025-12-17 07:23:01,Wednesday,Campus,Mobile,,Mobile Wallet,CUST-3094,Cinnamon Roll,Pastry,4.44,2,8.88,31.33,4
ORD-000828,2025-12-17 07:23:01,Wednesday,Campus,Mobile,,Mobile Wallet,CUST-3094,Cold Brew,Beverage,4.63,2,9.26,31.33,4
ORD-002324,2025-12-17 10:07:36,Wednesday,Downtown,In Store,,Debit Card,CUST-4173,Grilled Cheese,Food,6.39,1,6.39,13.59,3
ORD-002324,2025-12-17 10:07:36,Wednesday,Downtown,In Store,,Debit Card,CUST-4173,Cappuccino,Beverage,4.38,1,4.38,13.59,3
ORD-002324,2025-12-17 10:07:36,Wednesday,Downtown,In Store,,Debit Card,CUST-4173,Iced Tea,Beverage,2.82,1,2.82,13.59,3
ORD-002088,2025-12-17 10:23:43,Wednesday,Downtown,Mobile,,Debit Card,CUST-4243,Avocado Toast,Food,8.43,1,8.43,8.43,1
ORD-000348,2025-12-17 10:48:46,Wednesday,Downtown,Mobile,,Mobile Wallet,CUST-1223,Breakfast Burrito,Food,7.65,2,15.3,15.3,1
ORD-002320,2025-12-17 17:35:31,Wednesday,Downtown,In Store,,Debit Card,,Cappuccino,Beverage,4.06,3,12.18,12.18,1
ORD-000907,2025-12-17 17:47:32,Wednesday,Uptown,In Store,,Debit Card,,Mocha,Beverage,5.41,1,5.41,5.41,1
ORD-001812,2025-12-18 08:06:05,Thursday,Uptown,In Store,,Credit Card,,Americano,Beverage,3.02,1,3.02,3.02,1
ORD-002908,2025-12-18 08:41:41,Thursday,Campus,In Store,,Mobile Wallet,CUST-2549,Scone,Pastry,3.38,1,3.38,20.41,3
ORD-002908,2025-12-18 08:41:41,Thursday,Campus,In Store,,Mobile Wallet,CUST-2549,Blueberry Muffin,Pastry,3.39,1,3.39,20.41,3
ORD-002908,2025-12-18 08:41:41,Thursday,Campus,In Store,,Mobile Wallet,CUST-2549,Protein Box,Snack,6.82,2,13.64,20.41,3
ORD-002970,2025-12-18 08:50:53,Thursday,Downtown,In Store,,Cash,,Caesar Salad,Food,8.67,1,8.67,20.5,3
ORD-002970,2025-12-18 08:50:53,Thursday,Downtown,In Store,,Cash,,Chocolate Chip Cookie,Pastry,2.87,1,2.87,20.5,3
ORD-002970,2025-12-18 08:50:53,Thursday,Downtown,In Store,,Cash,,Latte,Beverage,4.48,2,8.96,20.5,3
ORD-002413,2025-12-18 10:03:13,Thursday,Downtown,In Store,,Credit Card,,Hot Chocolate,Beverage,3.84,2,7.68,41.18,5
ORD-002413,2025-12-18 10:03:13,Thursday,Downtown,In Store,,Credit Card,,Caesar Salad,Food,8.32,2,16.64,41.18,5
ORD-002413,2025-12-18 10:03:13,Thursday,Downtown,In Store,,Credit Card,,Chai Latte,Beverage,4.37,1,4.37,41.18,5
ORD-002413,2025-12-18 10:03:13,Thursday,Downtown,In Store,,Credit Card,,Avocado Toast,Food,8.41,1,8.41,41.18,5
ORD-002413,2025-12-18 10:03:13,Thursday,Downtown,In Store,,Credit Card,,Fruit Cup,Snack,4.08,1,4.08,41.18,5
ORD-000813,2025-12-18 10:27:21,Thursday,Downtown,Mobile,,Mobile Wallet,CUST-2094,Croissant,Pastry,3.59,1,3.59,3.59,1
ORD-000194,2025-12-18 11:13:05,Thursday,Uptown,Delivery,Grubhub,Credit Card,,Chocolate Chip Cookie,Pastry,2.44,1,2.44,5.38,2
ORD-000194,2025-12-18 11:13:05,Thursday,Uptown,Delivery,Grubhub,Credit Card,,Iced Tea,Beverage,2.94,1,2.94,5.38,2
ORD-001119,2025-12-18 12:14:48,Thursday,Uptown,In Store,,Credit Card,,Cold Brew,Beverage,4.81,3,14.43,31.66,3
ORD-001119,2025-12-18 12:14:48,Thursday,Uptown,In Store,,Credit Card,,Turkey & Swiss Sandwich,Food,8.68,1,8.68,31.66,3
ORD-001119,2025-12-18 12:14:48,Thursday,Uptown,In Store,,Credit Card,,Caesar Salad,Food,8.55,1,8.55,31.66,3
ORD-000068,2025-12-18 15:03:58,Thursday,Campus,Mobile,,Debit Card,CUST-4177,Protein Box,Snack,7.27,1,7.27,18.17,3
ORD-000068,2025-12-18 15:03:58,Thursday,Campus,Mobile,,Debit Card,CUST-4177,Croissant,Pastry,3.76,1,3.76,18.17,3
ORD-000068,2025-12-18 15:03:58,Thursday,Campus,Mobile,,Debit Card,CUST-4177,Breakfast Burrito,Food,7.14,1,7.14,18.17,3
ORD-002884,2025-12-18 15:22:37,Thursday,Riverside,In Store,,Debit Card,,Blueberry Muffin,Pastry,3.4,3,10.2,14.54,2
ORD-002884,2025-12-18 15:22:37,Thursday,Riverside,In Store,,Debit Card,,Fruit Cup,Snack,4.34,1,4.34,14.54,2
ORD-001023,2025-12-18 17:44:22,Thursday,Downtown,Mobile,,Credit Card,CUST-1676,Latte,Beverage,4.92,1,4.92,27.53,4
ORD-001023,2025-12-18 17:44:22,Thursday,Downtown,Mobile,,Credit Card,CUST-1676,Americano,Beverage,3.69,1,3.69,27.53,4
ORD-001023,2025-12-18 17:44:22,Thursday,Downtown,Mobile,,Credit Card,CUST-1676,Iced Tea,Beverage,2.78,1,2.78,27.53,4
ORD-001023,2025-12-18 17:44:22,Thursday,Downtown,Mobile,,Credit Card,CUST-1676,Avocado Toast,Food,8.07,2,16.14,27.53,4
ORD-001528,2025-12-18 20:38:44,Thursday,Riverside,In Store,,Debit Card,,Cinnamon Roll,Pastry,4.21,1,4.21,6.75,2
ORD-001528,2025-12-18 20:38:44,Thursday,Riverside,In Store,,Debit Card,,Chocolate Chip Cookie,Pastry,2.54,1,2.54,6.75,2
ORD-001027,2025-12-19 09:15:45,Friday,Campus,In Store,,Cash,,Granola & Yogurt Cup,Snack,4.82,1,4.82,22.12,3
ORD-001027,2025-12-19 09:15:45,Friday,Campus,In Store,,Cash,,Turkey & Swiss Sandwich,Food,8.6,1,8.6,22.12,3
ORD-001027,2025-12-19 09:15:45,Friday,Campus,In Store,,Cash,,Caesar Salad,Food,8.7,1,8.7,22.12,3
ORD-002636,2025-12-19 09:33:25,Friday,Campus,In Store,,Credit Card,,Blueberry Muffin,Pastry,3.04,1,3.04,13.36,3
ORD-002636,2025-12-19 09:33:25,Friday,Campus,In Store,,Credit Card,,Drip Coffee,Beverage,3.16,1,3.16,13.36,3
ORD-002636,2025-12-19 09:33:25,Friday,Campus,In Store,,Credit Card,,Breakfast Burrito,Food,7.16,1,7.16,13.36,3
ORD-001086,2025-12-19 10:18:43,Friday,Riverside,Mobile,,Credit Card,CUST-1838,Croissant,Pastry,3.85,2,7.7,19.45,4
ORD-001086,2025-12-19 10:18:43,Friday,Riverside,Mobile,,Credit Card,CUST-1838,Fruit Cup,Snack,4.36,1,4.36,19.45,4
ORD-001086,2025-12-19 10:18:43,Friday,Riverside,Mobile,,Credit Card,CUST-1838,Mocha,Beverage,5.09,1,5.09,19.45,4
ORD-001086,2025-12-19 10:18:43,Friday,Riverside,Mobile,,Credit Card,CUST-1838,Bag of Chips,Snack,2.3,1,2.3,19.45,4
ORD-000795,2025-12-19 12:11:40,Friday,Downtown,Mobile,,Debit Card,CUST-2121,Americano,Beverage,3.63,1,3.63,7.08,2
ORD-000795,2025-12-19 12:11:40,Friday,Downtown,Mobile,,Debit Card,CUST-2121,Iced Tea,Beverage,3.45,1,3.45,7.08,2
ORD-001589,2025-12-19 20:04:27,Friday,Uptown,Mobile,,Credit Card,CUST-3114,Espresso Shot,Beverage,2.47,1,2.47,2.47,1
ORD-000047,2025-12-20 08:13:47,Saturday,Riverside,In Store,,Cash,,Croissant,Pastry,3.26,1,3.26,3.26,1
ORD-002431,2025-12-20 08:19:50,Saturday,Uptown,Delivery,Grubhub,Mobile Wallet,CUST-3712,Latte,Beverage,4.77,1,4.77,4.77,1
ORD-001539,2025-12-20 09:22:22,Saturday,Campus,In Store,,Debit Card,,Turkey & Swiss Sandwich,Food,8.84,2,17.68,17.68,1
ORD-001613,2025-12-20 11:32:00,Saturday,Campus,In Store,,Credit Card,,Iced Tea,Beverage,3.16,1,3.16,13.89,3
ORD-001613,2025-12-20 11:32:00,Saturday,Campus,In Store,,Credit Card,,Avocado Toast,Food,8.44,1,8.44,13.89,3
ORD-001613,2025-12-20 11:32:00,Saturday,Campus,In Store,,Credit Card,,Bag of Chips,Snack,2.29,1,2.29,13.89,3
ORD-002509,2025-12-20 12:15:08,Saturday,Downtown,In Store,,Cash,,Mocha,Beverage,5.02,1,5.02,5.02,1
ORD-000464,2025-12-20 13:21:31,Saturday,Riverside,In Store,,Credit Card,,Chocolate Chip Cookie,Pastry,2.89,1,2.89,8.22,2
ORD-000464,2025-12-20 13:21:31,Saturday,Riverside,In Store,,Credit Card,,Mocha,Beverage,5.33,1,5.33,8.22,2
ORD-000342,2025-12-20 14:52:58,Saturday,Riverside,In Store,,Cash,,Cappuccino,Beverage,4.58,1,4.58,8.89,2
ORD-000342,2025-12-20 14:52:58,Saturday,Riverside,In Store,,Cash,,Fruit Cup,Snack,4.31,1,4.31,8.89,2
ORD-002146,2025-12-20 14:54:01,Saturday,Campus,Delivery,DoorDash,Credit Card,,Matcha Latte,Beverage,5.49,1,5.49,22.72,4
ORD-002146,2025-12-20 14:54:01,Saturday,Campus,Delivery,DoorDash,Credit Card,,Croissant,Pastry,3.55,2,7.1,22.72,4
ORD-002146,2025-12-20 14:54:01,Saturday,Campus,Delivery,DoorDash,Credit Card,,Breakfast Burrito,Food,7.18,1,7.18,22.72,4
ORD-002146,2025-12-20 14:54:01,Saturday,Campus,Delivery,DoorDash,Credit Card,,Drip Coffee,Beverage,2.95,1,2.95,22.72,4
ORD-002520,2025-12-20 17:05:23,Saturday,Uptown,In Store,,Debit Card,,Mocha,Beverage,4.72,1,4.72,27.03,5
ORD-002520,2025-12-20 17:05:23,Saturday,Uptown,In Store,,Debit Card,,Blueberry Muffin,Pastry,3.27,1,3.27,27.03,5
ORD-002520,2025-12-20 17:05:23,Saturday,Uptown,In Store,,Debit Card,,Chocolate Chip Cookie,Pastry,2.41,1,2.41,27.03,5
ORD-002520,2025-12-20 17:05:23,Saturday,Uptown,In Store,,Debit Card,,Cold Brew,Beverage,4.92,2,9.84,27.03,5
ORD-002520,2025-12-20 17:05:23,Saturday,Uptown,In Store,,Debit Card,,Protein Box,Snack,6.79,1,6.79,27.03,5
ORD-001326,2025-12-21 08:57:27,Sunday,Riverside,Mobile,,Credit Card,CUST-2792,Bagel w/ Cream Cheese,Pastry,3.71,1,3.71,17.93,4
ORD-001326,2025-12-21 08:57:27,Sunday,Riverside,Mobile,,Credit Card,CUST-2792,Espresso Shot,Beverage,2.81,1,2.81,17.93,4
ORD-001326,2025-12-21 08:57:27,Sunday,Riverside,Mobile,,Credit Card,CUST-2792,Fruit Cup,Snack,4.37,1,4.37,17.93,4
ORD-001326,2025-12-21 08:57:27,Sunday,Riverside,Mobile,,Credit Card,CUST-2792,Breakfast Burrito,Food,7.04,1,7.04,17.93,4
ORD-000131,2025-12-21 09:30:12,Sunday,Riverside,Delivery,Uber Eats,Mobile Wallet,CUST-4985,Bagel w/ Cream Cheese,Pastry,4.11,3,12.33,35.81,5
ORD-000131,2025-12-21 09:30:12,Sunday,Riverside,Delivery,Uber Eats,Mobile Wallet,CUST-4985,Hot Chocolate,Beverage,4.1,2,8.2,35.81,5
ORD-000131,2025-12-21 09:30:12,Sunday,Riverside,Delivery,Uber Eats,Mobile Wallet,CUST-4985,Fruit Cup,Snack,3.96,1,3.96,35.81,5
ORD-000131,2025-12-21 09:30:12,Sunday,Riverside,Delivery,Uber Eats,Mobile Wallet,CUST-4985,Mocha,Beverage,4.98,1,4.98,35.81,5
ORD-000131,2025-12-21 09:30:12,Sunday,Riverside,Delivery,Uber Eats,Mobile Wallet,CUST-4985,Grilled Cheese,Food,6.34,1,6.34,35.81,5
ORD-000498,2025-12-21 11:42:47,Sunday,Campus,Mobile,,Debit Card,CUST-3533,Grilled Cheese,Food,6.26,1,6.26,17.26,3
ORD-000498,2025-12-21 11:42:47,Sunday,Campus,Mobile,,Debit Card,CUST-3533,Breakfast Burrito,Food,7.52,1,7.52,17.26,3
ORD-000498,2025-12-21 11:42:47,Sunday,Campus,Mobile,,Debit Card,CUST-3533,Croissant,Pastry,3.48,1,3.48,17.26,3
ORD-001292,2025-12-21 15:28:14,Sunday,Uptown,Mobile,,Mobile Wallet,CUST-3471,Drip Coffee,Beverage,2.86,1,2.86,7.03,2
ORD-001292,2025-12-21 15:28:14,Sunday,Uptown,Mobile,,Mobile Wallet,CUST-3471,Hot Chocolate,Beverage,4.17,1,4.17,7.03,2
ORD-002082,2025-12-21 15:41:27,Sunday,Riverside,Delivery,DoorDash,Debit Card,,Bag of Chips,Snack,1.88,3,5.64,5.64,1
ORD-001984,2025-12-21 19:01:58,Sunday,Downtown,Delivery,Grubhub,Mobile Wallet,CUST-1180,Hot Chocolate,Beverage,3.81,1,3.81,3.81,1
ORD-000540,2025-12-22 07:08:03,Monday,Campus,Delivery,Uber Eats,Credit Card,,Caesar Salad,Food,8.3,2,16.6,19.64,2
ORD-000540,2025-12-22 07:08:03,Monday,Campus,Delivery,Uber Eats,Credit Card,,Americano,Beverage,3.04,1,3.04,19.64,2
ORD-000449,2025-12-22 08:14:19,Monday,Uptown,In Store,,Cash,,Cappuccino,Beverage,4.08,1,4.08,10.54,3
ORD-000449,2025-12-22 08:14:19,Monday,Uptown,In Store,,Cash,,Americano,Beverage,3.57,1,3.57,10.54,3
ORD-000449,2025-12-22 08:14:19,Monday,Uptown,In Store,,Cash,,Drip Coffee,Beverage,2.89,1,2.89,10.54,3
ORD-002102,2025-12-22 08:17:44,Monday,Downtown,Delivery,DoorDash,Credit Card,CUST-4516,Espresso Shot,Beverage,2.96,1,2.96,6.31,2
ORD-002102,2025-12-22 08:17:44,Monday,Downtown,Delivery,DoorDash,Credit Card,CUST-4516,Croissant,Pastry,3.35,1,3.35,6.31,2
ORD-002895,2025-12-22 08:34:23,Monday,Riverside,In Store,,Cash,CUST-2349,Cinnamon Roll,Pastry,4.35,1,4.35,4.35,1
ORD-000913,2025-12-22 10:34:18,Monday,Riverside,In Store,,Cash,,Mocha,Beverage,5.07,1,5.07,9.82,2
ORD-000913,2025-12-22 10:34:18,Monday,Riverside,In Store,,Cash,,Cappuccino,Beverage,4.75,1,4.75,9.82,2
ORD-001585,2025-12-22 11:30:51,Monday,Riverside,Mobile,,Credit Card,CUST-4504,Veggie Wrap,Food,7.64,1,7.64,7.64,1
ORD-001261,2025-12-22 12:00:58,Monday,Downtown,In Store,,Debit Card,,Fruit Cup,Snack,3.84,1,3.84,3.84,1
ORD-002177,2025-12-22 13:31:46,Monday,Campus,In Store,,Mobile Wallet,,Chocolate Chip Cookie,Pastry,2.89,1,2.89,2.89,1
ORD-000169,2025-12-22 13:36:50,Monday,Campus,In Store,,Debit Card,,Avocado Toast,Food,8.28,1,8.28,12.03,2
ORD-000169,2025-12-22 13:36:50,Monday,Campus,In Store,,Debit Card,,Americano,Beverage,3.75,1,3.75,12.03,2
ORD-001530,2025-12-22 13:47:04,Monday,Downtown,In Store,,Mobile Wallet,,Drip Coffee,Beverage,3.01,1,3.01,24.14,4
ORD-001530,2025-12-22 13:47:04,Monday,Downtown,In Store,,Mobile Wallet,,Veggie Wrap,Food,8.07,1,8.07,24.14,4
ORD-001530,2025-12-22 13:47:04,Monday,Downtown,In Store,,Mobile Wallet,,Matcha Latte,Beverage,4.79,2,9.58,24.14,4
ORD-001530,2025-12-22 13:47:04,Monday,Downtown,In Store,,Mobile Wallet,,Blueberry Muffin,Pastry,3.48,1,3.48,24.14,4
ORD-000653,2025-12-22 15:14:44,Monday,Riverside,In Store,,Cash,CUST-4484,Turkey & Swiss Sandwich,Food,8.35,1,8.35,8.35,1
ORD-000180,2025-12-22 17:59:11,Monday,Campus,In Store,,Debit Card,CUST-2288,Croissant,Pastry,3.74,1,3.74,30.36,3
ORD-000180,2025-12-22 17:59:11,Monday,Campus,In Store,,Debit Card,CUST-2288,Breakfast Burrito,Food,7.36,3,22.08,30.36,3
ORD-000180,2025-12-22 17:59:11,Monday,Campus,In Store,,Debit Card,CUST-2288,Latte,Beverage,4.54,1,4.54,30.36,3
ORD-002573,2025-12-22 19:13:47,Monday,Uptown,Mobile,,Mobile Wallet,CUST-3968,Iced Tea,Beverage,2.81,2,5.62,5.62,1
ORD-002454,2025-12-23 08:36:52,Tuesday,Uptown,Delivery,DoorDash,Credit Card,CUST-1458,Scone,Pastry,3.42,1,3.42,16.65,3
ORD-002454,2025-12-23 08:36:52,Tuesday,Uptown,Delivery,DoorDash,Credit Card,CUST-1458,Caesar Salad,Food,8.24,1,8.24,16.65,3
ORD-002454,2025-12-23 08:36:52,Tuesday,Uptown,Delivery,DoorDash,Credit Card,CUST-1458,Matcha Latte,Beverage,4.99,1,4.99,16.65,3
ORD-001268,2025-12-23 08:54:08,Tuesday,Campus,In Store,,Mobile Wallet,,Americano,Beverage,3.1,1,3.1,17.32,4
ORD-001268,2025-12-23 08:54:08,Tuesday,Campus,In Store,,Mobile Wallet,,Chai Latte,Beverage,4.5,1,4.5,17.32,4
ORD-001268,2025-12-23 08:54:08,Tuesday,Campus,In Store,,Mobile Wallet,,Grilled Cheese,Food,6.28,1,6.28,17.32,4
ORD-001268,2025-12-23 08:54:08,Tuesday,Campus,In Store,,Mobile Wallet,,Croissant,Pastry,3.44,1,3.44,17.32,4
ORD-000133,2025-12-23 09:06:39,Tuesday,Uptown,Mobile,,Credit Card,CUST-1207,Veggie Wrap,Food,7.6,1,7.6,15.43,3
ORD-000133,2025-12-23 09:06:39,Tuesday,Uptown,Mobile,,Credit Card,CUST-1207,Scone,Pastry,3.23,1,3.23,15.43,3
ORD-000133,2025-12-23 09:06:39,Tuesday,Uptown,Mobile,,Credit Card,CUST-1207,Chai Latte,Beverage,4.6,1,4.6,15.43,3
ORD-002551,2025-12-23 09:22:49,Tuesday,Downtown,Mobile,,Credit Card,CUST-4693,Blueberry Muffin,Pastry,3.43,1,3.43,3.43,1
ORD-002964,2025-12-23 09:55:49,Tuesday,Campus,Delivery,Uber Eats,Credit Card,CUST-4335,Croissant,Pastry,3.86,1,3.86,3.86,1
ORD-001650,2025-12-23 12:15:05,Tuesday,Downtown,In Store,,Debit Card,CUST-1265,Chocolate Chip Cookie,Pastry,2.56,1,2.56,2.56,1
ORD-000233,2025-12-23 13:55:14,Tuesday,Campus,In Store,,Debit Card,CUST-2707,Cappuccino,Beverage,4.69,1,4.69,9.75,2
ORD-000233,2025-12-23 13:55:14,Tuesday,Campus,In Store,,Debit Card,CUST-2707,Mocha,Beverage,5.06,1,5.06,9.75,2
ORD-002833,2025-12-23 14:49:05,Tuesday,Campus,Mobile,,Debit Card,CUST-2205,Croissant,Pastry,3.38,1,3.38,32.99,5
ORD-002833,2025-12-23 14:49:05,Tuesday,Campus,Mobile,,Debit Card,CUST-2205,Veggie Wrap,Food,7.71,1,7.71,32.99,5
ORD-002833,2025-12-23 14:49:05,Tuesday,Campus,Mobile,,Debit Card,CUST-2205,Matcha Latte,Beverage,5.06,1,5.06,32.99,5
ORD-002833,2025-12-23 14:49:05,Tuesday,Campus,Mobile,,Debit Card,CUST-2205,Iced Tea,Beverage,3.44,2,6.88,32.99,5
ORD-002833,2025-12-23 14:49:05,Tuesday,Campus,Mobile,,Debit Card,CUST-2205,Latte,Beverage,4.98,2,9.96,32.99,5
ORD-002713,2025-12-23 16:13:08,Tuesday,Uptown,In Store,,Mobile Wallet,,Cold Brew,Beverage,5.07,1,5.07,13.51,2
ORD-002713,2025-12-23 16:13:08,Tuesday,Uptown,In Store,,Mobile Wallet,,Cappuccino,Beverage,4.22,2,8.44,13.51,2
ORD-002750,2025-12-23 16:41:52,Tuesday,Downtown,In Store,,Credit Card,,Mocha,Beverage,4.93,2,9.86,18.48,2
ORD-002750,2025-12-23 16:41:52,Tuesday,Downtown,In Store,,Credit Card,,Turkey & Swiss Sandwich,Food,8.62,1,8.62,18.48,2
ORD-002436,2025-12-23 17:08:48,Tuesday,Uptown,In Store,,Credit Card,,Iced Tea,Beverage,2.84,1,2.84,2.84,1
ORD-000344,2025-12-24 08:03:43,Wednesday,Campus,Mobile,,Debit Card,CUST-4083,Cappuccino,Beverage,4.1,1,4.1,7.47,2
ORD-000344,2025-12-24 08:03:43,Wednesday,Campus,Mobile,,Debit Card,CUST-4083,Scone,Pastry,3.37,1,3.37,7.47,2
ORD-000477,2025-12-24 09:04:22,Wednesday,Riverside,In Store,,Mobile Wallet,,Veggie Wrap,Food,7.6,1,7.6,16.38,3
ORD-000477,2025-12-24 09:04:22,Wednesday,Riverside,In Store,,Mobile Wallet,,Cold Brew,Beverage,4.97,1,4.97,16.38,3
ORD-000477,2025-12-24 09:04:22,Wednesday,Riverside,In Store,,Mobile Wallet,,Cinnamon Roll,Pastry,3.81,1,3.81,16.38,3
ORD-002995,2025-12-24 09:49:37,Wednesday,Campus,Delivery,Uber Eats,Debit Card,,Turkey & Swiss Sandwich,Food,8.6,2,17.2,25.88,3
ORD-002995,2025-12-24 09:49:37,Wednesday,Campus,Delivery,Uber Eats,Debit Card,,Americano,Beverage,3.61,1,3.61,25.88,3
ORD-002995,2025-12-24 09:49:37,Wednesday,Campus,Delivery,Uber Eats,Debit Card,,Cold Brew,Beverage,5.07,1,5.07,25.88,3
ORD-002918,2025-12-24 11:42:20,Wednesday,Riverside,Mobile,,Mobile Wallet,CUST-1512,Iced Tea,Beverage,2.98,1,2.98,2.98,1
ORD-001723,2025-12-24 13:29:01,Wednesday,Uptown,In Store,,Cash,CUST-3275,Chai Latte,Beverage,4.77,2,9.54,20.71,3
ORD-001723,2025-12-24 13:29:01,Wednesday,Uptown,In Store,,Cash,CUST-3275,Fruit Cup,Snack,4.22,2,8.44,20.71,3
ORD-001723,2025-12-24 13:29:01,Wednesday,Uptown,In Store,,Cash,CUST-3275,Espresso Shot,Beverage,2.73,1,2.73,20.71,3
ORD-000157,2025-12-24 13:51:58,Wednesday,Downtown,In Store,,Credit Card,CUST-3538,Croissant,Pastry,3.55,1,3.55,5.6,2
ORD-000157,2025-12-24 13:51:58,Wednesday,Downtown,In Store,,Credit Card,CUST-3538,Bag of Chips,Snack,2.05,1,2.05,5.6,2
ORD-002868,2025-12-24 14:42:44,Wednesday,Uptown,In Store,,Cash,,Chocolate Chip Cookie,Pastry,3.0,2,6.0,9.21,2
ORD-002868,2025-12-24 14:42:44,Wednesday,Uptown,In Store,,Cash,,Drip Coffee,Beverage,3.21,1,3.21,9.21,2
ORD-002657,2025-12-25 06:03:59,Thursday,Campus,In Store,,Cash,CUST-1495,Americano,Beverage,3.3,1,3.3,3.3,1
ORD-001104,2025-12-25 06:35:30,Thursday,Downtown,In Store,,Mobile Wallet,,Cinnamon Roll,Pastry,3.99,1,3.99,40.47,5
ORD-001104,2025-12-25 06:35:30,Thursday,Downtown,In Store,,Mobile Wallet,,Cold Brew,Beverage,5.18,1,5.18,40.47,5
ORD-001104,2025-12-25 06:35:30,Thursday,Downtown,In Store,,Mobile Wallet,,Granola & Yogurt Cup,Snack,5.37,1,5.37,40.47,5
ORD-001104,2025-12-25 06:35:30,Thursday,Downtown,In Store,,Mobile Wallet,,Drip Coffee,Beverage,2.92,1,2.92,40.47,5
ORD-001104,2025-12-25 06:35:30,Thursday,Downtown,In Store,,Mobile Wallet,,Veggie Wrap,Food,7.67,3,23.01,40.47,5
ORD-001355,2025-12-25 06:57:30,Thursday,Downtown,In Store,,Cash,,Croissant,Pastry,3.25,1,3.25,7.55,2
ORD-001355,2025-12-25 06:57:30,Thursday,Downtown,In Store,,Cash,,Bag of Chips,Snack,2.15,2,4.3,7.55,2
ORD-002272,2025-12-25 12:07:10,Thursday,Uptown,In Store,,Mobile Wallet,,Avocado Toast,Food,7.89,1,7.89,25.49,4
ORD-002272,2025-12-25 12:07:10,Thursday,Uptown,In Store,,Mobile Wallet,,Americano,Beverage,3.44,1,3.44,25.49,4
ORD-002272,2025-12-25 12:07:10,Thursday,Uptown,In Store,,Mobile Wallet,,Espresso Shot,Beverage,2.97,3,8.91,25.49,4
ORD-002272,2025-12-25 12:07:10,Thursday,Uptown,In Store,,Mobile Wallet,,Mocha,Beverage,5.25,1,5.25,25.49,4
ORD-001524,2025-12-25 15:34:55,Thursday,Campus,In Store,,Cash,,Bag of Chips,Snack,1.8,1,1.8,1.8,1
ORD-000207,2025-12-25 17:29:47,Thursday,Downtown,In Store,,Credit Card,,Latte,Beverage,4.45,1,4.45,12.87,2
ORD-000207,2025-12-25 17:29:47,Thursday,Downtown,In Store,,Credit Card,,Avocado Toast,Food,8.42,1,8.42,12.87,2
ORD-001593,2025-12-25 18:25:25,Thursday,Campus,Delivery,Uber Eats,Credit Card,CUST-3287,Blueberry Muffin,Pastry,3.47,1,3.47,7.97,2
ORD-001593,2025-12-25 18:25:25,Thursday,Campus,Delivery,Uber Eats,Credit Card,CUST-3287,Chai Latte,Beverage,4.5,1,4.5,7.97,2
ORD-001631,2025-12-26 08:09:59,Friday,Riverside,In Store,,Cash,CUST-3194,Fruit Cup,Snack,4.16,2,8.32,30.28,5
ORD-001631,2025-12-26 08:09:59,Friday,Riverside,In Store,,Cash,CUST-3194,Veggie Wrap,Food,7.83,1,7.83,30.28,5
ORD-001631,2025-12-26 08:09:59,Friday,Riverside,In Store,,Cash,CUST-3194,Iced Tea,Beverage,3.31,1,3.31,30.28,5
ORD-001631,2025-12-26 08:09:59,Friday,Riverside,In Store,,Cash,CUST-3194,Americano,Beverage,3.58,2,7.16,30.28,5
ORD-001631,2025-12-26 08:09:59,Friday,Riverside,In Store,,Cash,CUST-3194,Blueberry Muffin,Pastry,3.66,1,3.66,30.28,5
ORD-002913,2025-12-26 08:33:11,Friday,Riverside,Delivery,DoorDash,Mobile Wallet,,Granola & Yogurt Cup,Snack,5.09,2,10.18,10.18,1
ORD-000784,2025-12-26 08:44:06,Friday,Riverside,In Store,,Cash,CUST-2919,Cappuccino,Beverage,4.66,1,4.66,7.92,2
ORD-000784,2025-12-26 08:44:06,Friday,Riverside,In Store,,Cash,CUST-2919,Croissant,Pastry,3.26,1,3.26,7.92,2
ORD-002832,2025-12-26 09:58:34,Friday,Campus,In Store,,Debit Card,CUST-2783,Grilled Cheese,Food,7.0,1,7.0,7.0,1
ORD-002806,2025-12-26 11:55:20,Friday,Downtown,In Store,,Credit Card,,Granola & Yogurt Cup,Snack,4.95,1,4.95,4.95,1
ORD-000266,2025-12-26 12:20:45,Friday,Uptown,Mobile,,Credit Card,CUST-1858,Hot Chocolate,Beverage,4.0,1,4.0,29.47,2
ORD-000266,2025-12-26 12:20:45,Friday,Uptown,Mobile,,Credit Card,CUST-1858,Caesar Salad,Food,8.49,3,25.47,29.47,2
ORD-002734,2025-12-26 15:12:29,Friday,Campus,Mobile,,Credit Card,CUST-1194,Bagel w/ Cream Cheese,Pastry,3.98,1,3.98,7.92,2
ORD-002734,2025-12-26 15:12:29,Friday,Campus,Mobile,,Credit Card,CUST-1194,Cinnamon Roll,Pastry,3.94,1,3.94,7.92,2
ORD-001243,2025-12-27 07:23:28,Saturday,Riverside,Mobile,,Credit Card,CUST-2491,Bag of Chips,Snack,2.49,1,2.49,30.44,5
ORD-001243,2025-12-27 07:23:28,Saturday,Riverside,Mobile,,Credit Card,CUST-2491,Mocha,Beverage,5.38,2,10.76,30.44,5
ORD-001243,2025-12-27 07:23:28,Saturday,Riverside,Mobile,,Credit Card,CUST-2491,Avocado Toast,Food,7.73,1,7.73,30.44,5
ORD-001243,2025-12-27 07:23:28,Saturday,Riverside,Mobile,,Credit Card,CUST-2491,Cold Brew,Beverage,4.53,1,4.53,30.44,5
ORD-001243,2025-12-27 07:23:28,Saturday,Riverside,Mobile,,Credit Card,CUST-2491,Granola & Yogurt Cup,Snack,4.93,1,4.93,30.44,5
ORD-000848,2025-12-27 08:42:45,Saturday,Riverside,In Store,,Cash,CUST-4239,Granola & Yogurt Cup,Snack,5.34,1,5.34,13.75,2
ORD-000848,2025-12-27 08:42:45,Saturday,Riverside,In Store,,Cash,CUST-4239,Turkey & Swiss Sandwich,Food,8.41,1,8.41,13.75,2
ORD-002357,2025-12-27 10:47:51,Saturday,Uptown,In Store,,Credit Card,CUST-3395,Veggie Wrap,Food,7.94,1,7.94,23.19,4
ORD-002357,2025-12-27 10:47:51,Saturday,Uptown,In Store,,Credit Card,CUST-3395,Caesar Salad,Food,8.38,1,8.38,23.19,4
ORD-002357,2025-12-27 10:47:51,Saturday,Uptown,In Store,,Credit Card,CUST-3395,Hot Chocolate,Beverage,3.66,1,3.66,23.19,4
ORD-002357,2025-12-27 10:47:51,Saturday,Uptown,In Store,,Credit Card,CUST-3395,Americano,Beverage,3.21,1,3.21,23.19,4
ORD-001398,2025-12-27 13:04:02,Saturday,Campus,Delivery,Grubhub,Debit Card,,Bag of Chips,Snack,1.97,1,1.97,1.97,1
ORD-002015,2025-12-27 14:53:03,Saturday,Riverside,Delivery,DoorDash,Mobile Wallet,CUST-1380,Hot Chocolate,Beverage,4.23,1,4.23,4.23,1
ORD-000177,2025-12-27 15:04:36,Saturday,Uptown,In Store,,Debit Card,CUST-2874,Caesar Salad,Food,8.4,2,16.8,16.8,1
ORD-000359,2025-12-27 15:33:06,Saturday,Downtown,In Store,,Credit Card,,Granola & Yogurt Cup,Snack,5.09,1,5.09,9.38,2
ORD-000359,2025-12-27 15:33:06,Saturday,Downtown,In Store,,Credit Card,,Latte,Beverage,4.29,1,4.29,9.38,2
ORD-002176,2025-12-27 15:48:51,Saturday,Uptown,Delivery,DoorDash,Credit Card,,Fruit Cup,Snack,4.37,1,4.37,15.19,3
ORD-002176,2025-12-27 15:48:51,Saturday,Uptown,Delivery,DoorDash,Credit Card,,Latte,Beverage,4.37,1,4.37,15.19,3
ORD-002176,2025-12-27 15:48:51,Saturday,Uptown,Delivery,DoorDash,Credit Card,,Grilled Cheese,Food,6.45,1,6.45,15.19,3
ORD-000147,2025-12-27 16:15:47,Saturday,Campus,In Store,,Credit Card,,Latte,Beverage,4.8,2,9.6,16.22,3
ORD-000147,2025-12-27 16:15:47,Saturday,Campus,In Store,,Credit Card,,Espresso Shot,Beverage,2.7,1,2.7,16.22,3
ORD-000147,2025-12-27 16:15:47,Saturday,Campus,In Store,,Credit Card,,Fruit Cup,Snack,3.92,1,3.92,16.22,3
ORD-001474,2025-12-27 16:15:53,Saturday,Riverside,Mobile,,Credit Card,CUST-4461,Mocha,Beverage,5.26,2,10.52,10.52,1
ORD-002819,2025-12-27 16:30:03,Saturday,Riverside,Delivery,Grubhub,Credit Card,,Bagel w/ Cream Cheese,Pastry,3.9,1,3.9,3.9,1
ORD-000987,2025-12-27 17:09:49,Saturday,Riverside,Mobile,,Debit Card,CUST-2610,Veggie Wrap,Food,8.19,2,16.38,16.38,1
ORD-001678,2025-12-28 07:43:19,Sunday,Downtown,Delivery,Uber Eats,Credit Card,,Scone,Pastry,3.49,2,6.98,14.56,3
ORD-001678,2025-12-28 07:43:19,Sunday,Downtown,Delivery,Uber Eats,Credit Card,,Cold Brew,Beverage,4.59,1,4.59,14.56,3
ORD-001678,2025-12-28 07:43:19,Sunday,Downtown,Delivery,Uber Eats,Credit Card,,Drip Coffee,Beverage,2.99,1,2.99,14.56,3
ORD-000954,2025-12-28 12:18:10,Sunday,Riverside,In Store,,Cash,CUST-4554,Bagel w/ Cream Cheese,Pastry,3.74,1,3.74,3.74,1
ORD-002852,2025-12-28 13:09:30,Sunday,Riverside,In Store,,Mobile Wallet,CUST-3938,Matcha Latte,Beverage,4.87,2,9.74,14.72,2
ORD-002852,2025-12-28 13:09:30,Sunday,Riverside,In Store,,Mobile Wallet,CUST-3938,Bag of Chips,Snack,2.49,2,4.98,14.72,2
ORD-001893,2025-12-28 13:33:24,Sunday,Uptown,Mobile,,Debit Card,CUST-2817,Americano,Beverage,3.49,2,6.98,6.98,1
ORD-000586,2025-12-28 13:44:42,Sunday,Riverside,Mobile,,Mobile Wallet,CUST-2865,Espresso Shot,Beverage,2.75,1,2.75,19.9,4
ORD-000586,2025-12-28 13:44:42,Sunday,Riverside,Mobile,,Mobile Wallet,CUST-2865,Matcha Latte,Beverage,4.84,1,4.84,19.9,4
ORD-000586,2025-12-28 13:44:42,Sunday,Riverside,Mobile,,Mobile Wallet,CUST-2865,Chai Latte,Beverage,4.78,1,4.78,19.9,4
ORD-000586,2025-12-28 13:44:42,Sunday,Riverside,Mobile,,Mobile Wallet,CUST-2865,Breakfast Burrito,Food,7.53,1,7.53,19.9,4
ORD-002869,2025-12-28 18:54:28,Sunday,Uptown,In Store,,Credit Card,,Caesar Salad,Food,8.07,2,16.14,24.27,2
ORD-002869,2025-12-28 18:54:28,Sunday,Uptown,In Store,,Credit Card,,Veggie Wrap,Food,8.13,1,8.13,24.27,2
ORD-002473,2025-12-29 06:03:29,Monday,Uptown,Mobile,,Debit Card,CUST-2630,Iced Tea,Beverage,3.43,1,3.43,18.1,3
ORD-002473,2025-12-29 06:03:29,Monday,Uptown,Mobile,,Debit Card,CUST-2630,Chai Latte,Beverage,4.29,1,4.29,18.1,3
ORD-002473,2025-12-29 06:03:29,Monday,Uptown,Mobile,,Debit Card,CUST-2630,Cold Brew,Beverage,5.19,2,10.38,18.1,3
ORD-002139,2025-12-29 08:05:14,Monday,Riverside,In Store,,Debit Card,,Scone,Pastry,3.19,3,9.57,9.57,1
ORD-000531,2025-12-29 11:15:42,Monday,Riverside,Delivery,Uber Eats,Credit Card,,Grilled Cheese,Food,6.94,1,6.94,6.94,1
ORD-001933,2025-12-29 12:23:50,Monday,Downtown,In Store,,Credit Card,,Chai Latte,Beverage,4.82,1,4.82,26.38,4
ORD-001933,2025-12-29 12:23:50,Monday,Downtown,In Store,,Credit Card,,Mocha,Beverage,4.84,2,9.68,26.38,4
ORD-001933,2025-12-29 12:23:50,Monday,Downtown,In Store,,Credit Card,,Fruit Cup,Snack,4.18,2,8.36,26.38,4
ORD-001933,2025-12-29 12:23:50,Monday,Downtown,In Store,,Credit Card,,Croissant,Pastry,3.52,1,3.52,26.38,4
ORD-000434,2025-12-29 13:42:50,Monday,Uptown,In Store,,Cash,CUST-2296,Cinnamon Roll,Pastry,3.9,1,3.9,9.15,2
ORD-000434,2025-12-29 13:42:50,Monday,Uptown,In Store,,Cash,CUST-2296,Matcha Latte,Beverage,5.25,1,5.25,9.15,2
ORD-000726,2025-12-29 18:49:42,Monday,Uptown,In Store,,Debit Card,,Avocado Toast,Food,7.75,2,15.5,23.05,2
ORD-000726,2025-12-29 18:49:42,Monday,Uptown,In Store,,Debit Card,,Breakfast Burrito,Food,7.55,1,7.55,23.05,2
ORD-002704,2025-12-29 19:38:48,Monday,Riverside,In Store,,Mobile Wallet,CUST-4459,Americano,Beverage,3.74,1,3.74,17.09,4
ORD-002704,2025-12-29 19:38:48,Monday,Riverside,In Store,,Mobile Wallet,CUST-4459,Cinnamon Roll,Pastry,4.24,1,4.24,17.09,4
ORD-002704,2025-12-29 19:38:48,Monday,Riverside,In Store,,Mobile Wallet,CUST-4459,Granola & Yogurt Cup,Snack,4.83,1,4.83,17.09,4
ORD-002704,2025-12-29 19:38:48,Monday,Riverside,In Store,,Mobile Wallet,CUST-4459,Cappuccino,Beverage,4.28,1,4.28,17.09,4
ORD-002545,2025-12-29 20:43:38,Monday,Campus,Mobile,,Mobile Wallet,CUST-2014,Breakfast Burrito,Food,7.05,1,7.05,7.05,1
ORD-002417,2025-12-30 07:42:17,Tuesday,Riverside,Delivery,Uber Eats,Mobile Wallet,CUST-2501,Cold Brew,Beverage,4.67,1,4.67,4.67,1
ORD-002572,2025-12-30 07:54:47,Tuesday,Uptown,In Store,,Cash,CUST-1522,Scone,Pastry,3.48,1,3.48,3.48,1
ORD-001588,2025-12-30 08:46:34,Tuesday,Uptown,Mobile,,Credit Card,CUST-1559,Cold Brew,Beverage,4.57,1,4.57,4.57,1
ORD-002162,2025-12-30 08:51:11,Tuesday,Riverside,In Store,,Debit Card,CUST-4067,Avocado Toast,Food,8.33,1,8.33,18.26,2
ORD-002162,2025-12-30 08:51:11,Tuesday,Riverside,In Store,,Debit Card,CUST-4067,Iced Tea,Beverage,3.31,3,9.93,18.26,2
ORD-001637,2025-12-30 09:11:46,Tuesday,Riverside,In Store,,Debit Card,,Bagel w/ Cream Cheese,Pastry,3.55,1,3.55,20.2,4
ORD-001637,2025-12-30 09:11:46,Tuesday,Riverside,In Store,,Debit Card,,Matcha Latte,Beverage,4.76,1,4.76,20.2,4
ORD-001637,2025-12-30 09:11:46,Tuesday,Riverside,In Store,,Debit Card,,Granola & Yogurt Cup,Snack,4.82,1,4.82,20.2,4
ORD-001637,2025-12-30 09:11:46,Tuesday,Riverside,In Store,,Debit Card,,Breakfast Burrito,Food,7.07,1,7.07,20.2,4
ORD-001817,2025-12-30 12:37:56,Tuesday,Campus,In Store,,Credit Card,,Mocha,Beverage,4.71,1,4.71,4.71,1
ORD-001549,2025-12-30 13:03:33,Tuesday,Riverside,In Store,,Credit Card,CUST-4819,Breakfast Burrito,Food,7.42,2,14.84,19.5,2
ORD-001549,2025-12-30 13:03:33,Tuesday,Riverside,In Store,,Credit Card,CUST-4819,Chocolate Chip Cookie,Pastry,2.33,2,4.66,19.5,2
ORD-001931,2025-12-30 14:41:00,Tuesday,Uptown,In Store,,Debit Card,,Grilled Cheese,Food,6.3,1,6.3,37.88,5
ORD-001931,2025-12-30 14:41:00,Tuesday,Uptown,In Store,,Debit Card,,Latte,Beverage,4.26,1,4.26,37.88,5
ORD-001931,2025-12-30 14:41:00,Tuesday,Uptown,In Store,,Debit Card,,Breakfast Burrito,Food,7.42,2,14.84,37.88,5
ORD-001931,2025-12-30 14:41:00,Tuesday,Uptown,In Store,,Debit Card,,Cinnamon Roll,Pastry,4.05,1,4.05,37.88,5
ORD-001931,2025-12-30 14:41:00,Tuesday,Uptown,In Store,,Debit Card,,Caesar Salad,Food,8.43,1,8.43,37.88,5
ORD-001277,2025-12-31 07:38:36,Wednesday,Riverside,Mobile,,Credit Card,CUST-1823,Chai Latte,Beverage,4.46,3,13.38,27.86,2
ORD-001277,2025-12-31 07:38:36,Wednesday,Riverside,Mobile,,Credit Card,CUST-1823,Protein Box,Snack,7.24,2,14.48,27.86,2
ORD-002169,2025-12-31 11:52:05,Wednesday,Uptown,In Store,,Cash,,Cinnamon Roll,Pastry,3.96,1,3.96,25.75,4
ORD-002169,2025-12-31 11:52:05,Wednesday,Uptown,In Store,,Cash,,Latte,Beverage,4.95,2,9.9,25.75,4
ORD-002169,2025-12-31 11:52:05,Wednesday,Uptown,In Store,,Cash,,Caesar Salad,Food,8.43,1,8.43,25.75,4
ORD-002169,2025-12-31 11:52:05,Wednesday,Uptown,In Store,,Cash,,Scone,Pastry,3.46,1,3.46,25.75,4
ORD-000198,2025-12-31 12:26:27,Wednesday,Downtown,Mobile,,Mobile Wallet,CUST-3197,Espresso Shot,Beverage,2.31,1,2.31,13.27,2
ORD-000198,2025-12-31 12:26:27,Wednesday,Downtown,Mobile,,Mobile Wallet,CUST-3197,Matcha Latte,Beverage,5.48,2,10.96,13.27,2
ORD-001845,2025-12-31 14:16:57,Wednesday,Campus,In Store,,Cash,,Cold Brew,Beverage,5.13,3,15.39,34.46,3
ORD-001845,2025-12-31 14:16:57,Wednesday,Campus,In Store,,Cash,,Iced Tea,Beverage,3.49,1,3.49,34.46,3
ORD-001845,2025-12-31 14:16:57,Wednesday,Campus,In Store,,Cash,,Avocado Toast,Food,7.79,2,15.58,34.46,3
ORD-001989,2025-12-31 15:34:14,Wednesday,Campus,In Store,,Mobile Wallet,,Breakfast Burrito,Food,7.43,1,7.43,15.32,2
ORD-001989,2025-12-31 15:34:14,Wednesday,Campus,In Store,,Mobile Wallet,,Avocado Toast,Food,7.89,1,7.89,15.32,2
ORD-000650,2025-12-31 15:50:00,Wednesday,Uptown,Mobile,,Mobile Wallet,CUST-1600,Blueberry Muffin,Pastry,3.6,1,3.6,3.6,1
ORD-002710,2025-12-31 16:03:55,Wednesday,Downtown,In Store,,Cash,CUST-3678,Fruit Cup,Snack,4.22,2,8.44,13.61,2
ORD-002710,2025-12-31 16:03:55,Wednesday,Downtown,In Store,,Cash,CUST-3678,Mocha,Beverage,5.17,1,5.17,13.61,2
ORD-000362,2025-12-31 17:56:29,Wednesday,Riverside,In Store,,Credit Card,,Americano,Beverage,3.48,1,3.48,3.48,1
